Datetime,BTC,MSTR
2024-02-20 14:00:00+00:00,52013.22265625,68.6500015258789
2024-02-20 15:00:00+00:00,51707.67578125,69.80599975585938
2024-02-20 16:00:00+00:00,51370.734375,67.69999694824219
2024-02-20 17:00:00+00:00,51312.4921875,68.50312042236328
2024-02-20 18:00:00+00:00,51500.45703125,69.59700012207031
2024-02-20 19:00:00+00:00,52080.46875,70.24549865722656
2024-02-20 20:00:00+00:00,52041.14453125,70.58065032958984
2024-02-21 14:00:00+00:00,50898.1328125,67.80799865722656
2024-02-21 15:00:00+00:00,51126.1875,68.05699920654297
2024-02-21 16:00:00+00:00,51363.37109375,67.08399963378906
2024-02-21 17:00:00+00:00,50926.88671875,67.12300109863281
2024-02-21 18:00:00+00:00,50864.49609375,67.40250396728516
2024-02-21 19:00:00+00:00,51033.4453125,66.76499938964844
2024-02-21 20:00:00+00:00,50899.7578125,67.29100036621094
2024-02-22 14:00:00+00:00,51375.203125,70.71000671386719
2024-02-22 15:00:00+00:00,51578.296875,70.36100006103516
2024-02-22 16:00:00+00:00,51455.24609375,71.71099853515625
2024-02-22 17:00:00+00:00,51707.0234375,70.87000274658203
2024-02-22 18:00:00+00:00,51700.83984375,70.94749450683594
2024-02-22 19:00:00+00:00,51490.86328125,71.03199768066406
2024-02-22 20:00:00+00:00,51896.9765625,71.31500244140625
2024-02-23 14:00:00+00:00,51091.66796875,69.16600036621094
2024-02-23 15:00:00+00:00,50909.08984375,68.3530044555664
2024-02-23 16:00:00+00:00,51019.31640625,69.19999694824219
2024-02-23 17:00:00+00:00,51133.71484375,69.30900573730469
2024-02-23 18:00:00+00:00,51092.1640625,68.90699768066406
2024-02-23 19:00:00+00:00,51068.0546875,68.49400329589844
2024-02-23 20:00:00+00:00,51079.02734375,68.70899963378906
2024-02-26 14:00:00+00:00,51724.62890625,78.35050201416016
2024-02-26 15:00:00+00:00,52765.24609375,78.8499984741211
2024-02-26 16:00:00+00:00,53412.2109375,78.0332260131836
2024-02-26 17:00:00+00:00,53495.93359375,78.802001953125
2024-02-26 18:00:00+00:00,53572.4921875,79.49299621582031
2024-02-26 19:00:00+00:00,54454.1171875,79.66799926757812
2024-02-26 20:00:00+00:00,54454.52734375,79.52899932861328
2024-02-27 14:00:00+00:00,57046.890625,86.13050079345703
2024-02-27 15:00:00+00:00,56788.875,87.21903228759766
2024-02-27 16:00:00+00:00,57045.44921875,87.30699920654297
2024-02-27 17:00:00+00:00,56757.83984375,86.9020004272461
2024-02-27 18:00:00+00:00,57115.94140625,87.06649780273438
2024-02-27 19:00:00+00:00,57352.046875,88.16500091552734
2024-02-27 20:00:00+00:00,56760.44140625,87.18000030517578
2024-02-28 14:00:00+00:00,61146.53125,96.29350280761719
2024-02-28 15:00:00+00:00,60961.44140625,96.6760025024414
2024-02-28 16:00:00+00:00,62513.48828125,97.96800231933594
2024-02-28 17:00:00+00:00,61387.96484375,94.5999984741211
2024-02-28 18:00:00+00:00,61200.0625,98.23400115966797
2024-02-28 19:00:00+00:00,61013.68359375,95.08350372314453
2024-02-28 20:00:00+00:00,60384.125,96.0999984741211
2024-02-29 14:00:00+00:00,62930.42578125,102.37300109863281
2024-02-29 15:00:00+00:00,62829.76953125,96.47999572753906
2024-02-29 16:00:00+00:00,62275.6796875,97.30000305175781
2024-02-29 17:00:00+00:00,61053.1875,98.63999938964844
2024-02-29 18:00:00+00:00,60828.640625,98.19999694824219
2024-02-29 19:00:00+00:00,61568.13671875,102.0
2024-02-29 20:00:00+00:00,62167.9921875,102.24899291992188
2024-03-01 14:00:00+00:00,61932.8984375,103.91999816894531
2024-03-01 15:00:00+00:00,61256.38671875,102.947998046875
2024-03-01 16:00:00+00:00,61461.9609375,104.30999755859375
2024-03-01 17:00:00+00:00,61899.55078125,104.84700012207031
2024-03-01 18:00:00+00:00,62388.91015625,104.04499816894531
2024-03-01 19:00:00+00:00,62201.09765625,103.6969985961914
2024-03-01 20:00:00+00:00,63155.1015625,107.95999908447266
2024-03-04 14:00:00+00:00,66284.2109375,129.1949920654297
2024-03-04 15:00:00+00:00,66475.5078125,131.33599853515625
2024-03-04 16:00:00+00:00,66555.875,130.08900451660156
2024-03-04 17:00:00+00:00,67169.515625,126.02149963378906
2024-03-04 18:00:00+00:00,66636.4453125,130.98001098632812
2024-03-04 19:00:00+00:00,67481.8671875,133.5
2024-03-04 20:00:00+00:00,67807.90625,133.32949829101562
2024-03-05 14:00:00+00:00,68743.4921875,121.46099853515625
2024-03-05 15:00:00+00:00,66919.59375,111.62300109863281
2024-03-05 16:00:00+00:00,65266.7265625,118.04000091552734
2024-03-05 17:00:00+00:00,65544.4765625,118.19520568847656
2024-03-05 18:00:00+00:00,64125.20703125,114.70399475097656
2024-03-05 19:00:00+00:00,61211.64453125,115.03299713134766
2024-03-05 20:00:00+00:00,61980.03125,105.00300598144531
2024-03-06 14:00:00+00:00,66012.1640625,116.24300384521484
2024-03-06 15:00:00+00:00,66464.0625,123.343994140625
2024-03-06 16:00:00+00:00,67126.8359375,125.30000305175781
2024-03-06 17:00:00+00:00,67233.3359375,126.12449645996094
2024-03-06 18:00:00+00:00,67061.40625,127.21199798583984
2024-03-06 19:00:00+00:00,66877.2578125,123.72309875488281
2024-03-06 20:00:00+00:00,67231.453125,124.61997985839844
2024-03-07 14:00:00+00:00,67007.09375,124.00508117675781
2024-03-07 15:00:00+00:00,67482.9609375,127.1290054321289
2024-03-07 16:00:00+00:00,67341.5390625,129.64999389648438
2024-03-07 17:00:00+00:00,67622.5703125,129.6999969482422
2024-03-07 18:00:00+00:00,67677.9609375,128.18699645996094
2024-03-07 19:00:00+00:00,67573.1015625,130.3000030517578
2024-03-07 20:00:00+00:00,67658.46875,130.0
2024-03-08 14:00:00+00:00,68576.703125,142.7989959716797
2024-03-08 15:00:00+00:00,68031.046875,130.0
2024-03-08 16:00:00+00:00,67947.0234375,135.60000610351562
2024-03-08 17:00:00+00:00,68550.25,137.0540008544922
2024-03-08 18:00:00+00:00,68728.2265625,138.6009979248047
2024-03-08 19:00:00+00:00,68889.7734375,140.96800231933594
2024-03-08 20:00:00+00:00,69204.359375,142.5019989013672
2024-03-11 13:00:00+00:00,71540.875,155.59500122070312
2024-03-11 14:00:00+00:00,72219.859375,159.802001953125
2024-03-11 15:00:00+00:00,72109.8515625,161.6999969482422
2024-03-11 16:00:00+00:00,72605.6640625,162.7760009765625
2024-03-11 17:00:00+00:00,72511.4140625,162.4810028076172
2024-03-11 18:00:00+00:00,72506.765625,154.7239990234375
2024-03-11 19:00:00+00:00,71918.234375,148.84100341796875
2024-03-12 13:00:00+00:00,72250.25,153.35198974609375
2024-03-12 14:00:00+00:00,71739.734375,154.98500061035156
2024-03-12 15:00:00+00:00,71673.359375,149.0780029296875
2024-03-12 16:00:00+00:00,70525.9453125,144.66400146484375
2024-03-12 17:00:00+00:00,70710.953125,153.59228515625
2024-03-12 18:00:00+00:00,71385.1484375,155.78900146484375
2024-03-12 19:00:00+00:00,71372.1328125,159.3209991455078
2024-03-13 13:00:00+00:00,71897.0,171.10733032226562
2024-03-13 14:00:00+00:00,72389.984375,173.39700317382812
2024-03-13 15:00:00+00:00,72731.75,175.6380157470703
2024-03-13 16:00:00+00:00,73016.9375,175.2497100830078
2024-03-13 17:00:00+00:00,72912.8359375,176.21099853515625
2024-03-13 18:00:00+00:00,73165.2734375,169.80599975585938
2024-03-13 19:00:00+00:00,73273.96875,176.63800048828125
2024-03-14 13:00:00+00:00,71981.84375,172.29568481445312
2024-03-14 14:00:00+00:00,71473.9609375,164.0780029296875
2024-03-14 15:00:00+00:00,70883.7578125,162.59201049804688
2024-03-14 16:00:00+00:00,71265.7421875,166.16200256347656
2024-03-14 17:00:00+00:00,71071.0078125,167.31199645996094
2024-03-14 18:00:00+00:00,69724.59375,160.010498046875
2024-03-14 19:00:00+00:00,69209.3203125,168.0
2024-03-15 13:00:00+00:00,68317.484375,162.52200317382812
2024-03-15 14:00:00+00:00,68465.0,168.6999969482422
2024-03-15 15:00:00+00:00,68181.546875,164.14700317382812
2024-03-15 16:00:00+00:00,67934.15625,166.89999389648438
2024-03-15 17:00:00+00:00,68235.140625,173.35118103027344
2024-03-15 18:00:00+00:00,70252.0546875,179.56199645996094
2024-03-15 19:00:00+00:00,68679.7265625,178.04800415039062
2024-03-18 13:00:00+00:00,67510.4609375,165.73599243164062
2024-03-18 14:00:00+00:00,66798.4453125,160.83700561523438
2024-03-18 15:00:00+00:00,67415.046875,159.9010009765625
2024-03-18 16:00:00+00:00,67035.0859375,147.75799560546875
2024-03-18 17:00:00+00:00,67426.34375,154.39700317382812
2024-03-18 18:00:00+00:00,67011.984375,152.88299560546875
2024-03-18 19:00:00+00:00,67000.78125,150.13800048828125
2024-03-19 13:00:00+00:00,63424.4921875,124.5199966430664
2024-03-19 14:00:00+00:00,62780.68359375,128.40200805664062
2024-03-19 15:00:00+00:00,63923.69140625,138.197998046875
2024-03-19 16:00:00+00:00,64770.2109375,143.70010375976562
2024-03-19 17:00:00+00:00,64840.23828125,139.81300354003906
2024-03-19 18:00:00+00:00,64798.66015625,142.33999633789062
2024-03-19 19:00:00+00:00,64539.8828125,141.63999938964844
2024-03-20 13:00:00+00:00,63578.96484375,145.84300231933594
2024-03-20 14:00:00+00:00,64254.08984375,144.8990020751953
2024-03-20 15:00:00+00:00,63652.125,138.1999969482422
2024-03-20 16:00:00+00:00,63100.796875,142.0334930419922
2024-03-20 17:00:00+00:00,64204.90625,143.843994140625
2024-03-20 18:00:00+00:00,65303.921875,151.75601196289062
2024-03-20 19:00:00+00:00,65776.5234375,154.64999389648438
2024-03-21 13:00:00+00:00,66742.7734375,168.63449096679688
2024-03-21 14:00:00+00:00,66892.953125,165.90049743652344
2024-03-21 15:00:00+00:00,66492.6640625,166.6855010986328
2024-03-21 16:00:00+00:00,66746.34375,166.5
2024-03-21 17:00:00+00:00,65730.96875,163.2790069580078
2024-03-21 18:00:00+00:00,65190.23828125,159.41099548339844
2024-03-21 19:00:00+00:00,65459.71875,159.6999969482422
2024-03-22 13:00:00+00:00,62892.796875,153.3950653076172
2024-03-22 14:00:00+00:00,62685.6796875,159.24349975585938
2024-03-22 15:00:00+00:00,63863.29296875,156.02500915527344
2024-03-22 16:00:00+00:00,63368.5703125,156.11700439453125
2024-03-22 17:00:00+00:00,63578.57421875,153.5989990234375
2024-03-22 18:00:00+00:00,63736.8046875,152.30300903320312
2024-03-22 19:00:00+00:00,64096.31640625,152.3000946044922
2024-03-25 13:00:00+00:00,67954.515625,173.29750061035156
2024-03-25 14:00:00+00:00,69298.546875,180.1949920654297
2024-03-25 15:00:00+00:00,69762.1953125,178.4770050048828
2024-03-25 16:00:00+00:00,70259.59375,183.89633178710938
2024-03-25 17:00:00+00:00,70494.7421875,186.60000610351562
2024-03-25 18:00:00+00:00,70886.296875,185.40846252441406
2024-03-25 19:00:00+00:00,71002.9375,185.60000610351562
2024-03-26 13:00:00+00:00,70407.3359375,179.3380126953125
2024-03-26 14:00:00+00:00,70292.6328125,185.30099487304688
2024-03-26 15:00:00+00:00,70233.34375,185.72500610351562
2024-03-26 16:00:00+00:00,69768.90625,186.8470001220703
2024-03-26 17:00:00+00:00,70066.1484375,189.03298950195312
2024-03-26 18:00:00+00:00,70104.9296875,188.06199645996094
2024-03-26 19:00:00+00:00,69557.2890625,187.6739959716797
2024-03-27 13:00:00+00:00,70020.90625,191.69668579101562
2024-03-27 14:00:00+00:00,69985.2109375,191.1999969482422
2024-03-27 15:00:00+00:00,68901.3984375,191.86199951171875
2024-03-27 16:00:00+00:00,69241.140625,192.8990020751953
2024-03-27 17:00:00+00:00,68645.625,191.99899291992188
2024-03-27 18:00:00+00:00,68526.546875,189.43699645996094
2024-03-27 19:00:00+00:00,68697.0390625,191.88900756835938
2024-03-28 13:00:00+00:00,70887.2109375,187.5
2024-03-28 14:00:00+00:00,71538.9921875,168.0
2024-03-28 15:00:00+00:00,71288.2578125,176.5439910888672
2024-03-28 16:00:00+00:00,70597.890625,174.0760040283203
2024-03-28 17:00:00+00:00,70797.921875,176.89999389648438
2024-03-28 18:00:00+00:00,70557.8828125,172.28799438476562
2024-03-28 19:00:00+00:00,70884.234375,170.447998046875
2024-04-01 13:00:00+00:00,69896.1875,163.58999633789062
2024-04-01 14:00:00+00:00,68928.359375,162.90200805664062
2024-04-01 15:00:00+00:00,68279.1171875,161.68399047851562
2024-04-01 16:00:00+00:00,68645.921875,160.406005859375
2024-04-01 17:00:00+00:00,68692.796875,160.57699584960938
2024-04-01 18:00:00+00:00,68932.0546875,163.9814910888672
2024-04-01 19:00:00+00:00,69752.203125,163.7594451904297
2024-04-02 13:00:00+00:00,65232.8515625,153.97000122070312
2024-04-02 14:00:00+00:00,65704.5625,152.39999389648438
2024-04-02 15:00:00+00:00,64752.3359375,151.62017822265625
2024-04-02 16:00:00+00:00,65586.5859375,154.17359924316406
2024-04-02 17:00:00+00:00,65565.25,154.8719940185547
2024-04-02 18:00:00+00:00,65845.203125,157.28939819335938
2024-04-02 19:00:00+00:00,66125.359375,157.9324951171875
2024-04-03 13:00:00+00:00,65792.5390625,165.2458953857422
2024-04-03 14:00:00+00:00,66595.234375,165.85693359375
2024-04-03 15:00:00+00:00,65874.453125,168.86099243164062
2024-04-03 16:00:00+00:00,66289.1875,167.2239990234375
2024-04-03 17:00:00+00:00,65993.375,165.5
2024-04-03 18:00:00+00:00,65992.1796875,161.5
2024-04-03 19:00:00+00:00,65923.984375,160.5439910888672
2024-04-04 13:00:00+00:00,67308.4453125,172.16299438476562
2024-04-04 14:00:00+00:00,67723.359375,169.5030059814453
2024-04-04 15:00:00+00:00,67644.953125,170.9040069580078
2024-04-04 16:00:00+00:00,67898.2109375,165.86000061035156
2024-04-04 17:00:00+00:00,68815.84375,167.73365783691406
2024-04-04 18:00:00+00:00,68634.4453125,164.5
2024-04-04 19:00:00+00:00,68457.765625,161.5489959716797
2024-04-05 13:00:00+00:00,67558.5234375,162.5989990234375
2024-04-05 14:00:00+00:00,68233.859375,161.38101196289062
2024-04-05 15:00:00+00:00,68102.609375,160.60000610351562
2024-04-05 16:00:00+00:00,67923.015625,157.26800537109375
2024-04-05 17:00:00+00:00,67458.890625,150.60000610351562
2024-04-05 18:00:00+00:00,67585.5546875,148.30699157714844
2024-04-05 19:00:00+00:00,67535.9453125,143.70199584960938
2024-04-08 13:00:00+00:00,71936.625,150.89999389648438
2024-04-08 14:00:00+00:00,71711.8984375,151.85000610351562
2024-04-08 15:00:00+00:00,71758.6640625,153.8470001220703
2024-04-08 16:00:00+00:00,71763.0234375,150.3000030517578
2024-04-08 17:00:00+00:00,71716.3828125,153.56600952148438
2024-04-08 18:00:00+00:00,71955.953125,150.2209930419922
2024-04-08 19:00:00+00:00,71656.5078125,151.27999877929688
2024-04-09 13:00:00+00:00,70066.421875,140.7010040283203
2024-04-09 14:00:00+00:00,69215.4765625,139.6800079345703
2024-04-09 15:00:00+00:00,69157.8828125,140.1800079345703
2024-04-09 16:00:00+00:00,68621.5703125,141.8800048828125
2024-04-09 17:00:00+00:00,68818.703125,144.0
2024-04-09 18:00:00+00:00,68875.6796875,143.6999969482422
2024-04-09 19:00:00+00:00,69071.0234375,144.33399963378906
2024-04-10 13:00:00+00:00,68161.9921875,146.0
2024-04-10 14:00:00+00:00,68665.2890625,144.5
2024-04-10 15:00:00+00:00,68634.34375,144.0989990234375
2024-04-10 16:00:00+00:00,69534.7265625,148.6219940185547
2024-04-10 17:00:00+00:00,69352.09375,151.6490020751953
2024-04-10 18:00:00+00:00,69269.3125,154.62899780273438
2024-04-10 19:00:00+00:00,69967.5546875,156.54750061035156
2024-04-11 13:00:00+00:00,70333.5625,154.99099731445312
2024-04-11 14:00:00+00:00,69780.9453125,152.64324951171875
2024-04-11 15:00:00+00:00,69963.1015625,153.66600036621094
2024-04-11 16:00:00+00:00,70049.96875,153.0030059814453
2024-04-11 17:00:00+00:00,70196.1015625,152.93399047851562
2024-04-11 18:00:00+00:00,70097.640625,154.73800659179688
2024-04-11 19:00:00+00:00,70352.421875,155.00698852539062
2024-04-12 13:00:00+00:00,69859.8515625,151.0
2024-04-12 14:00:00+00:00,69323.8203125,152.3000030517578
2024-04-12 15:00:00+00:00,69374.8984375,149.8979949951172
2024-04-12 16:00:00+00:00,68896.3984375,145.2989959716797
2024-04-12 17:00:00+00:00,68087.7578125,145.25799560546875
2024-04-12 18:00:00+00:00,66743.4453125,146.947998046875
2024-04-12 19:00:00+00:00,67119.359375,148.08299255371094
2024-04-15 13:00:00+00:00,65850.3046875,145.39599609375
2024-04-15 14:00:00+00:00,64246.4921875,141.35299682617188
2024-04-15 15:00:00+00:00,64538.9296875,141.05699157714844
2024-04-15 16:00:00+00:00,64194.86328125,137.7220001220703
2024-04-15 17:00:00+00:00,63970.46484375,134.86300659179688
2024-04-15 18:00:00+00:00,63216.14453125,134.59799194335938
2024-04-15 19:00:00+00:00,63519.015625,133.66700744628906
2024-04-16 13:00:00+00:00,62661.8671875,126.81999206542969
2024-04-16 14:00:00+00:00,62187.19921875,126.30000305175781
2024-04-16 15:00:00+00:00,61914.6953125,122.3010025024414
2024-04-16 16:00:00+00:00,62482.14453125,126.63800048828125
2024-04-16 17:00:00+00:00,62379.78125,124.91400146484375
2024-04-16 18:00:00+00:00,62986.125,128.08380126953125
2024-04-16 19:00:00+00:00,62777.23046875,125.4844970703125
2024-04-17 13:00:00+00:00,62649.12109375,118.0
2024-04-17 14:00:00+00:00,61234.04296875,115.02900695800781
2024-04-17 15:00:00+00:00,60446.30859375,117.92500305175781
2024-04-17 16:00:00+00:00,60193.32421875,117.96540832519531
2024-04-17 17:00:00+00:00,61332.94921875,123.06599426269531
2024-04-17 18:00:00+00:00,61494.921875,118.9844970703125
2024-04-17 19:00:00+00:00,61150.74609375,118.6550064086914
2024-04-18 13:00:00+00:00,62623.55859375,125.77750396728516
2024-04-18 14:00:00+00:00,63689.83203125,125.85799407958984
2024-04-18 15:00:00+00:00,63519.78515625,125.9110107421875
2024-04-18 16:00:00+00:00,63576.34765625,123.2979965209961
2024-04-18 17:00:00+00:00,62837.8203125,121.19999694824219
2024-04-18 18:00:00+00:00,63134.73828125,122.22099304199219
2024-04-18 19:00:00+00:00,63517.53125,120.81600189208984
2024-04-19 13:00:00+00:00,64999.890625,118.30000305175781
2024-04-19 14:00:00+00:00,64507.65625,120.5989990234375
2024-04-19 15:00:00+00:00,64498.1796875,118.15999603271484
2024-04-19 16:00:00+00:00,64014.4453125,120.1969223022461
2024-04-19 17:00:00+00:00,64678.671875,118.7229995727539
2024-04-19 18:00:00+00:00,64266.94140625,119.53399658203125
2024-04-19 19:00:00+00:00,64359.90234375,117.54899597167969
2024-04-22 13:00:00+00:00,66214.671875,129.35501098632812
2024-04-22 14:00:00+00:00,66065.015625,127.5
2024-04-22 15:00:00+00:00,66020.9765625,131.531494140625
2024-04-22 16:00:00+00:00,66167.34375,134.69900512695312
2024-04-22 17:00:00+00:00,66612.0625,133.24850463867188
2024-04-22 18:00:00+00:00,66386.578125,131.35400390625
2024-04-22 19:00:00+00:00,66531.9921875,132.4010009765625
2024-04-23 13:00:00+00:00,66499.5390625,137.5
2024-04-23 14:00:00+00:00,66931.7890625,135.07901000976562
2024-04-23 15:00:00+00:00,66408.703125,134.53799438476562
2024-04-23 16:00:00+00:00,66765.9765625,134.8800048828125
2024-04-23 17:00:00+00:00,66772.03125,135.60000610351562
2024-04-23 18:00:00+00:00,66788.8984375,133.04598999023438
2024-04-23 19:00:00+00:00,66441.0078125,133.7969970703125
2024-04-24 13:00:00+00:00,66004.3984375,129.5019989013672
2024-04-24 14:00:00+00:00,65139.81640625,128.11399841308594
2024-04-24 15:00:00+00:00,64549.55078125,127.36800384521484
2024-04-24 16:00:00+00:00,64733.6015625,129.27700805664062
2024-04-24 17:00:00+00:00,64852.71875,128.29800415039062
2024-04-24 18:00:00+00:00,64140.765625,128.49697875976562
2024-04-24 19:00:00+00:00,63997.36328125,126.50699615478516
2024-04-25 13:00:00+00:00,63457.41015625,124.7874984741211
2024-04-25 14:00:00+00:00,63238.70703125,124.7040023803711
2024-04-25 15:00:00+00:00,64029.4375,124.97900390625
2024-04-25 16:00:00+00:00,64418.546875,125.30899810791016
2024-04-25 17:00:00+00:00,64647.92578125,125.0009994506836
2024-04-25 18:00:00+00:00,64632.87890625,124.8219985961914
2024-04-25 19:00:00+00:00,64628.671875,124.04499816894531
2024-04-26 13:00:00+00:00,64468.14453125,126.5949935913086
2024-04-26 14:00:00+00:00,63815.3125,124.00999450683594
2024-04-26 15:00:00+00:00,63475.76953125,125.80400085449219
2024-04-26 16:00:00+00:00,63688.34765625,127.60550689697266
2024-04-26 17:00:00+00:00,63960.6171875,127.5009994506836
2024-04-26 18:00:00+00:00,64038.59765625,127.16099548339844
2024-04-26 19:00:00+00:00,63877.546875,128.16200256347656
2024-04-29 13:00:00+00:00,61974.9375,127.63199615478516
2024-04-29 14:00:00+00:00,62847.734375,129.38699340820312
2024-04-29 15:00:00+00:00,62991.26953125,128.37399291992188
2024-04-29 16:00:00+00:00,62789.36328125,129.66000366210938
2024-04-29 17:00:00+00:00,63042.7109375,129.12049865722656
2024-04-29 18:00:00+00:00,62845.90234375,127.71600341796875
2024-04-29 19:00:00+00:00,62862.51171875,129.2969970703125
2024-04-30 13:00:00+00:00,60844.65625,112.30000305175781
2024-04-30 14:00:00+00:00,61227.59765625,110.19999694824219
2024-04-30 15:00:00+00:00,60787.40234375,108.40899658203125
2024-04-30 16:00:00+00:00,60345.08203125,107.75789642333984
2024-04-30 17:00:00+00:00,60318.5234375,109.20500183105469
2024-04-30 18:00:00+00:00,60166.578125,109.2509994506836
2024-04-30 19:00:00+00:00,59120.06640625,106.5040054321289
2024-05-01 13:00:00+00:00,57254.25390625,104.07149505615234
2024-05-01 14:00:00+00:00,57485.953125,102.70500183105469
2024-05-01 15:00:00+00:00,56792.8203125,103.697998046875
2024-05-01 16:00:00+00:00,57019.67578125,103.86700439453125
2024-05-01 17:00:00+00:00,57455.9140625,107.30049896240234
2024-05-01 18:00:00+00:00,59071.359375,105.923583984375
2024-05-01 19:00:00+00:00,56858.4375,102.76800537109375
2024-05-02 13:00:00+00:00,58439.15625,107.01949310302734
2024-05-02 14:00:00+00:00,59110.0078125,111.7490005493164
2024-05-02 15:00:00+00:00,59241.515625,110.3280029296875
2024-05-02 16:00:00+00:00,59051.17578125,112.1574935913086
2024-05-02 17:00:00+00:00,59236.58984375,112.5219955444336
2024-05-02 18:00:00+00:00,59445.54296875,112.42500305175781
2024-05-02 19:00:00+00:00,59231.609375,112.94100189208984
2024-05-03 13:00:00+00:00,61662.1953125,123.84000396728516
2024-05-03 14:00:00+00:00,61660.2265625,120.60099792480469
2024-05-03 15:00:00+00:00,61766.8515625,121.68000793457031
2024-05-03 16:00:00+00:00,61674.0625,122.38700103759766
2024-05-03 17:00:00+00:00,61852.609375,122.79399108886719
2024-05-03 18:00:00+00:00,61821.20703125,121.87249755859375
2024-05-03 19:00:00+00:00,62025.58984375,122.052001953125
2024-05-06 13:00:00+00:00,63847.66015625,132.51150512695312
2024-05-06 14:00:00+00:00,63313.234375,131.2480010986328
2024-05-06 15:00:00+00:00,63701.53515625,129.8509979248047
2024-05-06 16:00:00+00:00,63156.2578125,129.28199768066406
2024-05-06 17:00:00+00:00,63122.35546875,129.27200317382812
2024-05-06 18:00:00+00:00,63423.6640625,127.5
2024-05-06 19:00:00+00:00,63191.59765625,126.8010025024414
2024-05-07 13:00:00+00:00,63161.8359375,127.38499450683594
2024-05-07 14:00:00+00:00,63822.890625,129.84201049804688
2024-05-07 15:00:00+00:00,63724.53125,129.3000030517578
2024-05-07 16:00:00+00:00,63590.96484375,126.9000015258789
2024-05-07 17:00:00+00:00,63410.484375,125.90301513671875
2024-05-07 18:00:00+00:00,63153.7578125,125.88499450683594
2024-05-07 19:00:00+00:00,62989.28515625,125.6614990234375
2024-05-08 13:00:00+00:00,62349.28125,124.5719985961914
2024-05-08 14:00:00+00:00,62596.13671875,124.0
2024-05-08 15:00:00+00:00,62276.8046875,124.1760025024414
2024-05-08 16:00:00+00:00,62401.16015625,124.26600646972656
2024-05-08 17:00:00+00:00,62579.421875,124.875
2024-05-08 18:00:00+00:00,62502.55859375,124.11800384521484
2024-05-08 19:00:00+00:00,62233.46875,123.42899322509766
2024-05-09 13:00:00+00:00,61136.19140625,123.8499984741211
2024-05-09 14:00:00+00:00,61450.328125,128.39999389648438
2024-05-09 15:00:00+00:00,62121.359375,129.56100463867188
2024-05-09 16:00:00+00:00,61915.5390625,127.85400390625
2024-05-09 17:00:00+00:00,61959.0234375,125.91300201416016
2024-05-09 18:00:00+00:00,62199.58203125,126.80000305175781
2024-05-09 19:00:00+00:00,62414.9375,126.21700286865234
2024-05-10 13:00:00+00:00,63035.0,123.26600646972656
2024-05-10 14:00:00+00:00,61223.125,121.98699951171875
2024-05-10 15:00:00+00:00,60913.7109375,119.97599792480469
2024-05-10 16:00:00+00:00,61110.2890625,119.51033782958984
2024-05-10 17:00:00+00:00,60385.109375,119.88199615478516
2024-05-10 18:00:00+00:00,60648.94140625,119.91314697265625
2024-05-10 19:00:00+00:00,60725.43359375,118.0198745727539
2024-05-13 13:00:00+00:00,62726.21875,126.1550064086914
2024-05-13 14:00:00+00:00,62767.84765625,124.95689392089844
2024-05-13 15:00:00+00:00,62983.953125,125.26399993896484
2024-05-13 16:00:00+00:00,63163.375,122.20100402832031
2024-05-13 17:00:00+00:00,62793.69140625,123.3219985961914
2024-05-13 18:00:00+00:00,62767.8125,124.59200286865234
2024-05-13 19:00:00+00:00,63077.30078125,124.5050048828125
2024-05-14 13:00:00+00:00,61745.5,127.7979965209961
2024-05-14 14:00:00+00:00,61785.6640625,127.51200103759766
2024-05-14 15:00:00+00:00,61777.7890625,128.31700134277344
2024-05-14 16:00:00+00:00,61372.28515625,127.36000061035156
2024-05-14 17:00:00+00:00,61258.078125,127.60250091552734
2024-05-14 18:00:00+00:00,61374.19140625,128.3800048828125
2024-05-14 19:00:00+00:00,61562.84765625,129.76300048828125
2024-05-15 13:00:00+00:00,64161.84375,136.74729919433594
2024-05-15 14:00:00+00:00,64453.45703125,139.93099975585938
2024-05-15 15:00:00+00:00,64655.17578125,140.39700317382812
2024-05-15 16:00:00+00:00,64802.5703125,141.13699340820312
2024-05-15 17:00:00+00:00,65122.19921875,144.06500244140625
2024-05-15 18:00:00+00:00,65786.9453125,145.72000122070312
2024-05-15 19:00:00+00:00,65999.5078125,150.36199951171875
2024-05-16 13:00:00+00:00,66312.7734375,150.0439910888672
2024-05-16 14:00:00+00:00,65686.1015625,149.42098999023438
2024-05-16 15:00:00+00:00,65843.171875,147.68399047851562
2024-05-16 16:00:00+00:00,65144.30078125,144.31399536132812
2024-05-16 17:00:00+00:00,65035.328125,145.96949768066406
2024-05-16 18:00:00+00:00,65128.28125,147.40150451660156
2024-05-16 19:00:00+00:00,65241.1484375,143.6999969482422
2024-05-17 13:00:00+00:00,65955.8828125,154.0229949951172
2024-05-17 14:00:00+00:00,66739.8125,157.31700134277344
2024-05-17 15:00:00+00:00,67205.8046875,156.13999938964844
2024-05-17 16:00:00+00:00,66996.4375,153.89950561523438
2024-05-17 17:00:00+00:00,66795.3671875,152.00799560546875
2024-05-17 18:00:00+00:00,66845.0,155.3000030517578
2024-05-17 19:00:00+00:00,66924.3671875,158.40200805664062
2024-05-20 13:00:00+00:00,67058.5546875,159.14300537109375
2024-05-20 14:00:00+00:00,66960.96875,162.75100708007812
2024-05-20 15:00:00+00:00,67405.4921875,166.48397827148438
2024-05-20 16:00:00+00:00,68199.6015625,166.56900024414062
2024-05-20 17:00:00+00:00,68321.1484375,166.61502075195312
2024-05-20 18:00:00+00:00,68662.6171875,171.3000030517578
2024-05-20 19:00:00+00:00,69881.765625,172.69000244140625
2024-05-21 13:00:00+00:00,70553.1171875,166.61474609375
2024-05-21 14:00:00+00:00,70272.859375,169.1959991455078
2024-05-21 15:00:00+00:00,69692.6328125,168.7314910888672
2024-05-21 16:00:00+00:00,69715.9296875,167.17599487304688
2024-05-21 17:00:00+00:00,69831.9140625,167.6529998779297
2024-05-21 18:00:00+00:00,69788.21875,166.48800659179688
2024-05-21 19:00:00+00:00,69363.8515625,165.89999389648438
2024-05-22 13:00:00+00:00,69450.75,165.6999969482422
2024-05-22 14:00:00+00:00,70118.2421875,169.44000244140625
2024-05-22 15:00:00+00:00,70434.546875,170.39999389648438
2024-05-22 16:00:00+00:00,70245.1484375,168.15899658203125
2024-05-22 17:00:00+00:00,69812.765625,162.89999389648438
2024-05-22 18:00:00+00:00,69579.6328125,164.8699951171875
2024-05-22 19:00:00+00:00,69718.234375,164.8260040283203
2024-05-23 13:00:00+00:00,68118.6484375,159.8011932373047
2024-05-23 14:00:00+00:00,67674.4765625,161.46798706054688
2024-05-23 15:00:00+00:00,68048.7421875,160.81600952148438
2024-05-23 16:00:00+00:00,67807.1328125,160.8249969482422
2024-05-23 17:00:00+00:00,67623.7109375,154.83399963378906
2024-05-23 18:00:00+00:00,67341.9375,153.74850463867188
2024-05-23 19:00:00+00:00,67128.03125,154.5647430419922
2024-05-24 13:00:00+00:00,67065.15625,158.82901000976562
2024-05-24 14:00:00+00:00,67831.6640625,160.79998779296875
2024-05-24 15:00:00+00:00,68279.0078125,160.3509979248047
2024-05-24 16:00:00+00:00,68343.4296875,164.08200073242188
2024-05-24 17:00:00+00:00,68853.4140625,166.5
2024-05-24 18:00:00+00:00,68964.8046875,167.48300170898438
2024-05-24 19:00:00+00:00,69073.0859375,168.39549255371094
2024-05-28 13:00:00+00:00,67685.765625,166.70199584960938
2024-05-28 14:00:00+00:00,67920.109375,165.47900390625
2024-05-28 15:00:00+00:00,68316.984375,165.3675079345703
2024-05-28 16:00:00+00:00,67677.7109375,165.4770050048828
2024-05-28 17:00:00+00:00,67695.7578125,164.60549926757812
2024-05-28 18:00:00+00:00,67756.28125,166.00030517578125
2024-05-28 19:00:00+00:00,68398.1171875,167.60000610351562
2024-05-29 13:00:00+00:00,67780.6328125,164.01199340820312
2024-05-29 14:00:00+00:00,67588.09375,163.01300048828125
2024-05-29 15:00:00+00:00,67310.6171875,162.53500366210938
2024-05-29 16:00:00+00:00,67540.4296875,163.3800048828125
2024-05-29 17:00:00+00:00,67568.7890625,163.91000366210938
2024-05-29 18:00:00+00:00,67321.3203125,164.59750366210938
2024-05-29 19:00:00+00:00,67286.78125,161.74000549316406
2024-05-30 13:00:00+00:00,68622.453125,169.04800415039062
2024-05-30 14:00:00+00:00,68346.2734375,168.50799560546875
2024-05-30 15:00:00+00:00,68515.515625,166.05648803710938
2024-05-30 16:00:00+00:00,68643.75,165.05349731445312
2024-05-30 17:00:00+00:00,69430.015625,162.5
2024-05-30 18:00:00+00:00,69351.4296875,159.7989959716797
2024-05-30 19:00:00+00:00,68504.6953125,153.61898803710938
2024-05-31 13:00:00+00:00,68035.109375,153.61318969726562
2024-05-31 14:00:00+00:00,67427.5078125,152.3209991455078
2024-05-31 15:00:00+00:00,67202.5546875,144.75
2024-05-31 16:00:00+00:00,67124.234375,151.60000610351562
2024-05-31 17:00:00+00:00,67280.1328125,151.59100341796875
2024-05-31 18:00:00+00:00,67345.421875,152.02099609375
2024-05-31 19:00:00+00:00,67738.0859375,152.3489990234375
2024-06-03 13:00:00+00:00,69828.109375,163.05300903320312
2024-06-03 14:00:00+00:00,68688.6484375,161.58114624023438
2024-06-03 15:00:00+00:00,69557.921875,159.99880981445312
2024-06-03 16:00:00+00:00,69032.7265625,159.53700256347656
2024-06-03 17:00:00+00:00,69245.03125,161.2362823486328
2024-06-03 18:00:00+00:00,69262.5625,160.3050079345703
2024-06-03 19:00:00+00:00,69084.828125,162.54800415039062
2024-06-04 13:00:00+00:00,69649.9375,163.96299743652344
2024-06-04 14:00:00+00:00,69650.234375,164.2337646484375
2024-06-04 15:00:00+00:00,70428.234375,168.10000610351562
2024-06-04 16:00:00+00:00,70782.0703125,166.39999389648438
2024-06-04 17:00:00+00:00,70559.4453125,169.14999389648438
2024-06-04 18:00:00+00:00,70760.171875,165.5
2024-06-04 19:00:00+00:00,70427.25,164.25999450683594
2024-06-05 13:00:00+00:00,70765.9765625,167.57699584960938
2024-06-05 14:00:00+00:00,70934.140625,169.9199981689453
2024-06-05 15:00:00+00:00,71622.203125,170.25399780273438
2024-06-05 16:00:00+00:00,71341.0703125,169.77999877929688
2024-06-05 17:00:00+00:00,71639.0546875,168.84500122070312
2024-06-05 18:00:00+00:00,71122.859375,168.48001098632812
2024-06-05 19:00:00+00:00,71339.0078125,169.81399536132812
2024-06-06 13:00:00+00:00,71258.5,170.51300048828125
2024-06-06 14:00:00+00:00,71452.5546875,172.3199920654297
2024-06-06 15:00:00+00:00,71264.640625,170.74899291992188
2024-06-06 16:00:00+00:00,70970.390625,170.68399047851562
2024-06-06 17:00:00+00:00,71075.2421875,169.9969940185547
2024-06-06 18:00:00+00:00,71067.7734375,168.3249969482422
2024-06-06 19:00:00+00:00,70462.375,166.13299560546875
2024-06-07 13:00:00+00:00,71456.8203125,170.5
2024-06-07 14:00:00+00:00,71353.0390625,169.531005859375
2024-06-07 15:00:00+00:00,71063.2890625,169.99998474121094
2024-06-07 16:00:00+00:00,70774.9140625,167.30001831054688
2024-06-07 17:00:00+00:00,69805.0859375,161.7530059814453
2024-06-07 18:00:00+00:00,69095.9765625,160.9250030517578
2024-06-07 19:00:00+00:00,69229.375,159.79200744628906
2024-06-10 13:00:00+00:00,69386.8046875,162.10000610351562
2024-06-10 14:00:00+00:00,69612.1484375,163.1929168701172
2024-06-10 15:00:00+00:00,70054.5390625,162.31500244140625
2024-06-10 16:00:00+00:00,69973.75,163.10400390625
2024-06-10 17:00:00+00:00,69988.2734375,163.6009979248047
2024-06-10 18:00:00+00:00,69844.7890625,163.8199920654297
2024-06-10 19:00:00+00:00,69400.390625,160.18600463867188
2024-06-11 13:00:00+00:00,66705.875,152.802001953125
2024-06-11 14:00:00+00:00,66867.71875,152.13900756835938
2024-06-11 15:00:00+00:00,66246.6015625,152.33999633789062
2024-06-11 16:00:00+00:00,66435.8125,152.88198852539062
2024-06-11 17:00:00+00:00,66750.6875,154.58399963378906
2024-06-11 18:00:00+00:00,67079.1015625,154.6510009765625
2024-06-11 19:00:00+00:00,67486.09375,155.55099487304688
2024-06-12 13:00:00+00:00,69344.8203125,168.4048614501953
2024-06-12 14:00:00+00:00,69928.65625,167.05799865722656
2024-06-12 15:00:00+00:00,69726.5859375,165.00099182128906
2024-06-12 16:00:00+00:00,69626.6484375,168.39300537109375
2024-06-12 17:00:00+00:00,69799.953125,165.80599975585938
2024-06-12 18:00:00+00:00,68794.1953125,161.08599853515625
2024-06-12 19:00:00+00:00,67500.0390625,160.4029998779297
2024-06-13 13:00:00+00:00,67555.34375,151.7969970703125
2024-06-13 14:00:00+00:00,67367.4453125,150.5800018310547
2024-06-13 15:00:00+00:00,66391.078125,152.00100708007812
2024-06-13 16:00:00+00:00,66965.8046875,150.6824951171875
2024-06-13 17:00:00+00:00,66887.484375,149.52999877929688
2024-06-13 18:00:00+00:00,66862.59375,147.35049438476562
2024-06-13 19:00:00+00:00,66687.46875,148.3880157470703
2024-06-14 13:00:00+00:00,67104.234375,150.6999969482422
2024-06-14 14:00:00+00:00,66946.1484375,153.00100708007812
2024-06-14 15:00:00+00:00,66339.578125,147.0989990234375
2024-06-14 16:00:00+00:00,65236.2421875,148.39749145507812
2024-06-14 17:00:00+00:00,65359.04296875,148.6479949951172
2024-06-14 18:00:00+00:00,65476.671875,149.05300903320312
2024-06-14 19:00:00+00:00,65513.09375,149.55099487304688
2024-06-17 13:00:00+00:00,65231.2265625,145.03244018554688
2024-06-17 14:00:00+00:00,65364.19140625,146.16400146484375
2024-06-17 15:00:00+00:00,65302.8203125,147.42234802246094
2024-06-17 16:00:00+00:00,65826.0390625,149.447998046875
2024-06-17 17:00:00+00:00,66475.6328125,154.88150024414062
2024-06-17 18:00:00+00:00,67022.5234375,152.9499969482422
2024-06-17 19:00:00+00:00,66610.546875,150.73599243164062
2024-06-18 13:00:00+00:00,64797.24609375,149.15219116210938
2024-06-18 14:00:00+00:00,64688.7578125,149.0
2024-06-18 15:00:00+00:00,64622.93359375,148.78549194335938
2024-06-18 16:00:00+00:00,64595.890625,148.80450439453125
2024-06-18 17:00:00+00:00,64599.48828125,149.2239990234375
2024-06-18 18:00:00+00:00,64664.97265625,147.3852996826172
2024-06-18 19:00:00+00:00,64511.13671875,146.78298950195312
2024-06-20 13:00:00+00:00,65174.91796875,147.22500610351562
2024-06-20 14:00:00+00:00,64927.89453125,146.91400146484375
2024-06-20 15:00:00+00:00,64807.93359375,144.8000030517578
2024-06-20 16:00:00+00:00,64793.11328125,144.15150451660156
2024-06-20 17:00:00+00:00,64927.7109375,145.3260040283203
2024-06-20 18:00:00+00:00,65092.609375,145.75698852539062
2024-06-20 19:00:00+00:00,64928.515625,146.80149841308594
2024-06-21 13:00:00+00:00,63605.390625,145.50900268554688
2024-06-21 14:00:00+00:00,64144.953125,146.322998046875
2024-06-21 15:00:00+00:00,63624.9453125,145.9980010986328
2024-06-21 16:00:00+00:00,63565.6875,145.4051055908203
2024-06-21 17:00:00+00:00,63633.53515625,146.98699951171875
2024-06-21 18:00:00+00:00,64107.53515625,147.31300354003906
2024-06-21 19:00:00+00:00,64149.23828125,148.73800659179688
2024-06-24 13:00:00+00:00,61525.79296875,140.81297302246094
2024-06-24 14:00:00+00:00,61305.82421875,141.05349731445312
2024-06-24 15:00:00+00:00,60699.25,137.24000549316406
2024-06-24 16:00:00+00:00,60090.58984375,133.97000122070312
2024-06-24 17:00:00+00:00,60185.12890625,136.0
2024-06-24 18:00:00+00:00,60335.7265625,138.8150177001953
2024-06-24 19:00:00+00:00,59198.53515625,137.1999969482422
2024-06-25 13:00:00+00:00,61143.96484375,147.04949951171875
2024-06-25 14:00:00+00:00,61756.4453125,147.36599731445312
2024-06-25 15:00:00+00:00,61841.7421875,147.39999389648438
2024-06-25 16:00:00+00:00,61375.54296875,148.58799743652344
2024-06-25 17:00:00+00:00,61436.94921875,147.62632751464844
2024-06-25 18:00:00+00:00,62157.3671875,148.34361267089844
2024-06-25 19:00:00+00:00,62134.64453125,149.46499633789062
2024-06-26 13:00:00+00:00,61784.55078125,148.55899047851562
2024-06-26 14:00:00+00:00,61760.04296875,147.42799377441406
2024-06-26 15:00:00+00:00,61409.796875,147.5150146484375
2024-06-26 16:00:00+00:00,61231.62109375,146.5709991455078
2024-06-26 17:00:00+00:00,61182.875,146.5189971923828
2024-06-26 18:00:00+00:00,60922.94921875,145.60000610351562
2024-06-26 19:00:00+00:00,61048.73828125,145.8780059814453
2024-06-27 13:00:00+00:00,61844.52734375,150.4980010986328
2024-06-27 14:00:00+00:00,61680.80859375,148.53500366210938
2024-06-27 15:00:00+00:00,61536.6875,150.98699951171875
2024-06-27 16:00:00+00:00,61673.41015625,152.69200134277344
2024-06-27 17:00:00+00:00,61795.03515625,151.41949462890625
2024-06-27 18:00:00+00:00,61746.46484375,150.89999389648438
2024-06-27 19:00:00+00:00,61440.515625,152.58900451660156
2024-06-28 13:00:00+00:00,61227.58203125,145.49899291992188
2024-06-28 14:00:00+00:00,60843.7265625,143.82350158691406
2024-06-28 15:00:00+00:00,61025.53125,143.41700744628906
2024-06-28 16:00:00+00:00,60740.7578125,142.06800842285156
2024-06-28 17:00:00+00:00,60696.10546875,140.77149963378906
2024-06-28 18:00:00+00:00,60741.21484375,141.4949951171875
2024-06-28 19:00:00+00:00,60111.64453125,137.7480010986328
2024-07-01 13:00:00+00:00,62625.75,140.5
2024-07-01 14:00:00+00:00,62767.1875,140.5909881591797
2024-07-01 15:00:00+00:00,62954.140625,140.68199157714844
2024-07-01 16:00:00+00:00,63022.84375,140.4720001220703
2024-07-01 17:00:00+00:00,63612.8125,141.5989990234375
2024-07-01 18:00:00+00:00,63607.05859375,139.28298950195312
2024-07-01 19:00:00+00:00,63068.75,136.66700744628906
2024-07-02 13:00:00+00:00,62573.69140625,135.49949645996094
2024-07-02 14:00:00+00:00,61978.4921875,135.91099548339844
2024-07-02 15:00:00+00:00,61944.0546875,133.25900268554688
2024-07-02 16:00:00+00:00,61855.34375,133.00100708007812
2024-07-02 17:00:00+00:00,62058.88671875,132.56700134277344
2024-07-02 18:00:00+00:00,62267.875,131.80648803710938
2024-07-02 19:00:00+00:00,61887.84765625,132.05099487304688
2024-07-03 13:00:00+00:00,60532.96484375,129.49949645996094
2024-07-03 14:00:00+00:00,60222.69140625,129.44850158691406
2024-07-03 15:00:00+00:00,60104.15625,130.61700439453125
2024-07-05 13:00:00+00:00,55817.203125,120.802001953125
2024-07-05 14:00:00+00:00,55735.9609375,127.23814392089844
2024-07-05 15:00:00+00:00,56583.421875,129.07559204101562
2024-07-05 16:00:00+00:00,56446.21484375,129.2449951171875
2024-07-05 17:00:00+00:00,56519.234375,127.71099853515625
2024-07-05 18:00:00+00:00,56570.2265625,128.99600219726562
2024-07-05 19:00:00+00:00,56523.53515625,128.24000549316406
2024-07-08 13:00:00+00:00,57172.28125,126.40000915527344
2024-07-08 14:00:00+00:00,56215.99609375,130.25
2024-07-08 15:00:00+00:00,55790.640625,128.23300170898438
2024-07-08 16:00:00+00:00,55790.890625,129.11199951171875
2024-07-08 17:00:00+00:00,56305.09375,130.20999145507812
2024-07-08 18:00:00+00:00,56277.84375,129.32400512695312
2024-07-08 19:00:00+00:00,56482.82421875,129.18600463867188
2024-07-09 13:00:00+00:00,57263.16796875,130.29998779296875
2024-07-09 14:00:00+00:00,57288.55859375,128.2519989013672
2024-07-09 15:00:00+00:00,57483.55078125,130.10519409179688
2024-07-09 16:00:00+00:00,57666.578125,128.3000030517578
2024-07-09 17:00:00+00:00,57528.4140625,129.30258178710938
2024-07-09 18:00:00+00:00,57899.96875,130.28599548339844
2024-07-09 19:00:00+00:00,57797.8671875,130.18499755859375
2024-07-10 13:00:00+00:00,57688.8671875,132.30674743652344
2024-07-10 14:00:00+00:00,57738.578125,130.3310089111328
2024-07-10 15:00:00+00:00,57739.58203125,131.8249969482422
2024-07-10 16:00:00+00:00,57684.5625,130.8769989013672
2024-07-10 17:00:00+00:00,57630.83203125,130.8050079345703
2024-07-10 18:00:00+00:00,57605.71875,130.60000610351562
2024-07-10 19:00:00+00:00,57451.97265625,130.55099487304688
2024-07-11 13:00:00+00:00,58509.765625,138.6999969482422
2024-07-11 14:00:00+00:00,57889.171875,136.74949645996094
2024-07-11 15:00:00+00:00,57328.76953125,135.69998168945312
2024-07-11 16:00:00+00:00,57647.09765625,136.0
2024-07-11 17:00:00+00:00,57824.9765625,135.3000030517578
2024-07-11 18:00:00+00:00,57828.8125,136.38198852539062
2024-07-11 19:00:00+00:00,57410.5234375,135.9010009765625
2024-07-12 13:00:00+00:00,57936.33984375,136.11898803710938
2024-07-12 14:00:00+00:00,57809.89453125,139.1959991455078
2024-07-12 15:00:00+00:00,58248.3515625,140.156005859375
2024-07-12 16:00:00+00:00,58098.45703125,142.44924926757812
2024-07-12 17:00:00+00:00,58169.94921875,142.00799560546875
2024-07-12 18:00:00+00:00,58324.4296875,141.63699340820312
2024-07-12 19:00:00+00:00,57729.24609375,139.51600646972656
2024-07-15 13:00:00+00:00,62904.98046875,153.30850219726562
2024-07-15 14:00:00+00:00,63215.26953125,159.29800415039062
2024-07-15 15:00:00+00:00,63043.515625,159.7165069580078
2024-07-15 16:00:00+00:00,63564.171875,163.0
2024-07-15 17:00:00+00:00,63196.125,162.45150756835938
2024-07-15 18:00:00+00:00,63578.4296875,162.25997924804688
2024-07-15 19:00:00+00:00,63365.671875,161.2310028076172
2024-07-16 13:00:00+00:00,63633.3828125,159.10549926757812
2024-07-16 14:00:00+00:00,63850.79296875,164.47500610351562
2024-07-16 15:00:00+00:00,64916.21484375,165.03900146484375
2024-07-16 16:00:00+00:00,64466.69921875,164.99000549316406
2024-07-16 17:00:00+00:00,64542.60546875,165.50999450683594
2024-07-16 18:00:00+00:00,64724.8046875,166.8000030517578
2024-07-16 19:00:00+00:00,65092.40234375,166.4290008544922
2024-07-17 13:00:00+00:00,65248.25390625,164.2729949951172
2024-07-17 14:00:00+00:00,65051.15234375,165.10000610351562
2024-07-17 15:00:00+00:00,64768.36328125,156.36300659179688
2024-07-17 16:00:00+00:00,64252.58203125,156.0550079345703
2024-07-17 17:00:00+00:00,64299.91796875,157.1219940185547
2024-07-17 18:00:00+00:00,64506.4609375,159.97299194335938
2024-07-17 19:00:00+00:00,64623.66796875,159.052001953125
2024-07-18 13:00:00+00:00,64599.25,158.0
2024-07-18 14:00:00+00:00,63964.609375,153.8310089111328
2024-07-18 15:00:00+00:00,63526.14453125,154.1999969482422
2024-07-18 16:00:00+00:00,63887.76953125,156.44000244140625
2024-07-18 17:00:00+00:00,63571.60546875,154.7949981689453
2024-07-18 18:00:00+00:00,63537.5078125,153.8489990234375
2024-07-18 19:00:00+00:00,63630.78515625,155.34500122070312
2024-07-19 13:00:00+00:00,65269.28125,164.9010009765625
2024-07-19 14:00:00+00:00,65748.2890625,165.13601684570312
2024-07-19 15:00:00+00:00,65800.3515625,170.71600341796875
2024-07-19 16:00:00+00:00,66437.3125,173.47755432128906
2024-07-19 17:00:00+00:00,66794.5546875,174.447998046875
2024-07-19 18:00:00+00:00,66794.1875,175.3874969482422
2024-07-19 19:00:00+00:00,67310.109375,177.84500122070312
2024-07-22 13:00:00+00:00,67130.21875,175.68600463867188
2024-07-22 14:00:00+00:00,66682.625,175.1154022216797
2024-07-22 15:00:00+00:00,67095.5390625,177.60000610351562
2024-07-22 16:00:00+00:00,67077.515625,178.51950073242188
2024-07-22 17:00:00+00:00,67467.6484375,179.88900756835938
2024-07-22 18:00:00+00:00,67470.5078125,179.03399658203125
2024-07-22 19:00:00+00:00,68237.1484375,179.78599548339844
2024-07-23 13:00:00+00:00,66094.734375,178.52999877929688
2024-07-23 14:00:00+00:00,67241.84375,176.70599365234375
2024-07-23 15:00:00+00:00,66569.625,175.90000915527344
2024-07-23 16:00:00+00:00,65988.0625,174.60000610351562
2024-07-23 17:00:00+00:00,65969.8515625,173.031005859375
2024-07-23 18:00:00+00:00,65862.3515625,174.4770050048828
2024-07-23 19:00:00+00:00,65560.09375,172.0030059814453
2024-07-24 13:00:00+00:00,66372.7109375,174.7259979248047
2024-07-24 14:00:00+00:00,66902.9296875,172.10000610351562
2024-07-24 15:00:00+00:00,66240.25,172.25204467773438
2024-07-24 16:00:00+00:00,66360.609375,172.5469970703125
2024-07-24 17:00:00+00:00,66599.0234375,171.0
2024-07-24 18:00:00+00:00,65761.1953125,168.7740020751953
2024-07-24 19:00:00+00:00,65725.203125,167.21099853515625
2024-07-25 13:00:00+00:00,63782.140625,157.06600952148438
2024-07-25 14:00:00+00:00,64742.19140625,159.81900024414062
2024-07-25 15:00:00+00:00,64689.265625,166.12350463867188
2024-07-25 16:00:00+00:00,64876.15234375,163.5500030517578
2024-07-25 17:00:00+00:00,65051.86328125,163.0
2024-07-25 18:00:00+00:00,64553.9375,162.39999389648438
2024-07-25 19:00:00+00:00,64781.13671875,160.48300170898438
2024-07-26 13:00:00+00:00,67900.8671875,174.60000610351562
2024-07-26 14:00:00+00:00,67334.8125,175.9029998779297
2024-07-26 15:00:00+00:00,67551.75,176.27401733398438
2024-07-26 16:00:00+00:00,67403.0859375,177.14498901367188
2024-07-26 17:00:00+00:00,67363.6953125,174.51300048828125
2024-07-26 18:00:00+00:00,67527.390625,176.09800720214844
2024-07-26 19:00:00+00:00,67976.9921875,175.35800170898438
2024-07-29 13:00:00+00:00,69247.125,174.4250030517578
2024-07-29 14:00:00+00:00,68180.265625,170.79998779296875
2024-07-29 15:00:00+00:00,68098.109375,169.30545043945312
2024-07-29 16:00:00+00:00,66937.0390625,168.00900268554688
2024-07-29 17:00:00+00:00,67024.6796875,169.28900146484375
2024-07-29 18:00:00+00:00,67388.3046875,169.5
2024-07-29 19:00:00+00:00,67271.28125,168.31199645996094
2024-07-30 13:00:00+00:00,66330.0859375,162.65150451660156
2024-07-30 14:00:00+00:00,65845.6015625,162.87100219726562
2024-07-30 15:00:00+00:00,66244.6171875,162.49899291992188
2024-07-30 16:00:00+00:00,66187.375,160.46701049804688
2024-07-30 17:00:00+00:00,65834.375,161.53201293945312
2024-07-30 18:00:00+00:00,65753.03125,160.6199951171875
2024-07-30 19:00:00+00:00,65955.3046875,160.40699768066406
2024-07-31 13:00:00+00:00,66507.453125,163.9029998779297
2024-07-31 14:00:00+00:00,66392.2734375,165.52650451660156
2024-07-31 15:00:00+00:00,66358.2890625,166.18887329101562
2024-07-31 16:00:00+00:00,66373.1953125,165.38699340820312
2024-07-31 17:00:00+00:00,66646.3984375,164.5
2024-07-31 18:00:00+00:00,66512.578125,162.85000610351562
2024-07-31 19:00:00+00:00,65178.96875,161.54885864257812
2024-08-01 13:00:00+00:00,64725.56640625,157.58999633789062
2024-08-01 14:00:00+00:00,63975.05859375,153.60000610351562
2024-08-01 15:00:00+00:00,63003.41015625,153.53199768066406
2024-08-01 16:00:00+00:00,62868.734375,150.6385040283203
2024-08-01 17:00:00+00:00,63148.12890625,150.0067596435547
2024-08-01 18:00:00+00:00,62868.78125,151.5050048828125
2024-08-01 19:00:00+00:00,63345.38671875,151.3260040283203
2024-08-02 13:00:00+00:00,65189.34375,154.49600219726562
2024-08-02 14:00:00+00:00,63206.56640625,147.1201629638672
2024-08-02 15:00:00+00:00,63560.1953125,146.3990020751953
2024-08-02 16:00:00+00:00,63275.60546875,147.05364990234375
2024-08-02 17:00:00+00:00,63049.6796875,144.81600952148438
2024-08-02 18:00:00+00:00,62853.4296875,144.54251098632812
2024-08-02 19:00:00+00:00,62631.4921875,144.7030029296875
2024-08-05 13:00:00+00:00,51981.109375,122.55777740478516
2024-08-05 14:00:00+00:00,54065.2578125,131.02499389648438
2024-08-05 15:00:00+00:00,54280.30078125,134.85400390625
2024-08-05 16:00:00+00:00,54134.64453125,132.0
2024-08-05 17:00:00+00:00,54733.25390625,130.0
2024-08-05 18:00:00+00:00,53258.2421875,131.07350158691406
2024-08-05 19:00:00+00:00,53406.13671875,130.8979949951172
2024-08-06 13:00:00+00:00,55275.77734375,132.80999755859375
2024-08-06 14:00:00+00:00,56100.6484375,131.12600708007812
2024-08-06 15:00:00+00:00,56371.8125,134.83900451660156
2024-08-06 16:00:00+00:00,56855.76171875,136.97235107421875
2024-08-06 17:00:00+00:00,56594.1875,139.10000610351562
2024-08-06 18:00:00+00:00,56787.8125,137.12820434570312
2024-08-06 19:00:00+00:00,56796.2578125,136.906005859375
2024-08-07 13:00:00+00:00,56792.40625,132.406005859375
2024-08-07 14:00:00+00:00,56204.9921875,130.02259826660156
2024-08-07 15:00:00+00:00,56098.8046875,130.35150146484375
2024-08-07 16:00:00+00:00,56166.625,130.17098999023438
2024-08-07 17:00:00+00:00,55528.93359375,126.46949768066406
2024-08-07 18:00:00+00:00,54804.171875,127.23600006103516
2024-08-07 19:00:00+00:00,54799.23046875,124.69999694824219
2024-08-08 13:00:00+00:00,57167.484375,133.22999572753906
2024-08-08 14:00:00+00:00,58961.26953125,133.25999450683594
2024-08-08 15:00:00+00:00,59515.77734375,132.1300048828125
2024-08-08 16:00:00+00:00,59634.63671875,131.67999267578125
2024-08-08 17:00:00+00:00,59527.953125,134.5
2024-08-08 18:00:00+00:00,59388.7890625,135.26499938964844
2024-08-08 19:00:00+00:00,59359.70703125,135.99000549316406
2024-08-09 13:00:00+00:00,60510.421875,133.72999572753906
2024-08-09 14:00:00+00:00,60502.22265625,132.2050018310547
2024-08-09 15:00:00+00:00,59900.8046875,130.1199951171875
2024-08-09 16:00:00+00:00,60384.13671875,132.56939697265625
2024-08-09 17:00:00+00:00,60210.1484375,132.8699951171875
2024-08-09 18:00:00+00:00,60291.00390625,135.08999633789062
2024-08-09 19:00:00+00:00,60716.93359375,135.32000732421875
2024-08-12 13:00:00+00:00,58216.01953125,133.39999389648438
2024-08-12 14:00:00+00:00,60309.453125,132.1300048828125
2024-08-12 15:00:00+00:00,60133.79296875,131.72999572753906
2024-08-12 16:00:00+00:00,59661.109375,132.125
2024-08-12 17:00:00+00:00,59364.8125,132.19000244140625
2024-08-12 18:00:00+00:00,58514.8515625,132.1699981689453
2024-08-12 19:00:00+00:00,58996.375,131.39999389648438
2024-08-13 13:00:00+00:00,59417.59765625,134.3300018310547
2024-08-13 14:00:00+00:00,59659.46484375,133.2899932861328
2024-08-13 15:00:00+00:00,59514.125,135.36000061035156
2024-08-13 16:00:00+00:00,61170.15625,137.22000122070312
2024-08-13 17:00:00+00:00,61226.2109375,138.09950256347656
2024-08-13 18:00:00+00:00,60842.0234375,136.3249969482422
2024-08-13 19:00:00+00:00,60869.98046875,135.16000366210938
2024-08-14 13:00:00+00:00,59529.6015625,131.10719299316406
2024-08-14 14:00:00+00:00,59500.17578125,130.6199951171875
2024-08-14 15:00:00+00:00,59531.51953125,130.0200958251953
2024-08-14 16:00:00+00:00,59176.0703125,129.8249969482422
2024-08-14 17:00:00+00:00,59209.8359375,130.75540161132812
2024-08-14 18:00:00+00:00,59007.48828125,129.8699951171875
2024-08-14 19:00:00+00:00,58998.50390625,130.30999755859375
2024-08-15 13:00:00+00:00,59410.9609375,136.94500732421875
2024-08-15 14:00:00+00:00,59434.8671875,135.41000366210938
2024-08-15 15:00:00+00:00,59727.2265625,136.96429443359375
2024-08-15 16:00:00+00:00,59538.609375,135.03500366210938
2024-08-15 17:00:00+00:00,58935.875,133.47349548339844
2024-08-15 18:00:00+00:00,57916.39453125,131.3426971435547
2024-08-15 19:00:00+00:00,57130.7421875,131.9499969482422
2024-08-16 13:00:00+00:00,58188.828125,132.10000610351562
2024-08-16 14:00:00+00:00,58004.609375,128.3404998779297
2024-08-16 15:00:00+00:00,58111.3671875,130.2100067138672
2024-08-16 16:00:00+00:00,58589.01171875,131.12069702148438
2024-08-16 17:00:00+00:00,59284.9765625,133.72500610351562
2024-08-16 18:00:00+00:00,59466.21484375,134.0
2024-08-16 19:00:00+00:00,59647.03125,133.0
2024-08-19 13:00:00+00:00,58237.31640625,133.27000427246094
2024-08-19 14:00:00+00:00,58537.0234375,135.1999969482422
2024-08-19 15:00:00+00:00,58610.63671875,132.6300048828125
2024-08-19 16:00:00+00:00,58715.10546875,134.19000244140625
2024-08-19 17:00:00+00:00,59008.8671875,134.4149932861328
2024-08-19 18:00:00+00:00,59057.60546875,134.60000610351562
2024-08-19 19:00:00+00:00,59132.34375,135.36000061035156
2024-08-20 13:00:00+00:00,60917.6328125,133.64999389648438
2024-08-20 14:00:00+00:00,59533.08984375,132.72999572753906
2024-08-20 15:00:00+00:00,58821.69921875,132.08999633789062
2024-08-20 16:00:00+00:00,58811.2109375,131.27999877929688
2024-08-20 17:00:00+00:00,58992.87109375,133.57000732421875
2024-08-20 18:00:00+00:00,59327.1484375,133.02330017089844
2024-08-20 19:00:00+00:00,59476.6171875,133.83999633789062
2024-08-21 13:00:00+00:00,59389.17578125,136.9250030517578
2024-08-21 14:00:00+00:00,59322.53125,138.0
2024-08-21 15:00:00+00:00,59643.4296875,137.10499572753906
2024-08-21 16:00:00+00:00,59894.4765625,137.41000366210938
2024-08-21 17:00:00+00:00,59941.1796875,139.9499969482422
2024-08-21 18:00:00+00:00,60763.2578125,140.07000732421875
2024-08-21 19:00:00+00:00,61563.75390625,141.4499969482422
2024-08-22 13:00:00+00:00,60873.21875,138.94540405273438
2024-08-22 14:00:00+00:00,60582.68359375,137.85000610351562
2024-08-22 15:00:00+00:00,60397.9296875,137.4741973876953
2024-08-22 16:00:00+00:00,60326.51953125,137.6300048828125
2024-08-22 17:00:00+00:00,60180.19921875,136.4499969482422
2024-08-22 18:00:00+00:00,60342.7734375,134.55999755859375
2024-08-22 19:00:00+00:00,60321.08984375,133.80999755859375
2024-08-23 13:00:00+00:00,61038.12109375,143.0050048828125
2024-08-23 14:00:00+00:00,60998.17578125,140.55999755859375
2024-08-23 15:00:00+00:00,61550.59765625,141.1300048828125
2024-08-23 16:00:00+00:00,61744.6484375,142.5
2024-08-23 17:00:00+00:00,62947.8671875,149.11740112304688
2024-08-23 18:00:00+00:00,63209.359375,151.58990478515625
2024-08-23 19:00:00+00:00,63598.3828125,150.00999450683594
2024-08-26 13:00:00+00:00,63774.51171875,150.69000244140625
2024-08-26 14:00:00+00:00,63445.73046875,148.69500732421875
2024-08-26 15:00:00+00:00,63584.94921875,150.12860107421875
2024-08-26 16:00:00+00:00,63697.49609375,151.2301025390625
2024-08-26 17:00:00+00:00,63409.8984375,147.91000366210938
2024-08-26 18:00:00+00:00,63643.1328125,148.0800018310547
2024-08-26 19:00:00+00:00,63309.484375,146.9199981689453
2024-08-27 13:00:00+00:00,62267.59375,142.4600067138672
2024-08-27 14:00:00+00:00,61831.3125,139.2899932861328
2024-08-27 15:00:00+00:00,61659.8828125,140.75
2024-08-27 16:00:00+00:00,61597.00390625,140.00010681152344
2024-08-27 17:00:00+00:00,61912.19921875,140.58999633789062
2024-08-27 18:00:00+00:00,62103.2734375,140.3300018310547
2024-08-27 19:00:00+00:00,61884.26171875,140.0
2024-08-28 13:00:00+00:00,59400.36328125,135.0417938232422
2024-08-28 14:00:00+00:00,59207.0,132.91900634765625
2024-08-28 15:00:00+00:00,59007.1484375,131.36019897460938
2024-08-28 16:00:00+00:00,59194.60546875,132.21249389648438
2024-08-28 17:00:00+00:00,58663.00390625,132.0500030517578
2024-08-28 18:00:00+00:00,59391.37109375,133.36000061035156
2024-08-28 19:00:00+00:00,59155.9140625,132.02000427246094
2024-08-29 13:00:00+00:00,60623.84375,134.76499938964844
2024-08-29 14:00:00+00:00,60836.171875,136.3800048828125
2024-08-29 15:00:00+00:00,60816.8828125,135.0
2024-08-29 16:00:00+00:00,60334.00390625,134.3699951171875
2024-08-29 17:00:00+00:00,60514.83984375,132.37989807128906
2024-08-29 18:00:00+00:00,59190.5390625,132.4499969482422
2024-08-29 19:00:00+00:00,59216.83984375,132.50999450683594
2024-08-30 13:00:00+00:00,59626.6640625,132.42999267578125
2024-08-30 14:00:00+00:00,58493.59765625,129.4600067138672
2024-08-30 15:00:00+00:00,58034.6484375,129.38499450683594
2024-08-30 16:00:00+00:00,58495.13671875,130.06539916992188
2024-08-30 17:00:00+00:00,58630.8359375,131.22500610351562
2024-08-30 18:00:00+00:00,59321.30078125,132.05999755859375
2024-08-30 19:00:00+00:00,58793.48046875,132.1699981689453
2024-09-03 13:00:00+00:00,58392.3515625,128.89500427246094
2024-09-03 14:00:00+00:00,57690.8046875,127.5999984741211
2024-09-03 15:00:00+00:00,57679.83984375,126.41000366210938
2024-09-03 16:00:00+00:00,57710.1015625,126.42500305175781
2024-09-03 17:00:00+00:00,57730.16015625,123.47000122070312
2024-09-03 18:00:00+00:00,57910.390625,123.94999694824219
2024-09-03 19:00:00+00:00,58018.109375,122.38999938964844
2024-09-04 13:00:00+00:00,56442.36328125,122.03500366210938
2024-09-04 14:00:00+00:00,57558.50390625,123.55500030517578
2024-09-04 15:00:00+00:00,58139.38671875,124.4583969116211
2024-09-04 16:00:00+00:00,58399.09765625,123.36000061035156
2024-09-04 17:00:00+00:00,57913.08203125,124.0
2024-09-04 18:00:00+00:00,57659.67578125,123.62000274658203
2024-09-04 19:00:00+00:00,58127.19140625,124.87000274658203
2024-09-05 13:00:00+00:00,56949.1484375,124.23999786376953
2024-09-05 14:00:00+00:00,56690.24609375,120.9000015258789
2024-09-05 15:00:00+00:00,55987.69140625,121.62999725341797
2024-09-05 16:00:00+00:00,56325.55859375,121.09500122070312
2024-09-05 17:00:00+00:00,56586.953125,122.27999877929688
2024-09-05 18:00:00+00:00,56560.7421875,120.88099670410156
2024-09-05 19:00:00+00:00,55971.80859375,119.55999755859375
2024-09-06 13:00:00+00:00,55981.3515625,118.58999633789062
2024-09-06 14:00:00+00:00,54642.703125,117.3499984741211
2024-09-06 15:00:00+00:00,54016.6328125,115.36180114746094
2024-09-06 16:00:00+00:00,54034.484375,116.2490005493164
2024-09-06 17:00:00+00:00,53948.703125,114.82520294189453
2024-09-06 18:00:00+00:00,53406.15234375,115.12999725341797
2024-09-06 19:00:00+00:00,53554.32421875,114.27999877929688
2024-09-09 13:00:00+00:00,55747.11328125,120.72010040283203
2024-09-09 14:00:00+00:00,54857.9609375,121.06999969482422
2024-09-09 15:00:00+00:00,55400.25,124.23139953613281
2024-09-09 16:00:00+00:00,56500.5703125,123.94999694824219
2024-09-09 17:00:00+00:00,56512.0859375,123.76000213623047
2024-09-09 18:00:00+00:00,56524.75390625,124.87999725341797
2024-09-09 19:00:00+00:00,57163.04296875,124.83999633789062
2024-09-10 13:00:00+00:00,56769.28515625,125.33000183105469
2024-09-10 14:00:00+00:00,56912.96875,125.87999725341797
2024-09-10 15:00:00+00:00,56684.12109375,123.4000015258789
2024-09-10 16:00:00+00:00,56873.08984375,125.77400207519531
2024-09-10 17:00:00+00:00,57150.4453125,127.41999816894531
2024-09-10 18:00:00+00:00,57574.66796875,127.43000030517578
2024-09-10 19:00:00+00:00,58011.03515625,129.66000366210938
2024-09-11 13:00:00+00:00,55838.640625,123.20999908447266
2024-09-11 14:00:00+00:00,55826.7109375,126.5199966430664
2024-09-11 15:00:00+00:00,56716.01171875,128.33999633789062
2024-09-11 16:00:00+00:00,57257.5859375,128.58999633789062
2024-09-11 17:00:00+00:00,57676.71484375,130.6999969482422
2024-09-11 18:00:00+00:00,57500.859375,129.23500061035156
2024-09-11 19:00:00+00:00,57673.984375,129.3000030517578
2024-09-12 13:00:00+00:00,57544.05859375,133.43499755859375
2024-09-12 14:00:00+00:00,57687.07421875,130.00999450683594
2024-09-12 15:00:00+00:00,57506.4296875,130.50010681152344
2024-09-12 16:00:00+00:00,58058.40234375,131.5050048828125
2024-09-12 17:00:00+00:00,58391.359375,131.91639709472656
2024-09-12 18:00:00+00:00,58148.8125,130.92999267578125
2024-09-12 19:00:00+00:00,58387.02734375,130.82000732421875
2024-09-13 13:00:00+00:00,58122.23046875,134.16000366210938
2024-09-13 14:00:00+00:00,58404.33984375,139.0836944580078
2024-09-13 15:00:00+00:00,59621.0390625,139.63999938964844
2024-09-13 16:00:00+00:00,59476.13671875,140.902099609375
2024-09-13 17:00:00+00:00,59604.53125,141.09500122070312
2024-09-13 18:00:00+00:00,59752.8203125,141.63999938964844
2024-09-13 19:00:00+00:00,59700.98046875,141.47000122070312
2024-09-16 13:00:00+00:00,58434.578125,134.9499969482422
2024-09-16 14:00:00+00:00,57609.5859375,135.33999633789062
2024-09-16 15:00:00+00:00,57914.42578125,135.97000122070312
2024-09-16 16:00:00+00:00,57847.79296875,134.6699981689453
2024-09-16 17:00:00+00:00,58182.09375,135.32000732421875
2024-09-16 18:00:00+00:00,57807.7890625,135.2449951171875
2024-09-16 19:00:00+00:00,57978.54296875,134.52999877929688
2024-09-17 13:00:00+00:00,58949.078125,137.06350708007812
2024-09-17 14:00:00+00:00,60249.859375,138.2899932861328
2024-09-17 15:00:00+00:00,61137.2734375,133.8300018310547
2024-09-17 16:00:00+00:00,60929.80078125,131.1320037841797
2024-09-17 17:00:00+00:00,60930.546875,130.36000061035156
2024-09-17 18:00:00+00:00,60565.4140625,131.74000549316406
2024-09-17 19:00:00+00:00,60024.77734375,131.05999755859375
2024-09-18 13:00:00+00:00,59439.79296875,130.41000366210938
2024-09-18 14:00:00+00:00,59456.51171875,131.68499755859375
2024-09-18 15:00:00+00:00,59476.66796875,132.60000610351562
2024-09-18 16:00:00+00:00,59944.921875,133.7324981689453
2024-09-18 17:00:00+00:00,60003.48046875,137.0800018310547
2024-09-18 18:00:00+00:00,60654.56640625,133.8957061767578
2024-09-18 19:00:00+00:00,60063.84765625,132.6300048828125
2024-09-19 13:00:00+00:00,63033.53515625,145.07749938964844
2024-09-19 14:00:00+00:00,62952.72265625,146.12379455566406
2024-09-19 15:00:00+00:00,63177.40625,146.30999755859375
2024-09-19 16:00:00+00:00,63540.38671875,146.40989685058594
2024-09-19 17:00:00+00:00,63768.5703125,147.6708984375
2024-09-19 18:00:00+00:00,63615.94140625,145.5800018310547
2024-09-19 19:00:00+00:00,63283.08984375,145.1199951171875
2024-09-20 13:00:00+00:00,62849.16796875,145.80880737304688
2024-09-20 14:00:00+00:00,63057.3359375,145.02999877929688
2024-09-20 15:00:00+00:00,63204.3828125,146.7100067138672
2024-09-20 16:00:00+00:00,62938.046875,144.55099487304688
2024-09-20 17:00:00+00:00,62695.21484375,144.92999267578125
2024-09-20 18:00:00+00:00,62915.5859375,145.75999450683594
2024-09-20 19:00:00+00:00,62952.44140625,144.63999938964844
2024-09-23 13:00:00+00:00,63183.52734375,150.02000427246094
2024-09-23 14:00:00+00:00,63398.52734375,148.7899932861328
2024-09-23 15:00:00+00:00,63651.41015625,149.24400329589844
2024-09-23 16:00:00+00:00,63252.2578125,149.13999938964844
2024-09-23 17:00:00+00:00,63315.2578125,149.60000610351562
2024-09-23 18:00:00+00:00,63466.71875,149.52000427246094
2024-09-23 19:00:00+00:00,63281.14453125,150.02999877929688
2024-09-24 13:00:00+00:00,63626.65625,148.61000061035156
2024-09-24 14:00:00+00:00,63195.6796875,148.94500732421875
2024-09-24 15:00:00+00:00,63191.19140625,147.48500061035156
2024-09-24 16:00:00+00:00,63313.8828125,150.3000030517578
2024-09-24 17:00:00+00:00,63813.24609375,151.5800018310547
2024-09-24 18:00:00+00:00,63744.48828125,152.03500366210938
2024-09-24 19:00:00+00:00,64284.71875,153.9199981689453
2024-09-25 13:00:00+00:00,63741.55078125,155.61000061035156
2024-09-25 14:00:00+00:00,63878.47265625,155.5500030517578
2024-09-25 15:00:00+00:00,63490.2890625,155.4600067138672
2024-09-25 16:00:00+00:00,63459.734375,152.94410705566406
2024-09-25 17:00:00+00:00,63166.65625,153.51499938964844
2024-09-25 18:00:00+00:00,63316.73828125,152.8300018310547
2024-09-25 19:00:00+00:00,63219.828125,151.94000244140625
2024-09-26 13:00:00+00:00,64359.4921875,162.24949645996094
2024-09-26 14:00:00+00:00,64512.68359375,164.1199951171875
2024-09-26 15:00:00+00:00,65273.96484375,164.90109252929688
2024-09-26 16:00:00+00:00,65353.51953125,165.72999572753906
2024-09-26 17:00:00+00:00,65185.9375,166.44000244140625
2024-09-26 18:00:00+00:00,65269.0234375,166.27999877929688
2024-09-26 19:00:00+00:00,64819.99609375,165.72000122070312
2024-09-27 13:00:00+00:00,65637.671875,175.8000030517578
2024-09-27 14:00:00+00:00,66297.2890625,177.5
2024-09-27 15:00:00+00:00,66046.8671875,177.15499877929688
2024-09-27 16:00:00+00:00,66331.6796875,176.14500427246094
2024-09-27 17:00:00+00:00,65877.7578125,174.4375
2024-09-27 18:00:00+00:00,65887.46875,173.9777069091797
2024-09-27 19:00:00+00:00,65692.9921875,176.36000061035156
2024-09-30 13:00:00+00:00,63894.74609375,170.13999938964844
2024-09-30 14:00:00+00:00,63779.2734375,174.8433074951172
2024-09-30 15:00:00+00:00,63585.37109375,171.85000610351562
2024-09-30 16:00:00+00:00,63478.3125,169.93499755859375
2024-09-30 17:00:00+00:00,63606.078125,170.0
2024-09-30 18:00:00+00:00,63338.07421875,170.71380615234375
2024-09-30 19:00:00+00:00,63588.3828125,168.55999755859375
2024-10-01 13:00:00+00:00,62926.0625,163.2100067138672
2024-10-01 14:00:00+00:00,62581.765625,158.88999938964844
2024-10-01 15:00:00+00:00,62702.33203125,161.25999450683594
2024-10-01 16:00:00+00:00,62447.99609375,158.47000122070312
2024-10-01 17:00:00+00:00,62178.11328125,164.66000366210938
2024-10-01 18:00:00+00:00,61968.29296875,163.2899932861328
2024-10-01 19:00:00+00:00,61726.2265625,162.60000610351562
2024-10-02 13:00:00+00:00,61362.6328125,163.21009826660156
2024-10-02 14:00:00+00:00,61141.76171875,168.14419555664062
2024-10-02 15:00:00+00:00,61830.18359375,172.57000732421875
2024-10-02 16:00:00+00:00,61825.45703125,170.32000732421875
2024-10-02 17:00:00+00:00,61639.11328125,169.43499755859375
2024-10-02 18:00:00+00:00,60814.66015625,165.9188995361328
2024-10-02 19:00:00+00:00,60341.5078125,164.6300048828125
2024-10-03 13:00:00+00:00,60429.72265625,161.76829528808594
2024-10-03 14:00:00+00:00,60230.4375,161.55999755859375
2024-10-03 15:00:00+00:00,60608.80078125,160.3000030517578
2024-10-03 16:00:00+00:00,60117.07421875,160.39999389648438
2024-10-03 17:00:00+00:00,60580.15625,161.42999267578125
2024-10-03 18:00:00+00:00,60732.05859375,162.40499877929688
2024-10-03 19:00:00+00:00,60984.953125,163.42999267578125
2024-10-04 13:00:00+00:00,61568.7734375,165.5240020751953
2024-10-04 14:00:00+00:00,61168.41796875,168.63009643554688
2024-10-04 15:00:00+00:00,61833.66796875,171.48500061035156
2024-10-04 16:00:00+00:00,62241.8203125,172.6699981689453
2024-10-04 17:00:00+00:00,62040.1015625,174.25
2024-10-04 18:00:00+00:00,62319.83203125,175.08999633789062
2024-10-04 19:00:00+00:00,62382.94921875,176.52000427246094
2024-10-07 13:00:00+00:00,63436.13671875,190.85000610351562
2024-10-07 14:00:00+00:00,64066.515625,190.4801025390625
2024-10-07 15:00:00+00:00,63656.97265625,191.5
2024-10-07 16:00:00+00:00,63826.99609375,189.19000244140625
2024-10-07 17:00:00+00:00,63788.20703125,189.27000427246094
2024-10-07 18:00:00+00:00,62906.80859375,185.65499877929688
2024-10-07 19:00:00+00:00,63352.53125,186.13999938964844
2024-10-08 13:00:00+00:00,62939.5390625,191.3385009765625
2024-10-08 14:00:00+00:00,62667.39453125,193.9499969482422
2024-10-08 15:00:00+00:00,62266.04296875,196.2113037109375
2024-10-08 16:00:00+00:00,62496.7265625,195.60000610351562
2024-10-08 17:00:00+00:00,62305.37890625,197.7550048828125
2024-10-08 18:00:00+00:00,62081.49609375,191.72000122070312
2024-10-08 19:00:00+00:00,62300.26953125,192.10000610351562
2024-10-09 13:00:00+00:00,61790.1875,190.10000610351562
2024-10-09 14:00:00+00:00,61765.94140625,196.10000610351562
2024-10-09 15:00:00+00:00,62278.21875,194.97000122070312
2024-10-09 16:00:00+00:00,61754.15625,192.89500427246094
2024-10-09 17:00:00+00:00,61703.74609375,192.27650451660156
2024-10-09 18:00:00+00:00,61145.71875,187.33680725097656
2024-10-09 19:00:00+00:00,61004.12109375,188.91000366210938
2024-10-10 13:00:00+00:00,60868.5078125,186.6300048828125
2024-10-10 14:00:00+00:00,60540.4296875,184.24000549316406
2024-10-10 15:00:00+00:00,60732.06640625,186.93499755859375
2024-10-10 16:00:00+00:00,60307.05859375,185.6334991455078
2024-10-10 17:00:00+00:00,59506.8203125,179.7899932861328
2024-10-10 18:00:00+00:00,59323.36328125,182.3249969482422
2024-10-10 19:00:00+00:00,59659.26953125,183.33999633789062
2024-10-11 13:00:00+00:00,61779.76953125,196.2332000732422
2024-10-11 14:00:00+00:00,61812.62890625,205.1999969482422
2024-10-11 15:00:00+00:00,62416.00390625,206.1300048828125
2024-10-11 16:00:00+00:00,62244.48046875,205.8419952392578
2024-10-11 17:00:00+00:00,62881.37890625,208.60670471191406
2024-10-11 18:00:00+00:00,62884.65625,209.60000610351562
2024-10-11 19:00:00+00:00,63017.21875,212.6300048828125
2024-10-14 13:00:00+00:00,65170.828125,221.99000549316406
2024-10-14 14:00:00+00:00,65960.3515625,223.5626983642578
2024-10-14 15:00:00+00:00,65974.3984375,209.44000244140625
2024-10-14 16:00:00+00:00,65668.2265625,207.89999389648438
2024-10-14 17:00:00+00:00,65672.828125,204.889892578125
2024-10-14 18:00:00+00:00,65765.4765625,205.1199951171875
2024-10-14 19:00:00+00:00,65904.421875,201.66000366210938
2024-10-15 13:00:00+00:00,67642.265625,194.6425018310547
2024-10-15 14:00:00+00:00,65376.83984375,195.6300048828125
2024-10-15 15:00:00+00:00,65932.53125,198.8000030517578
2024-10-15 16:00:00+00:00,66903.71875,196.89999389648438
2024-10-15 17:00:00+00:00,66828.609375,200.33999633789062
2024-10-15 18:00:00+00:00,66949.7734375,197.33999633789062
2024-10-15 19:00:00+00:00,66998.140625,194.3699951171875
2024-10-16 13:00:00+00:00,67401.390625,194.75
2024-10-16 14:00:00+00:00,67633.8828125,197.88499450683594
2024-10-16 15:00:00+00:00,67705.859375,198.36000061035156
2024-10-16 16:00:00+00:00,67761.9609375,197.8612060546875
2024-10-16 17:00:00+00:00,67965.328125,197.05999755859375
2024-10-16 18:00:00+00:00,67810.15625,196.89999389648438
2024-10-16 19:00:00+00:00,67783.28125,193.92999267578125
2024-10-17 13:00:00+00:00,67046.0390625,191.5
2024-10-17 14:00:00+00:00,67104.9765625,197.91000366210938
2024-10-17 15:00:00+00:00,67548.0390625,195.61000061035156
2024-10-17 16:00:00+00:00,67351.9296875,196.46499633789062
2024-10-17 17:00:00+00:00,67278.546875,194.72999572753906
2024-10-17 18:00:00+00:00,66913.6796875,192.55999755859375
2024-10-17 19:00:00+00:00,66800.8515625,193.7100067138672
2024-10-18 13:00:00+00:00,68120.2265625,205.6634063720703
2024-10-18 14:00:00+00:00,68415.6015625,209.77999877929688
2024-10-18 15:00:00+00:00,68779.8203125,210.04010009765625
2024-10-18 16:00:00+00:00,68833.4453125,213.5800018310547
2024-10-18 17:00:00+00:00,68745.1328125,216.1999969482422
2024-10-18 18:00:00+00:00,68824.34375,217.16000366210938
2024-10-18 19:00:00+00:00,68585.34375,215.8800048828125
2024-10-21 13:00:00+00:00,67344.1875,213.9199981689453
2024-10-21 14:00:00+00:00,67216.953125,211.85000610351562
2024-10-21 15:00:00+00:00,67216.1796875,213.92999267578125
2024-10-21 16:00:00+00:00,67261.8046875,217.92990112304688
2024-10-21 17:00:00+00:00,67553.9375,217.1501007080078
2024-10-21 18:00:00+00:00,67311.2578125,220.32699584960938
2024-10-21 19:00:00+00:00,67844.125,219.0500030517578
2024-10-22 13:00:00+00:00,66892.078125,216.50169372558594
2024-10-22 14:00:00+00:00,67539.8984375,217.8623046875
2024-10-22 15:00:00+00:00,67274.59375,216.66000366210938
2024-10-22 16:00:00+00:00,66926.96875,216.6999969482422
2024-10-22 17:00:00+00:00,67289.8203125,216.10499572753906
2024-10-22 18:00:00+00:00,67326.3828125,219.1186065673828
2024-10-22 19:00:00+00:00,67512.328125,219.63999938964844
2024-10-23 13:00:00+00:00,66722.875,220.35899353027344
2024-10-23 14:00:00+00:00,66435.046875,214.93930053710938
2024-10-23 15:00:00+00:00,66156.2421875,214.3300018310547
2024-10-23 16:00:00+00:00,65816.734375,212.0
2024-10-23 17:00:00+00:00,65617.546875,208.6580047607422
2024-10-23 18:00:00+00:00,65956.9609375,213.88999938964844
2024-10-23 19:00:00+00:00,66391.90625,213.94000244140625
2024-10-24 13:00:00+00:00,67845.2578125,226.72000122070312
2024-10-24 14:00:00+00:00,67720.078125,227.66000366210938
2024-10-24 15:00:00+00:00,67660.9453125,223.3446044921875
2024-10-24 16:00:00+00:00,67532.578125,222.6999969482422
2024-10-24 17:00:00+00:00,67610.1953125,229.25
2024-10-24 18:00:00+00:00,67754.0234375,232.81500244140625
2024-10-24 19:00:00+00:00,68237.1171875,235.85000610351562
2024-10-25 13:00:00+00:00,68353.6640625,243.38999938964844
2024-10-25 14:00:00+00:00,68305.640625,243.5399932861328
2024-10-25 15:00:00+00:00,67655.4296875,238.9149932861328
2024-10-25 16:00:00+00:00,67658.734375,236.82000732421875
2024-10-25 17:00:00+00:00,66785.5390625,235.77000427246094
2024-10-25 18:00:00+00:00,66937.1484375,233.2028045654297
2024-10-25 19:00:00+00:00,66850.453125,234.3489990234375
2024-10-28 13:00:00+00:00,68913.34375,246.74000549316406
2024-10-28 14:00:00+00:00,68872.125,245.60580444335938
2024-10-28 15:00:00+00:00,68445.5078125,248.9600067138672
2024-10-28 16:00:00+00:00,68703.90625,252.45480346679688
2024-10-28 17:00:00+00:00,68968.4296875,252.73500061035156
2024-10-28 18:00:00+00:00,69139.8515625,256.8599853515625
2024-10-28 19:00:00+00:00,69480.671875,255.3699951171875
2024-10-29 13:00:00+00:00,71699.09375,255.5
2024-10-29 14:00:00+00:00,71859.3046875,256.0
2024-10-29 15:00:00+00:00,72382.2578125,261.6084899902344
2024-10-29 16:00:00+00:00,72670.1640625,259.0
2024-10-29 17:00:00+00:00,72777.3515625,258.8999938964844
2024-10-29 18:00:00+00:00,73132.0234375,254.27999877929688
2024-10-29 19:00:00+00:00,72787.375,258.3900146484375
2024-10-30 13:00:00+00:00,71981.515625,251.17999267578125
2024-10-30 14:00:00+00:00,72418.328125,254.89500427246094
2024-10-30 15:00:00+00:00,72037.6640625,253.96499633789062
2024-10-30 16:00:00+00:00,72149.453125,251.94000244140625
2024-10-30 17:00:00+00:00,71875.6796875,252.39999389648438
2024-10-30 18:00:00+00:00,71966.2265625,247.22500610351562
2024-10-30 19:00:00+00:00,71907.421875,247.24000549316406
2024-10-31 13:00:00+00:00,71193.921875,245.8000030517578
2024-10-31 14:00:00+00:00,70652.5859375,243.52499389648438
2024-10-31 15:00:00+00:00,70620.734375,246.27000427246094
2024-10-31 16:00:00+00:00,70348.375,250.5178985595703
2024-10-31 17:00:00+00:00,70696.3671875,244.6699981689453
2024-10-31 18:00:00+00:00,70565.609375,245.79989624023438
2024-10-31 19:00:00+00:00,70151.484375,244.4199981689453
2024-11-01 13:00:00+00:00,71043.7109375,254.00999450683594
2024-11-01 14:00:00+00:00,71136.3046875,244.41000366210938
2024-11-01 15:00:00+00:00,69392.5,235.5352020263672
2024-11-01 16:00:00+00:00,69940.734375,233.47000122070312
2024-11-01 17:00:00+00:00,69681.5078125,227.71209716796875
2024-11-01 18:00:00+00:00,69096.7734375,228.3125
2024-11-01 19:00:00+00:00,69188.1953125,229.6199951171875
2024-11-04 14:00:00+00:00,68279.7734375,229.94720458984375
2024-11-04 15:00:00+00:00,68648.6640625,224.99989318847656
2024-11-04 16:00:00+00:00,67607.921875,225.9499969482422
2024-11-04 17:00:00+00:00,67803.484375,227.39999389648438
2024-11-04 18:00:00+00:00,67628.3125,224.3354949951172
2024-11-04 19:00:00+00:00,67844.421875,221.88999938964844
2024-11-04 20:00:00+00:00,67363.5078125,223.0
2024-11-05 14:00:00+00:00,69984.84375,234.82650756835938
2024-11-05 15:00:00+00:00,69542.453125,234.33999633789062
2024-11-05 16:00:00+00:00,70156.015625,228.78900146484375
2024-11-05 17:00:00+00:00,70016.5234375,230.52000427246094
2024-11-05 18:00:00+00:00,70200.203125,232.2449951171875
2024-11-05 19:00:00+00:00,68814.109375,228.86500549316406
2024-11-05 20:00:00+00:00,69473.1640625,227.7899932861328
2024-11-06 14:00:00+00:00,73571.2890625,245.4499969482422
2024-11-06 15:00:00+00:00,74490.7421875,252.7100067138672
2024-11-06 16:00:00+00:00,74321.578125,254.47999572753906
2024-11-06 17:00:00+00:00,74501.4140625,258.0751037597656
2024-11-06 18:00:00+00:00,75264.3828125,258.1300048828125
2024-11-06 19:00:00+00:00,75856.9375,259.2799987792969
2024-11-06 20:00:00+00:00,76287.8671875,257.9100036621094
2024-11-07 14:00:00+00:00,74856.1796875,261.7596130371094
2024-11-07 15:00:00+00:00,75996.96875,264.8800048828125
2024-11-07 16:00:00+00:00,75991.2421875,269.82000732421875
2024-11-07 17:00:00+00:00,76416.4140625,271.7131042480469
2024-11-07 18:00:00+00:00,76615.9375,275.0199890136719
2024-11-07 19:00:00+00:00,76547.3203125,276.2900085449219
2024-11-07 20:00:00+00:00,76585.3203125,270.8949890136719
2024-11-08 14:00:00+00:00,75779.34375,276.4150085449219
2024-11-08 15:00:00+00:00,76407.40625,265.260009765625
2024-11-08 16:00:00+00:00,75969.90625,267.4200134277344
2024-11-08 17:00:00+00:00,76499.21875,270.1499938964844
2024-11-08 18:00:00+00:00,76855.3515625,272.8900146484375
2024-11-08 19:00:00+00:00,77094.2734375,266.6400146484375
2024-11-08 20:00:00+00:00,76637.359375,270.3900146484375
2024-11-11 14:00:00+00:00,82513.703125,315.67498779296875
2024-11-11 15:00:00+00:00,84177.4140625,321.114013671875
2024-11-11 16:00:00+00:00,84298.703125,320.4818115234375
2024-11-11 17:00:00+00:00,84757.25,324.20001220703125
2024-11-11 18:00:00+00:00,85812.25,330.7099914550781
2024-11-11 19:00:00+00:00,86267.7578125,337.1650085449219
2024-11-11 20:00:00+00:00,86909.9921875,340.239990234375
2024-11-12 14:00:00+00:00,87062.65625,347.20001220703125
2024-11-12 15:00:00+00:00,86629.59375,342.3599853515625
2024-11-12 16:00:00+00:00,87119.3359375,346.4735107421875
2024-11-12 17:00:00+00:00,86998.671875,347.9800109863281
2024-11-12 18:00:00+00:00,88985.8671875,354.3500061035156
2024-11-12 19:00:00+00:00,88885.8984375,354.4750061035156
2024-11-12 20:00:00+00:00,89752.15625,356.9599914550781
2024-11-13 14:00:00+00:00,91753.9375,369.0
2024-11-13 15:00:00+00:00,92732.4296875,360.8500061035156
2024-11-13 16:00:00+00:00,92446.6875,355.4831848144531
2024-11-13 17:00:00+00:00,92204.0234375,355.6300048828125
2024-11-13 18:00:00+00:00,92864.609375,342.6099853515625
2024-11-13 19:00:00+00:00,90493.640625,332.4024963378906
2024-11-13 20:00:00+00:00,89622.96875,328.239990234375
2024-11-14 14:00:00+00:00,89179.0390625,331.79998779296875
2024-11-14 15:00:00+00:00,88157.9765625,326.0
2024-11-14 16:00:00+00:00,89093.8828125,327.04998779296875
2024-11-14 17:00:00+00:00,89237.53125,333.54998779296875
2024-11-14 18:00:00+00:00,89114.8046875,334.5799865722656
2024-11-14 19:00:00+00:00,89422.859375,334.7300109863281
2024-11-14 20:00:00+00:00,87757.3203125,327.69000244140625
2024-11-15 14:00:00+00:00,89006.3359375,329.4664001464844
2024-11-15 15:00:00+00:00,88353.375,339.8599853515625
2024-11-15 16:00:00+00:00,89286.0703125,334.0487060546875
2024-11-15 17:00:00+00:00,89510.2890625,334.3999938964844
2024-11-15 18:00:00+00:00,89296.0703125,334.0150146484375
2024-11-15 19:00:00+00:00,90370.234375,348.3299865722656
2024-11-15 20:00:00+00:00,91332.09375,340.0799865722656
2024-11-18 14:00:00+00:00,90159.453125,358.44500732421875
2024-11-18 15:00:00+00:00,92421.390625,374.4599914550781
2024-11-18 16:00:00+00:00,91503.2578125,374.5
2024-11-18 17:00:00+00:00,91569.4296875,372.0
2024-11-18 18:00:00+00:00,90389.84375,359.0799865722656
2024-11-18 19:00:00+00:00,90696.5390625,378.385009765625
2024-11-18 20:00:00+00:00,91381.1875,385.1700134277344
2024-11-19 14:00:00+00:00,91960.203125,403.260009765625
2024-11-19 15:00:00+00:00,92462.5234375,415.6000061035156
2024-11-19 16:00:00+00:00,92640.703125,416.3962097167969
2024-11-19 17:00:00+00:00,92841.4375,421.74249267578125
2024-11-19 18:00:00+00:00,93813.0625,424.44000244140625
2024-11-19 19:00:00+00:00,93268.9296875,442.04998779296875
2024-11-19 20:00:00+00:00,92515.09375,430.9849853515625
2024-11-20 14:00:00+00:00,94693.9453125,480.43011474609375
2024-11-20 15:00:00+00:00,94834.2734375,468.6000061035156
2024-11-20 16:00:00+00:00,94164.6484375,495.38079833984375
2024-11-20 17:00:00+00:00,94207.8203125,494.4849853515625
2024-11-20 18:00:00+00:00,93707.0546875,489.20001220703125
2024-11-20 19:00:00+00:00,94029.71875,489.10540771484375
2024-11-20 20:00:00+00:00,94206.5,473.67999267578125
2024-11-21 14:00:00+00:00,97053.7578125,454.83990478515625
2024-11-21 15:00:00+00:00,96864.7734375,477.2955017089844
2024-11-21 16:00:00+00:00,97180.3125,473.1600036621094
2024-11-21 17:00:00+00:00,97950.421875,466.6700134277344
2024-11-21 18:00:00+00:00,98331.625,442.6499938964844
2024-11-21 19:00:00+00:00,98085.3828125,388.6099853515625
2024-11-21 20:00:00+00:00,98163.9921875,397.0199890136719
2024-11-22 14:00:00+00:00,97309.890625,414.75
2024-11-22 15:00:00+00:00,98850.8671875,430.3478088378906
2024-11-22 16:00:00+00:00,99081.84375,439.5350036621094
2024-11-22 17:00:00+00:00,98997.2421875,431.74969482421875
2024-11-22 18:00:00+00:00,99163.2109375,445.010009765625
2024-11-22 19:00:00+00:00,99341.765625,443.82000732421875
2024-11-22 20:00:00+00:00,99331.953125,421.0
2024-11-25 14:00:00+00:00,95947.4921875,419.7799987792969
2024-11-25 15:00:00+00:00,96147.0703125,412.5249938964844
2024-11-25 16:00:00+00:00,95982.4140625,406.125
2024-11-25 17:00:00+00:00,95284.4609375,406.0199890136719
2024-11-25 18:00:00+00:00,95037.2265625,402.42999267578125
2024-11-25 19:00:00+00:00,94745.8515625,401.5
2024-11-25 20:00:00+00:00,94901.34375,403.45001220703125
2024-11-26 14:00:00+00:00,93397.765625,394.1000061035156
2024-11-26 15:00:00+00:00,92920.9921875,388.4309997558594
2024-11-26 16:00:00+00:00,94103.03125,385.8999938964844
2024-11-26 17:00:00+00:00,93575.2109375,371.80950927734375
2024-11-26 18:00:00+00:00,92647.296875,355.2200927734375
2024-11-26 19:00:00+00:00,91660.5625,354.6199951171875
2024-11-26 20:00:00+00:00,91222.7578125,354.02801513671875
2024-11-27 14:00:00+00:00,94927.296875,385.0
2024-11-27 15:00:00+00:00,95832.7109375,382.3800048828125
2024-11-27 16:00:00+00:00,95773.203125,379.3700866699219
2024-11-27 17:00:00+00:00,96315.765625,386.95001220703125
2024-11-27 18:00:00+00:00,96240.2734375,392.42999267578125
2024-11-27 19:00:00+00:00,96689.2578125,392.20001220703125
2024-11-27 20:00:00+00:00,96485.0703125,388.6199951171875
2024-11-29 14:00:00+00:00,98034.078125,404.77459716796875
2024-11-29 15:00:00+00:00,98326.8515625,398.19000244140625
2024-11-29 16:00:00+00:00,97904.6640625,385.9800109863281
2024-12-02 14:00:00+00:00,96318.6328125,383.1000061035156
2024-12-02 15:00:00+00:00,97200.3203125,385.66650390625
2024-12-02 16:00:00+00:00,96286.3203125,385.1400146484375
2024-12-02 17:00:00+00:00,94644.828125,380.2200012207031
2024-12-02 18:00:00+00:00,95722.4765625,377.6400146484375
2024-12-02 19:00:00+00:00,95824.2265625,379.44000244140625
2024-12-02 20:00:00+00:00,95673.953125,380.32000732421875
2024-12-03 14:00:00+00:00,95243.5625,383.3799133300781
2024-12-03 15:00:00+00:00,95700.9921875,381.80999755859375
2024-12-03 16:00:00+00:00,95196.3046875,378.3999938964844
2024-12-03 17:00:00+00:00,95909.5,382.0115966796875
2024-12-03 18:00:00+00:00,95540.6640625,379.4750061035156
2024-12-03 19:00:00+00:00,95471.6015625,370.94000244140625
2024-12-03 20:00:00+00:00,95660.0703125,373.3500061035156
2024-12-04 14:00:00+00:00,96093.703125,380.010009765625
2024-12-04 15:00:00+00:00,95806.6171875,370.0
2024-12-04 16:00:00+00:00,94992.25,368.6300048828125
2024-12-04 17:00:00+00:00,95529.890625,374.6134948730469
2024-12-04 18:00:00+00:00,96276.484375,381.70001220703125
2024-12-04 19:00:00+00:00,97306.421875,398.54998779296875
2024-12-04 20:00:00+00:00,98956.71875,405.9800109863281
2024-12-05 14:00:00+00:00,103500.8828125,409.5899963378906
2024-12-05 15:00:00+00:00,101507.0703125,397.82000732421875
2024-12-05 16:00:00+00:00,101192.0390625,392.5400085449219
2024-12-05 17:00:00+00:00,101401.796875,393.25
2024-12-05 18:00:00+00:00,100236.46875,390.5000915527344
2024-12-05 19:00:00+00:00,98968.9140625,381.7300109863281
2024-12-05 20:00:00+00:00,99133.6484375,386.3999938964844
2024-12-06 14:00:00+00:00,99509.25,392.6650085449219
2024-12-06 15:00:00+00:00,99218.0546875,390.7936096191406
2024-12-06 16:00:00+00:00,99142.53125,393.8450012207031
2024-12-06 17:00:00+00:00,100859.0,399.29998779296875
2024-12-06 18:00:00+00:00,101608.4453125,399.70001220703125
2024-12-06 19:00:00+00:00,101604.4921875,397.0199890136719
2024-12-06 20:00:00+00:00,101312.796875,395.2200012207031
2024-12-09 14:00:00+00:00,100322.4453125,379.7300109863281
2024-12-09 15:00:00+00:00,97894.140625,381.5382995605469
2024-12-09 16:00:00+00:00,97865.484375,378.69000244140625
2024-12-09 17:00:00+00:00,97479.3359375,381.54998779296875
2024-12-09 18:00:00+00:00,97931.78125,375.70001220703125
2024-12-09 19:00:00+00:00,97000.0703125,365.1499938964844
2024-12-09 20:00:00+00:00,96149.8203125,365.4599914550781
2024-12-10 14:00:00+00:00,97690.3828125,366.70001220703125
2024-12-10 15:00:00+00:00,95689.046875,361.1199951171875
2024-12-10 16:00:00+00:00,96407.015625,362.1549987792969
2024-12-10 17:00:00+00:00,94701.4765625,367.5799865722656
2024-12-10 18:00:00+00:00,95101.9140625,372.20001220703125
2024-12-10 19:00:00+00:00,95926.375,378.5
2024-12-10 20:00:00+00:00,96556.640625,377.45001220703125
2024-12-11 14:00:00+00:00,99579.8671875,400.70001220703125
2024-12-11 15:00:00+00:00,100446.09375,404.92999267578125
2024-12-11 16:00:00+00:00,100658.109375,404.32000732421875
2024-12-11 17:00:00+00:00,99872.2578125,400.1000061035156
2024-12-11 18:00:00+00:00,100471.890625,407.7799987792969
2024-12-11 19:00:00+00:00,101178.0546875,409.2300109863281
2024-12-11 20:00:00+00:00,101283.09375,411.55999755859375
2024-12-12 14:00:00+00:00,101569.546875,406.0
2024-12-12 15:00:00+00:00,101733.7109375,402.5
2024-12-12 16:00:00+00:00,101539.3046875,400.17999267578125
2024-12-12 17:00:00+00:00,101608.109375,403.4578857421875
2024-12-12 18:00:00+00:00,100893.4140625,391.1795959472656
2024-12-12 19:00:00+00:00,99453.1796875,387.5
2024-12-12 20:00:00+00:00,100040.109375,392.7099914550781
2024-12-13 14:00:00+00:00,100988.421875,397.79779052734375
2024-12-13 15:00:00+00:00,99829.96875,395.6705017089844
2024-12-13 16:00:00+00:00,100872.5703125,401.2300109863281
2024-12-13 17:00:00+00:00,101747.4921875,399.408203125
2024-12-13 18:00:00+00:00,101558.9375,402.4599914550781
2024-12-13 19:00:00+00:00,101535.578125,402.20001220703125
2024-12-13 20:00:00+00:00,101673.34375,409.0
2024-12-16 14:00:00+00:00,105328.8671875,427.3500061035156
2024-12-16 15:00:00+00:00,106309.84375,427.510009765625
2024-12-16 16:00:00+00:00,106910.1796875,432.9898986816406
2024-12-16 17:00:00+00:00,107071.7421875,436.4999084472656
2024-12-16 18:00:00+00:00,106999.6171875,417.1650085449219
2024-12-16 19:00:00+00:00,106599.1875,410.2200012207031
2024-12-16 20:00:00+00:00,105974.5703125,408.760009765625
2024-12-17 14:00:00+00:00,108240.0859375,391.51708984375
2024-12-17 15:00:00+00:00,106493.2890625,394.30999755859375
2024-12-17 16:00:00+00:00,106877.5625,395.95001220703125
2024-12-17 17:00:00+00:00,107441.65625,396.2799987792969
2024-12-17 18:00:00+00:00,106514.5625,394.7099914550781
2024-12-17 19:00:00+00:00,106493.6875,391.04998779296875
2024-12-17 20:00:00+00:00,106806.4609375,386.5199890136719
2024-12-18 14:00:00+00:00,103974.03125,374.45001220703125
2024-12-18 15:00:00+00:00,104429.9375,382.67999267578125
2024-12-18 16:00:00+00:00,104087.015625,384.70001220703125
2024-12-18 17:00:00+00:00,104609.5078125,387.510009765625
2024-12-18 18:00:00+00:00,104766.2109375,380.70001220703125
2024-12-18 19:00:00+00:00,102911.7734375,357.3299865722656
2024-12-18 20:00:00+00:00,100943.1640625,349.6499938964844
2024-12-19 14:00:00+00:00,100981.96875,337.1000061035156
2024-12-19 15:00:00+00:00,100578.984375,342.9057922363281
2024-12-19 16:00:00+00:00,100589.4765625,327.5600891113281
2024-12-19 17:00:00+00:00,98771.203125,332.5
2024-12-19 18:00:00+00:00,98726.1875,332.989990234375
2024-12-19 19:00:00+00:00,97021.625,334.7074890136719
2024-12-19 20:00:00+00:00,96493.3203125,326.6199951171875
2024-12-20 14:00:00+00:00,95716.8671875,347.70001220703125
2024-12-20 15:00:00+00:00,97001.703125,355.510009765625
2024-12-20 16:00:00+00:00,96612.0078125,350.4540100097656
2024-12-20 17:00:00+00:00,97331.609375,348.95001220703125
2024-12-20 18:00:00+00:00,97119.3828125,362.1700134277344
2024-12-20 19:00:00+00:00,97161.421875,354.6524963378906
2024-12-20 20:00:00+00:00,96626.6796875,364.8500061035156
2024-12-23 14:00:00+00:00,94145.8359375,343.48028564453125
2024-12-23 15:00:00+00:00,93052.265625,344.6018981933594
2024-12-23 16:00:00+00:00,93785.2578125,350.18499755859375
2024-12-23 17:00:00+00:00,93362.4375,343.8999938964844
2024-12-23 18:00:00+00:00,92694.59375,339.3900146484375
2024-12-23 19:00:00+00:00,92888.640625,333.4700012207031
2024-12-23 20:00:00+00:00,93287.328125,332.94000244140625
2024-12-24 14:00:00+00:00,97391.59375,351.7900085449219
2024-12-24 15:00:00+00:00,98102.625,355.4750061035156
2024-12-24 16:00:00+00:00,98536.8125,358.4700012207031
2024-12-26 14:00:00+00:00,95217.5546875,347.3299865722656
2024-12-26 15:00:00+00:00,95962.5859375,343.75
2024-12-26 16:00:00+00:00,96503.671875,348.6700134277344
2024-12-26 17:00:00+00:00,95737.6328125,347.1499938964844
2024-12-26 18:00:00+00:00,95614.9140625,341.82000732421875
2024-12-26 19:00:00+00:00,96027.9375,341.8356018066406
2024-12-26 20:00:00+00:00,95733.609375,341.3399963378906
2024-12-27 14:00:00+00:00,95551.9609375,331.45001220703125
2024-12-27 15:00:00+00:00,94421.140625,333.4200134277344
2024-12-27 16:00:00+00:00,94008.1171875,328.760009765625
2024-12-27 17:00:00+00:00,94109.375,328.10260009765625
2024-12-27 18:00:00+00:00,94453.7265625,324.510009765625
2024-12-27 19:00:00+00:00,94574.625,329.2699890136719
2024-12-27 20:00:00+00:00,94390.984375,330.3399963378906
2024-12-30 14:00:00+00:00,91863.7421875,304.0090026855469
2024-12-30 15:00:00+00:00,91911.453125,307.79998779296875
2024-12-30 16:00:00+00:00,91917.9609375,308.0
2024-12-30 17:00:00+00:00,93578.1953125,313.92999267578125
2024-12-30 18:00:00+00:00,94442.6328125,315.69000244140625
2024-12-30 19:00:00+00:00,94291.046875,314.7027893066406
2024-12-30 20:00:00+00:00,94189.796875,302.989990234375
2024-12-31 14:00:00+00:00,95560.609375,307.4200134277344
2024-12-31 15:00:00+00:00,95301.5078125,295.09991455078125
2024-12-31 16:00:00+00:00,94695.703125,291.2550048828125
2024-12-31 17:00:00+00:00,93978.8984375,293.2900085449219
2024-12-31 18:00:00+00:00,93758.203125,288.3800048828125
2024-12-31 19:00:00+00:00,93972.9921875,293.1499938964844
2024-12-31 20:00:00+00:00,93337.4921875,289.82000732421875
2025-01-02 15:00:00+00:00,96414.7265625,302.0985107421875
2025-01-02 16:00:00+00:00,97162.8203125,302.125
2025-01-02 17:00:00+00:00,96535.5625,296.239990234375
2025-01-02 18:00:00+00:00,97160.09375,297.7799987792969
2025-01-02 19:00:00+00:00,97246.359375,296.8399963378906
2025-01-02 20:00:00+00:00,97290.2890625,300.2900085449219
2025-01-03 14:00:00+00:00,96973.125,312.30999755859375
2025-01-03 15:00:00+00:00,97528.328125,321.4407958984375
2025-01-03 16:00:00+00:00,97813.875,326.57501220703125
2025-01-03 17:00:00+00:00,97985.1796875,334.79998779296875
2025-01-03 18:00:00+00:00,98460.96875,338.4700927734375
2025-01-03 19:00:00+00:00,98535.625,339.6199951171875
2025-01-03 20:00:00+00:00,98351.0625,339.9700012207031
2025-01-06 14:00:00+00:00,100921.5546875,363.3399963378906
2025-01-06 15:00:00+00:00,102174.2265625,362.7799987792969
2025-01-06 16:00:00+00:00,102157.2421875,358.0
2025-01-06 17:00:00+00:00,101832.2265625,369.29180908203125
2025-01-06 18:00:00+00:00,101884.0,371.9721984863281
2025-01-06 19:00:00+00:00,101854.2421875,378.2550048828125
2025-01-06 20:00:00+00:00,102102.734375,379.7200012207031
2025-01-07 14:00:00+00:00,99929.6484375,353.61309814453125
2025-01-07 15:00:00+00:00,97960.390625,354.1629943847656
2025-01-07 16:00:00+00:00,97800.84375,348.2099914550781
2025-01-07 17:00:00+00:00,97262.21875,343.4700012207031
2025-01-07 18:00:00+00:00,96701.2890625,339.0400085449219
2025-01-07 19:00:00+00:00,96496.671875,337.30999755859375
2025-01-07 20:00:00+00:00,96440.1328125,341.42999267578125
2025-01-08 14:00:00+00:00,95245.234375,333.989990234375
2025-01-08 15:00:00+00:00,95359.8984375,333.4599914550781
2025-01-08 16:00:00+00:00,94741.9609375,318.33990478515625
2025-01-08 17:00:00+00:00,93927.953125,338.510009765625
2025-01-08 18:00:00+00:00,94212.6796875,336.285888671875
2025-01-08 19:00:00+00:00,94258.359375,332.4849853515625
2025-01-08 20:00:00+00:00,93937.09375,331.7200012207031
2025-01-10 14:00:00+00:00,94111.4140625,324.7699890136719
2025-01-10 15:00:00+00:00,93852.59375,326.45001220703125
2025-01-10 16:00:00+00:00,93699.9921875,330.81500244140625
2025-01-10 17:00:00+00:00,95742.3046875,331.0450134277344
2025-01-10 18:00:00+00:00,94941.7421875,330.2550048828125
2025-01-10 19:00:00+00:00,95342.2734375,332.0
2025-01-10 20:00:00+00:00,94811.140625,327.760009765625
2025-01-13 14:00:00+00:00,91915.4765625,316.6632995605469
2025-01-13 15:00:00+00:00,92209.2890625,312.15948486328125
2025-01-13 16:00:00+00:00,91279.7109375,315.6700134277344
2025-01-13 17:00:00+00:00,91897.0078125,317.3382873535156
2025-01-13 18:00:00+00:00,92106.46875,318.8949890136719
2025-01-13 19:00:00+00:00,92248.5,318.0474853515625
2025-01-13 20:00:00+00:00,93656.7890625,328.739990234375
2025-01-14 14:00:00+00:00,96163.8671875,339.66241455078125
2025-01-14 15:00:00+00:00,96567.3984375,337.25
2025-01-14 16:00:00+00:00,95719.71875,337.4200134277344
2025-01-14 17:00:00+00:00,96374.921875,343.2507019042969
2025-01-14 18:00:00+00:00,96775.8046875,352.510009765625
2025-01-14 19:00:00+00:00,96489.5234375,342.0350036621094
2025-01-14 20:00:00+00:00,96357.6953125,342.6199951171875
2025-01-15 14:00:00+00:00,99493.65625,361.9800109863281
2025-01-15 15:00:00+00:00,99209.421875,359.70001220703125
2025-01-15 16:00:00+00:00,99035.3671875,363.2799987792969
2025-01-15 17:00:00+00:00,98652.546875,357.8949890136719
2025-01-15 18:00:00+00:00,99386.25,359.1300048828125
2025-01-15 19:00:00+00:00,99854.84375,365.7749938964844
2025-01-15 20:00:00+00:00,99537.140625,360.8399963378906
2025-01-16 14:00:00+00:00,97605.2890625,353.42999267578125
2025-01-16 15:00:00+00:00,99146.984375,361.20001220703125
2025-01-16 16:00:00+00:00,99314.1015625,362.4599914550781
2025-01-16 17:00:00+00:00,99938.8984375,360.0364074707031
2025-01-16 18:00:00+00:00,99542.265625,363.0707092285156
2025-01-16 19:00:00+00:00,100412.46875,369.5910949707031
2025-01-16 20:00:00+00:00,100488.1796875,366.6499938964844
2025-01-17 14:00:00+00:00,103226.09375,389.4184875488281
2025-01-17 15:00:00+00:00,103926.4375,391.1199951171875
2025-01-17 16:00:00+00:00,104966.3984375,393.79998779296875
2025-01-17 17:00:00+00:00,104122.96875,394.1192932128906
2025-01-17 18:00:00+00:00,104857.4765625,396.2699890136719
2025-01-17 19:00:00+00:00,105844.7578125,392.510009765625
2025-01-17 20:00:00+00:00,104661.8359375,396.6000061035156
2025-01-21 14:00:00+00:00,102967.671875,373.8399963378906
2025-01-21 15:00:00+00:00,103862.4765625,384.809814453125
2025-01-21 16:00:00+00:00,104911.2578125,391.9750061035156
2025-01-21 17:00:00+00:00,106106.2265625,397.2300109863281
2025-01-21 18:00:00+00:00,106913.3984375,402.1600036621094
2025-01-21 19:00:00+00:00,107096.109375,397.9049987792969
2025-01-21 20:00:00+00:00,106168.4765625,389.1000061035156
2025-01-22 14:00:00+00:00,104500.1328125,380.17498779296875
2025-01-22 15:00:00+00:00,104398.2265625,374.5799865722656
2025-01-22 16:00:00+00:00,103699.265625,378.5150146484375
2025-01-22 17:00:00+00:00,104290.5703125,376.75
2025-01-22 18:00:00+00:00,103921.2578125,377.8677062988281
2025-01-22 19:00:00+00:00,104611.3359375,377.73699951171875
2025-01-22 20:00:00+00:00,104391.625,377.1300048828125
2025-01-23 14:00:00+00:00,104813.5,384.70001220703125
2025-01-23 15:00:00+00:00,105050.21875,382.67999267578125
2025-01-23 16:00:00+00:00,105175.953125,378.8450012207031
2025-01-23 17:00:00+00:00,105912.9140625,379.8450012207031
2025-01-23 18:00:00+00:00,105548.78125,377.3804931640625
2025-01-23 19:00:00+00:00,103811.0,385.5799865722656
2025-01-23 20:00:00+00:00,103547.2421875,373.30999755859375
2025-01-24 14:00:00+00:00,105850.40625,372.0693054199219
2025-01-24 15:00:00+00:00,105906.8984375,371.30999755859375
2025-01-24 16:00:00+00:00,105790.4921875,370.92999267578125
2025-01-24 17:00:00+00:00,106437.4453125,374.8763122558594
2025-01-24 18:00:00+00:00,106176.8828125,371.1199951171875
2025-01-24 19:00:00+00:00,105853.03125,361.3699951171875
2025-01-24 20:00:00+00:00,105250.4296875,353.7200012207031
2025-01-27 14:00:00+00:00,102057.0546875,347.54998779296875
2025-01-27 15:00:00+00:00,101333.484375,338.8999938964844
2025-01-27 16:00:00+00:00,99639.59375,334.3299865722656
2025-01-27 17:00:00+00:00,99204.6484375,323.6600036621094
2025-01-27 18:00:00+00:00,99047.5234375,331.7900085449219
2025-01-27 19:00:00+00:00,99603.0390625,338.8800048828125
2025-01-27 20:00:00+00:00,101646.875,347.5
2025-01-28 14:00:00+00:00,102725.4921875,344.4200134277344
2025-01-28 15:00:00+00:00,102661.8203125,336.79998779296875
2025-01-28 16:00:00+00:00,102166.453125,341.2900085449219
2025-01-28 17:00:00+00:00,102669.5859375,338.6400146484375
2025-01-28 18:00:00+00:00,102183.1484375,337.9100036621094
2025-01-28 19:00:00+00:00,102446.234375,337.5663146972656
2025-01-28 20:00:00+00:00,101185.9140625,335.8299865722656
2025-01-29 14:00:00+00:00,102004.390625,336.2300109863281
2025-01-29 15:00:00+00:00,101957.0625,333.79998779296875
2025-01-29 16:00:00+00:00,101994.890625,339.20001220703125
2025-01-29 17:00:00+00:00,102530.140625,336.1499938964844
2025-01-29 18:00:00+00:00,102956.609375,331.3739929199219
2025-01-29 19:00:00+00:00,103615.125,342.7694091796875
2025-01-29 20:00:00+00:00,104304.0234375,341.2099914550781
2025-01-30 14:00:00+00:00,105820.5546875,346.0199890136719
2025-01-30 15:00:00+00:00,105574.7890625,347.2799987792969
2025-01-30 16:00:00+00:00,105770.90625,340.25
2025-01-30 17:00:00+00:00,105281.765625,340.3500061035156
2025-01-30 18:00:00+00:00,105560.4765625,344.13909912109375
2025-01-30 19:00:00+00:00,105766.171875,344.6885070800781
2025-01-30 20:00:00+00:00,105103.5859375,340.20001220703125
2025-01-31 14:00:00+00:00,104414.3828125,342.64630126953125
2025-01-31 15:00:00+00:00,105502.8203125,345.0400085449219
2025-01-31 16:00:00+00:00,105050.8359375,348.4100036621094
2025-01-31 17:00:00+00:00,104669.6640625,347.4844055175781
2025-01-31 18:00:00+00:00,102670.0859375,343.1799011230469
2025-01-31 19:00:00+00:00,102305.5234375,336.54998779296875
2025-01-31 20:00:00+00:00,101603.8828125,334.1700134277344
2025-02-03 14:00:00+00:00,96702.8359375,328.7742004394531
2025-02-03 15:00:00+00:00,99271.7109375,332.1964111328125
2025-02-03 16:00:00+00:00,98696.1796875,330.2300109863281
2025-02-03 17:00:00+00:00,99010.7421875,336.9468078613281
2025-02-03 18:00:00+00:00,99995.4140625,342.17999267578125
2025-02-03 19:00:00+00:00,102005.890625,345.3445129394531
2025-02-03 20:00:00+00:00,101230.265625,347.1700134277344
2025-02-04 14:00:00+00:00,100056.96875,346.4150085449219
2025-02-04 15:00:00+00:00,99442.078125,346.57598876953125
2025-02-04 16:00:00+00:00,99140.2734375,344.79998779296875
2025-02-04 17:00:00+00:00,99237.453125,347.7550048828125
2025-02-04 18:00:00+00:00,99453.8203125,350.8399963378906
2025-02-04 19:00:00+00:00,99188.7109375,345.3500061035156
2025-02-04 20:00:00+00:00,98747.2109375,348.3500061035156
2025-02-05 14:00:00+00:00,98219.3828125,346.3500061035156
2025-02-05 15:00:00+00:00,98071.8671875,342.6000061035156
2025-02-05 16:00:00+00:00,98053.6875,346.1000061035156
2025-02-05 17:00:00+00:00,97633.5546875,342.0201110839844
2025-02-05 18:00:00+00:00,96674.140625,338.5000915527344
2025-02-05 19:00:00+00:00,97390.765625,338.9880065917969
2025-02-05 20:00:00+00:00,97493.890625,336.4750061035156
2025-02-06 14:00:00+00:00,97908.109375,337.4125061035156
2025-02-06 15:00:00+00:00,97276.6875,329.6400146484375
2025-02-06 16:00:00+00:00,96486.609375,330.66558837890625
2025-02-06 17:00:00+00:00,96834.6171875,326.3999938964844
2025-02-06 18:00:00+00:00,96334.78125,324.95989990234375
2025-02-06 19:00:00+00:00,96043.4453125,325.69000244140625
2025-02-06 20:00:00+00:00,96842.25,325.260009765625
2025-02-07 14:00:00+00:00,99764.6796875,335.510009765625
2025-02-07 15:00:00+00:00,98169.3828125,334.74810791015625
2025-02-07 16:00:00+00:00,97905.2421875,338.8800048828125
2025-02-07 17:00:00+00:00,97483.7109375,341.5
2025-02-07 18:00:00+00:00,97769.4609375,336.4090881347656
2025-02-07 19:00:00+00:00,96981.5546875,332.93499755859375
2025-02-07 20:00:00+00:00,95800.640625,327.7300109863281
2025-02-10 14:00:00+00:00,97347.1953125,333.809814453125
2025-02-10 15:00:00+00:00,97230.6640625,334.9800109863281
2025-02-10 16:00:00+00:00,97366.6640625,330.0443115234375
2025-02-10 17:00:00+00:00,97479.953125,332.0342102050781
2025-02-10 18:00:00+00:00,97506.8203125,331.1600036621094
2025-02-10 19:00:00+00:00,97417.1875,331.69000244140625
2025-02-10 20:00:00+00:00,97362.6171875,334.6199951171875
2025-02-11 14:00:00+00:00,96998.9375,331.82000732421875
2025-02-11 15:00:00+00:00,97030.46875,329.4607849121094
2025-02-11 16:00:00+00:00,96344.03125,327.41259765625
2025-02-11 17:00:00+00:00,96099.7734375,323.44000244140625
2025-02-11 18:00:00+00:00,95507.0234375,320.30499267578125
2025-02-11 19:00:00+00:00,95099.53125,320.635009765625
2025-02-11 20:00:00+00:00,95241.0625,319.4700012207031
2025-02-12 14:00:00+00:00,95572.625,319.05999755859375
2025-02-12 15:00:00+00:00,95778.6875,319.3999938964844
2025-02-12 16:00:00+00:00,96952.40625,328.5201110839844
2025-02-12 17:00:00+00:00,97347.0703125,324.6099853515625
2025-02-12 18:00:00+00:00,96930.75,324.4700012207031
2025-02-12 19:00:00+00:00,97193.6484375,330.2099914550781
2025-02-12 20:00:00+00:00,97034.890625,327.010009765625
2025-02-13 14:00:00+00:00,95906.03125,326.29998779296875
2025-02-13 15:00:00+00:00,95925.8671875,320.5849914550781
2025-02-13 16:00:00+00:00,95294.9765625,320.4100036621094
2025-02-13 17:00:00+00:00,95708.2109375,320.0
2025-02-13 18:00:00+00:00,95927.1796875,321.4292907714844
2025-02-13 19:00:00+00:00,95656.7265625,325.9599914550781
2025-02-13 20:00:00+00:00,96261.8359375,325.0299987792969
2025-02-14 14:00:00+00:00,97286.3125,325.3280029296875
2025-02-14 15:00:00+00:00,96957.0390625,329.45001220703125
2025-02-14 16:00:00+00:00,97517.9375,332.2300109863281
2025-02-14 17:00:00+00:00,98700.9453125,340.375
2025-02-14 18:00:00+00:00,98278.984375,338.8500061035156
2025-02-14 19:00:00+00:00,97927.0,340.7799987792969
2025-02-14 20:00:00+00:00,97062.3046875,337.739990234375
2025-02-18 14:00:00+00:00,95646.015625,337.3443908691406
2025-02-18 15:00:00+00:00,95501.640625,335.45001220703125
2025-02-18 16:00:00+00:00,94643.3984375,334.2503967285156
2025-02-18 17:00:00+00:00,94095.6640625,329.04010009765625
2025-02-18 18:00:00+00:00,93873.125,329.55499267578125
2025-02-18 19:00:00+00:00,94083.1953125,332.5
2025-02-18 20:00:00+00:00,94214.4453125,333.95001220703125
2025-02-19 14:00:00+00:00,95855.46875,333.1167907714844
2025-02-19 15:00:00+00:00,95955.5859375,333.6549987792969
2025-02-19 16:00:00+00:00,96245.8359375,331.04998779296875
2025-02-19 17:00:00+00:00,96432.1640625,327.8450012207031
2025-02-19 18:00:00+00:00,95661.71875,320.0
2025-02-19 19:00:00+00:00,96116.8984375,317.5
2025-02-19 20:00:00+00:00,96208.5390625,318.9100036621094
2025-02-20 14:00:00+00:00,97054.9765625,319.67999267578125
2025-02-20 15:00:00+00:00,96919.6640625,318.95001220703125
2025-02-20 16:00:00+00:00,97556.765625,321.5400085449219
2025-02-20 17:00:00+00:00,98005.625,323.2500915527344
2025-02-20 18:00:00+00:00,98337.1328125,322.9700012207031
2025-02-20 19:00:00+00:00,98443.15625,324.4100036621094
2025-02-20 20:00:00+00:00,98423.5,323.80999755859375
2025-02-21 14:00:00+00:00,98839.71875,320.41229248046875
2025-02-21 15:00:00+00:00,98071.1015625,320.25
2025-02-21 16:00:00+00:00,98245.6640625,316.4100036621094
2025-02-21 17:00:00+00:00,97009.53125,310.7550048828125
2025-02-21 18:00:00+00:00,96547.625,306.3399963378906
2025-02-21 19:00:00+00:00,95375.4140625,303.5199890136719
2025-02-21 20:00:00+00:00,94966.3125,299.79998779296875
2025-02-24 14:00:00+00:00,94637.4921875,283.19000244140625
2025-02-24 15:00:00+00:00,94246.828125,290.32000732421875
2025-02-24 16:00:00+00:00,94355.0703125,295.0299987792969
2025-02-24 17:00:00+00:00,94658.1875,295.539794921875
2025-02-24 18:00:00+00:00,94135.8203125,291.75
2025-02-24 19:00:00+00:00,93894.8671875,285.8399963378906
2025-02-24 20:00:00+00:00,94042.59375,282.4599914550781
2025-02-25 14:00:00+00:00,87084.9765625,250.60000610351562
2025-02-25 15:00:00+00:00,87301.0390625,249.50999450683594
2025-02-25 16:00:00+00:00,87449.515625,251.93820190429688
2025-02-25 17:00:00+00:00,87117.859375,249.33999633789062
2025-02-25 18:00:00+00:00,86978.6875,245.14500427246094
2025-02-25 19:00:00+00:00,87863.0859375,257.0249938964844
2025-02-25 20:00:00+00:00,88076.6484375,250.36000061035156
2025-02-26 14:00:00+00:00,87432.484375,250.72999572753906
2025-02-26 15:00:00+00:00,87413.8359375,255.89010620117188
2025-02-26 16:00:00+00:00,86805.0390625,261.1099853515625
2025-02-26 17:00:00+00:00,85626.4609375,251.7100067138672
2025-02-26 18:00:00+00:00,83982.5859375,251.99000549316406
2025-02-26 19:00:00+00:00,83755.3671875,252.4199981689453
2025-02-26 20:00:00+00:00,84382.9453125,263.57000732421875
2025-02-27 14:00:00+00:00,84982.125,260.2699890136719
2025-02-27 15:00:00+00:00,85580.4296875,257.8599853515625
2025-02-27 16:00:00+00:00,84347.984375,255.38999938964844
2025-02-27 17:00:00+00:00,84459.4609375,256.44000244140625
2025-02-27 18:00:00+00:00,84702.921875,248.64500427246094
2025-02-27 19:00:00+00:00,84054.6875,240.49000549316406
2025-02-27 20:00:00+00:00,83613.7578125,239.82000732421875
2025-02-28 14:00:00+00:00,81949.625,256.1650085449219
2025-02-28 15:00:00+00:00,83971.3203125,248.8300018310547
2025-02-28 16:00:00+00:00,84407.1640625,251.75999450683594
2025-02-28 17:00:00+00:00,83610.40625,248.63999938964844
2025-02-28 18:00:00+00:00,84385.390625,252.63999938964844
2025-02-28 19:00:00+00:00,84374.546875,254.2100067138672
2025-02-28 20:00:00+00:00,84320.7578125,255.6024932861328
2025-03-03 14:00:00+00:00,89657.6796875,271.4849853515625
2025-03-03 15:00:00+00:00,90045.546875,262.32000732421875
2025-03-03 16:00:00+00:00,90150.109375,267.6449890136719
2025-03-03 17:00:00+00:00,90238.265625,255.8249969482422
2025-03-03 18:00:00+00:00,87175.28125,255.60000610351562
2025-03-03 19:00:00+00:00,85657.0546875,247.14999389648438
2025-03-03 20:00:00+00:00,85929.8828125,251.3800048828125
2025-03-04 14:00:00+00:00,83668.90625,240.85549926757812
2025-03-04 15:00:00+00:00,82764.75,243.1699981689453
2025-03-04 16:00:00+00:00,83612.578125,257.7650146484375
2025-03-04 17:00:00+00:00,85285.953125,263.80999755859375
2025-03-04 18:00:00+00:00,86832.3359375,275.6700134277344
2025-03-04 19:00:00+00:00,88205.2109375,289.0400085449219
2025-03-04 20:00:00+00:00,86717.046875,274.69000244140625
2025-03-05 14:00:00+00:00,88451.25,275.6099853515625
2025-03-05 15:00:00+00:00,88401.6484375,282.29998779296875
2025-03-05 16:00:00+00:00,89027.859375,297.54010009765625
2025-03-05 17:00:00+00:00,89736.671875,292.5
2025-03-05 18:00:00+00:00,89727.0234375,297.5
2025-03-05 19:00:00+00:00,89806.296875,302.5071105957031
2025-03-05 20:00:00+00:00,90299.5390625,308.5400085449219
2025-03-06 14:00:00+00:00,89676.4375,316.70001220703125
2025-03-06 15:00:00+00:00,90799.7734375,311.6000061035156
2025-03-06 16:00:00+00:00,89384.546875,300.57000732421875
2025-03-06 17:00:00+00:00,88692.0,302.4067077636719
2025-03-06 18:00:00+00:00,88398.8984375,298.2300109863281
2025-03-06 19:00:00+00:00,88649.78125,303.8218994140625
2025-03-06 20:00:00+00:00,89151.0859375,304.2900085449219
2025-03-07 14:00:00+00:00,90461.6328125,302.0
2025-03-07 15:00:00+00:00,88445.3125,287.2200012207031
2025-03-07 16:00:00+00:00,87027.671875,287.6600036621094
2025-03-07 17:00:00+00:00,87475.8359375,298.7200012207031
2025-03-07 18:00:00+00:00,88522.3203125,302.0199890136719
2025-03-07 19:00:00+00:00,87831.1328125,300.32000732421875
2025-03-07 20:00:00+00:00,87073.0859375,286.54998779296875
2025-03-10 13:00:00+00:00,81565.6796875,251.47999572753906
2025-03-10 14:00:00+00:00,79592.9609375,253.0
2025-03-10 15:00:00+00:00,80071.046875,252.36740112304688
2025-03-10 16:00:00+00:00,79143.328125,243.8800048828125
2025-03-10 17:00:00+00:00,78535.3828125,235.0200958251953
2025-03-10 18:00:00+00:00,77535.15625,237.31500244140625
2025-03-10 19:00:00+00:00,78910.546875,238.9499969482422
2025-03-11 13:00:00+00:00,81030.8203125,235.55499267578125
2025-03-11 14:00:00+00:00,79742.0,246.66000366210938
2025-03-11 15:00:00+00:00,81285.9140625,247.05999755859375
2025-03-11 16:00:00+00:00,81315.65625,241.34300231933594
2025-03-11 17:00:00+00:00,81263.265625,254.7449951171875
2025-03-11 18:00:00+00:00,83191.734375,259.1700134277344
2025-03-11 19:00:00+00:00,82996.8828125,260.3299865722656
2025-03-12 13:00:00+00:00,82637.3515625,256.010009765625
2025-03-12 14:00:00+00:00,81583.140625,253.5
2025-03-12 15:00:00+00:00,81690.6796875,260.17498779296875
2025-03-12 16:00:00+00:00,82039.328125,265.489990234375
2025-03-12 17:00:00+00:00,81872.828125,263.45770263671875
2025-03-12 18:00:00+00:00,82514.015625,261.42498779296875
2025-03-12 19:00:00+00:00,83055.46875,262.5400085449219
2025-03-13 13:00:00+00:00,81725.8359375,265.5400085449219
2025-03-13 14:00:00+00:00,81962.234375,261.95001220703125
2025-03-13 15:00:00+00:00,81059.4375,262.0249938964844
2025-03-13 16:00:00+00:00,80760.9140625,259.2900085449219
2025-03-13 17:00:00+00:00,79976.3671875,265.79998779296875
2025-03-13 18:00:00+00:00,80788.4296875,264.67999267578125
2025-03-13 19:00:00+00:00,80251.234375,263.57000732421875
2025-03-14 13:00:00+00:00,83581.6015625,274.10791015625
2025-03-14 14:00:00+00:00,83446.1015625,289.3500061035156
2025-03-14 15:00:00+00:00,84746.7265625,288.7099914550781
2025-03-14 16:00:00+00:00,84779.875,290.07000732421875
2025-03-14 17:00:00+00:00,84346.9921875,291.5
2025-03-14 18:00:00+00:00,84600.0078125,294.7900085449219
2025-03-14 19:00:00+00:00,84609.84375,297.1300048828125
2025-03-17 13:00:00+00:00,83026.0859375,283.17999267578125
2025-03-17 14:00:00+00:00,82930.125,287.3399963378906
2025-03-17 15:00:00+00:00,83540.578125,287.5177917480469
2025-03-17 16:00:00+00:00,83452.4921875,291.7900085449219
2025-03-17 17:00:00+00:00,84228.1796875,294.135009765625
2025-03-17 18:00:00+00:00,84517.3359375,293.9649963378906
2025-03-17 19:00:00+00:00,84482.6953125,294.260009765625
2025-03-18 13:00:00+00:00,81241.859375,285.2550048828125
2025-03-18 14:00:00+00:00,81799.0,288.45001220703125
2025-03-18 15:00:00+00:00,81558.828125,289.6689147949219
2025-03-18 16:00:00+00:00,81846.125,281.19000244140625
2025-03-18 17:00:00+00:00,81379.7734375,278.8599853515625
2025-03-18 18:00:00+00:00,81820.421875,282.8866882324219
2025-03-18 19:00:00+00:00,82428.3515625,283.29998779296875
2025-03-19 13:00:00+00:00,84198.3046875,294.70660400390625
2025-03-19 14:00:00+00:00,84285.2265625,297.8699951171875
2025-03-19 15:00:00+00:00,84726.921875,299.7850036621094
2025-03-19 16:00:00+00:00,84595.0,296.7925109863281
2025-03-19 17:00:00+00:00,84153.84375,296.98150634765625
2025-03-19 18:00:00+00:00,85773.8359375,301.0071105957031
2025-03-19 19:00:00+00:00,85317.53125,303.67999267578125
2025-03-20 13:00:00+00:00,85414.2109375,307.8500061035156
2025-03-20 14:00:00+00:00,86020.2265625,304.92999267578125
2025-03-20 15:00:00+00:00,84720.1484375,294.4801025390625
2025-03-20 16:00:00+00:00,83713.7265625,298.30999755859375
2025-03-20 17:00:00+00:00,84018.6796875,297.8900146484375
2025-03-20 18:00:00+00:00,83976.6640625,299.614990234375
2025-03-20 19:00:00+00:00,84188.125,302.07000732421875
2025-03-21 13:00:00+00:00,83999.9453125,298.79010009765625
2025-03-21 14:00:00+00:00,84093.96875,297.96539306640625
2025-03-21 15:00:00+00:00,83559.28125,299.2850036621094
2025-03-21 16:00:00+00:00,84062.71875,296.6600036621094
2025-03-21 17:00:00+00:00,83973.1640625,299.4100036621094
2025-03-21 18:00:00+00:00,84111.453125,302.70001220703125
2025-03-21 19:00:00+00:00,83962.1796875,303.80999755859375
2025-03-24 13:00:00+00:00,87659.21875,328.25030517578125
2025-03-24 14:00:00+00:00,87949.90625,324.94000244140625
2025-03-24 15:00:00+00:00,88324.6015625,324.8999938964844
2025-03-24 16:00:00+00:00,88002.8828125,328.6499938964844
2025-03-24 17:00:00+00:00,88429.625,331.9700012207031
2025-03-24 18:00:00+00:00,88538.6484375,334.57501220703125
2025-03-24 19:00:00+00:00,88243.6875,335.57000732421875
2025-03-25 13:00:00+00:00,87625.765625,338.86669921875
2025-03-25 14:00:00+00:00,87945.421875,337.7900085449219
2025-03-25 15:00:00+00:00,87877.5,336.5199890136719
2025-03-25 16:00:00+00:00,87822.28125,338.5903015136719
2025-03-25 17:00:00+00:00,87990.75,338.54998779296875
2025-03-25 18:00:00+00:00,87867.4765625,339.0000915527344
2025-03-25 19:00:00+00:00,88272.265625,341.7799987792969
2025-03-26 13:00:00+00:00,86875.4296875,331.8999938964844
2025-03-26 14:00:00+00:00,86828.5859375,331.29998779296875
2025-03-26 15:00:00+00:00,86724.765625,331.2300109863281
2025-03-26 16:00:00+00:00,86498.75,326.4100036621094
2025-03-26 17:00:00+00:00,86526.0625,327.3800048828125
2025-03-26 18:00:00+00:00,86214.203125,324.95001220703125
2025-03-26 19:00:00+00:00,86650.890625,329.4049987792969
2025-03-27 13:00:00+00:00,86437.390625,329.7998962402344
2025-03-27 14:00:00+00:00,87265.640625,329.6300048828125
2025-03-27 15:00:00+00:00,86969.8046875,322.6400146484375
2025-03-27 16:00:00+00:00,86813.34375,320.489990234375
2025-03-27 17:00:00+00:00,86942.4765625,324.6708068847656
2025-03-27 18:00:00+00:00,87248.7421875,327.4849853515625
2025-03-27 19:00:00+00:00,87150.8359375,324.4800109863281
2025-03-28 13:00:00+00:00,84992.0546875,301.1600036621094
2025-03-28 14:00:00+00:00,84176.015625,302.9200134277344
2025-03-28 15:00:00+00:00,84025.6171875,297.9100036621094
2025-03-28 16:00:00+00:00,83779.328125,292.5950012207031
2025-03-28 17:00:00+00:00,83907.9609375,292.8500061035156
2025-03-28 18:00:00+00:00,83796.4453125,292.3599853515625
2025-03-28 19:00:00+00:00,83789.859375,289.55999755859375
2025-03-31 13:00:00+00:00,82607.1328125,284.6499938964844
2025-03-31 14:00:00+00:00,83497.828125,290.79998779296875
2025-03-31 15:00:00+00:00,83500.625,292.5957946777344
2025-03-31 16:00:00+00:00,83293.375,289.3299865722656
2025-03-31 17:00:00+00:00,82687.046875,292.29998779296875
2025-03-31 18:00:00+00:00,83372.7890625,288.1875
2025-03-31 19:00:00+00:00,82571.0078125,288.375
2025-04-01 13:00:00+00:00,83608.6171875,286.0199890136719
2025-04-01 14:00:00+00:00,84152.421875,301.1700134277344
2025-04-01 15:00:00+00:00,85272.8984375,300.010009765625
2025-04-01 16:00:00+00:00,85198.5234375,300.5249938964844
2025-04-01 17:00:00+00:00,85142.109375,293.69000244140625
2025-04-01 18:00:00+00:00,85124.1953125,299.67999267578125
2025-04-01 19:00:00+00:00,84829.515625,306.0299987792969
2025-04-02 13:00:00+00:00,85468.5078125,305.3900146484375
2025-04-02 14:00:00+00:00,85882.1171875,315.2300109863281
2025-04-02 15:00:00+00:00,86824.46875,311.3599853515625
2025-04-02 16:00:00+00:00,86981.828125,309.17999267578125
2025-04-02 17:00:00+00:00,86601.21875,304.3008117675781
2025-04-02 18:00:00+00:00,86317.65625,306.6700134277344
2025-04-02 19:00:00+00:00,86891.4609375,312.885009765625
2025-04-03 13:00:00+00:00,82280.1640625,294.8599853515625
2025-04-03 14:00:00+00:00,81496.0234375,290.6400146484375
2025-04-03 15:00:00+00:00,82032.515625,290.8399963378906
2025-04-03 16:00:00+00:00,81752.6171875,281.67010498046875
2025-04-03 17:00:00+00:00,81817.703125,277.44000244140625
2025-04-03 18:00:00+00:00,82004.5703125,279.44000244140625
2025-04-03 19:00:00+00:00,82066.6015625,283.3599853515625
2025-04-04 13:00:00+00:00,83290.8359375,274.5
2025-04-04 14:00:00+00:00,82693.9140625,278.5249938964844
2025-04-04 15:00:00+00:00,82845.3671875,274.1170959472656
2025-04-04 16:00:00+00:00,83362.6015625,280.6000061035156
2025-04-04 17:00:00+00:00,84344.4609375,290.1333923339844
2025-04-04 18:00:00+00:00,83895.46875,295.1072998046875
2025-04-04 19:00:00+00:00,83918.0,293.20001220703125
2025-04-07 13:00:00+00:00,78259.15625,268.9908142089844
2025-04-07 14:00:00+00:00,78982.7734375,265.29998779296875
2025-04-07 15:00:00+00:00,78540.28125,264.2900085449219
2025-04-07 16:00:00+00:00,77345.265625,270.0375061035156
2025-04-07 17:00:00+00:00,79064.859375,271.8374938964844
2025-04-07 18:00:00+00:00,78321.78125,270.4649963378906
2025-04-07 19:00:00+00:00,78234.46875,268.1099853515625
2025-04-08 13:00:00+00:00,79938.78125,278.7550048828125
2025-04-08 14:00:00+00:00,78530.4765625,268.04998779296875
2025-04-08 15:00:00+00:00,78486.2109375,265.15850830078125
2025-04-08 16:00:00+00:00,77427.8046875,252.8300018310547
2025-04-08 17:00:00+00:00,77295.171875,252.85000610351562
2025-04-08 18:00:00+00:00,77226.828125,243.67999267578125
2025-04-08 19:00:00+00:00,76786.71875,237.94000244140625
2025-04-09 13:00:00+00:00,77719.2109375,249.6959991455078
2025-04-09 14:00:00+00:00,76968.9765625,248.55360412597656
2025-04-09 15:00:00+00:00,77112.640625,249.1999969482422
2025-04-09 16:00:00+00:00,78161.0625,270.79998779296875
2025-04-09 17:00:00+00:00,82134.9296875,299.1000061035156
2025-04-09 18:00:00+00:00,81820.40625,299.48431396484375
2025-04-09 19:00:00+00:00,82227.609375,295.9200134277344
2025-04-10 13:00:00+00:00,80862.578125,277.7699890136719
2025-04-10 14:00:00+00:00,81234.6015625,272.4049987792969
2025-04-10 15:00:00+00:00,78640.9453125,263.5
2025-04-10 16:00:00+00:00,79403.6875,272.3550109863281
2025-04-10 17:00:00+00:00,79343.8125,277.48028564453125
2025-04-10 18:00:00+00:00,79499.9765625,269.0199890136719
2025-04-10 19:00:00+00:00,79790.328125,272.1700134277344
2025-04-11 13:00:00+00:00,82794.6875,278.8399963378906
2025-04-11 14:00:00+00:00,81887.59375,288.0299987792969
2025-04-11 15:00:00+00:00,82480.0625,291.1300048828125
2025-04-11 16:00:00+00:00,82785.4375,296.29998779296875
2025-04-11 17:00:00+00:00,83846.5859375,302.05999755859375
2025-04-11 18:00:00+00:00,83574.8984375,301.7049865722656
2025-04-11 19:00:00+00:00,83853.390625,299.6499938964844
2025-04-14 13:00:00+00:00,84460.9765625,310.7099914550781
2025-04-14 14:00:00+00:00,85450.1484375,306.4100036621094
2025-04-14 15:00:00+00:00,84114.8125,303.9241943359375
2025-04-14 16:00:00+00:00,84367.96875,306.135009765625
2025-04-14 17:00:00+00:00,84874.984375,309.28009033203125
2025-04-14 18:00:00+00:00,84941.0859375,312.3605041503906
2025-04-14 19:00:00+00:00,84881.8125,311.30999755859375
2025-04-15 13:00:00+00:00,85642.75,311.037109375
2025-04-15 14:00:00+00:00,85171.9375,311.7950134277344
2025-04-15 15:00:00+00:00,84793.171875,312.28131103515625
2025-04-15 16:00:00+00:00,84817.34375,311.1499938964844
2025-04-15 17:00:00+00:00,84512.1015625,307.3800048828125
2025-04-15 18:00:00+00:00,84194.03125,307.7699890136719
2025-04-15 19:00:00+00:00,84010.5234375,310.69000244140625
2025-04-16 13:00:00+00:00,83806.1171875,314.23748779296875
2025-04-16 14:00:00+00:00,84550.8046875,317.5050048828125
2025-04-16 15:00:00+00:00,84879.2421875,314.73590087890625
2025-04-16 16:00:00+00:00,85063.453125,317.489990234375
2025-04-16 17:00:00+00:00,83360.2109375,311.7300109863281
2025-04-16 18:00:00+00:00,84036.1015625,308.17388916015625
2025-04-16 19:00:00+00:00,84382.3984375,311.67999267578125
2025-04-17 13:00:00+00:00,84406.1875,307.1449890136719
2025-04-17 14:00:00+00:00,84074.1640625,309.69000244140625
2025-04-17 15:00:00+00:00,84502.734375,313.74639892578125
2025-04-17 16:00:00+00:00,84929.8828125,312.17999267578125
2025-04-17 17:00:00+00:00,85147.125,317.3550109863281
2025-04-17 18:00:00+00:00,85098.75,315.3299865722656
2025-04-17 19:00:00+00:00,84896.4375,317.30999755859375
2025-04-21 13:00:00+00:00,87080.609375,328.0350036621094
2025-04-21 14:00:00+00:00,88168.6015625,320.7391052246094
2025-04-21 15:00:00+00:00,88072.875,318.7499084472656
2025-04-21 16:00:00+00:00,87082.0625,315.0299987792969
2025-04-21 17:00:00+00:00,86798.7890625,314.9200134277344
2025-04-21 18:00:00+00:00,86825.546875,316.92999267578125
2025-04-21 19:00:00+00:00,87380.0625,317.6499938964844
2025-04-22 13:00:00+00:00,90104.265625,340.1549987792969
2025-04-22 14:00:00+00:00,90839.109375,345.23199462890625
2025-04-22 15:00:00+00:00,90849.25,345.244384765625
2025-04-22 16:00:00+00:00,90711.4453125,342.1512145996094
2025-04-22 17:00:00+00:00,91491.8671875,346.85400390625
2025-04-22 18:00:00+00:00,91533.453125,344.51031494140625
2025-04-22 19:00:00+00:00,91399.7265625,343.0199890136719
2025-04-23 13:00:00+00:00,93019.703125,348.4115905761719
2025-04-23 14:00:00+00:00,92952.6171875,340.75
2025-04-23 15:00:00+00:00,93091.9609375,347.625
2025-04-23 16:00:00+00:00,93665.234375,349.0450134277344
2025-04-23 17:00:00+00:00,93922.234375,349.7099914550781
2025-04-23 18:00:00+00:00,93701.7421875,345.0150146484375
2025-04-23 19:00:00+00:00,93603.5390625,345.6099853515625
2025-04-24 13:00:00+00:00,92711.296875,347.1099853515625
2025-04-24 14:00:00+00:00,93094.2578125,347.0
2025-04-24 15:00:00+00:00,93279.3828125,349.239990234375
2025-04-24 16:00:00+00:00,93498.359375,346.3800964355469
2025-04-24 17:00:00+00:00,93019.109375,346.0450134277344
2025-04-24 18:00:00+00:00,93411.21875,345.9100036621094
2025-04-24 19:00:00+00:00,93678.234375,350.29998779296875
2025-04-25 13:00:00+00:00,94497.0625,364.7383117675781
2025-04-25 14:00:00+00:00,95521.484375,367.4898986816406
2025-04-25 15:00:00+00:00,95161.7734375,367.92010498046875
2025-04-25 16:00:00+00:00,95290.9609375,369.1000061035156
2025-04-25 17:00:00+00:00,94567.2265625,372.159912109375
2025-04-25 18:00:00+00:00,95025.109375,367.95001220703125
2025-04-25 19:00:00+00:00,95300.015625,368.7699890136719
2025-04-28 13:00:00+00:00,94109.7890625,364.1199951171875
2025-04-28 14:00:00+00:00,94440.3046875,355.4700012207031
2025-04-28 15:00:00+00:00,93787.671875,359.63140869140625
2025-04-28 16:00:00+00:00,93721.5078125,357.7449951171875
2025-04-28 17:00:00+00:00,94114.921875,361.2049865722656
2025-04-28 18:00:00+00:00,94239.5390625,366.17279052734375
2025-04-28 19:00:00+00:00,94834.171875,369.2099914550781
2025-04-29 13:00:00+00:00,94962.2734375,373.5400085449219
2025-04-29 14:00:00+00:00,95083.453125,377.3999938964844
2025-04-29 15:00:00+00:00,94846.7890625,380.2300109863281
2025-04-29 16:00:00+00:00,95004.3046875,380.7650146484375
2025-04-29 17:00:00+00:00,95308.46875,383.81500244140625
2025-04-29 18:00:00+00:00,95433.9609375,381.8399963378906
2025-04-29 19:00:00+00:00,95372.0625,381.57000732421875
2025-04-30 13:00:00+00:00,93088.8203125,375.8399963378906
2025-04-30 14:00:00+00:00,93829.0859375,380.506103515625
2025-04-30 15:00:00+00:00,94036.4453125,379.6000061035156
2025-04-30 16:00:00+00:00,93956.8671875,380.6036071777344
2025-04-30 17:00:00+00:00,94110.4765625,380.1099853515625
2025-04-30 18:00:00+00:00,94103.2109375,377.8399963378906
2025-04-30 19:00:00+00:00,94237.2421875,379.8399963378906
2025-05-01 13:00:00+00:00,95895.8671875,394.4635009765625
2025-05-01 14:00:00+00:00,96862.9609375,400.8399963378906
2025-05-01 15:00:00+00:00,96926.359375,397.2699890136719
2025-05-01 16:00:00+00:00,97106.921875,393.2898864746094
2025-05-01 17:00:00+00:00,96807.9453125,386.6299133300781
2025-05-01 18:00:00+00:00,96891.0390625,385.7049865722656
2025-05-01 19:00:00+00:00,96538.296875,381.70001220703125
2025-05-02 13:00:00+00:00,96776.296875,389.3900146484375
2025-05-02 14:00:00+00:00,97788.7265625,392.5895080566406
2025-05-02 15:00:00+00:00,97394.171875,395.07000732421875
2025-05-02 16:00:00+00:00,97398.4140625,396.38580322265625
2025-05-02 17:00:00+00:00,97458.578125,399.30999755859375
2025-05-02 18:00:00+00:00,97212.9375,399.3949890136719
2025-05-02 19:00:00+00:00,96983.0703125,394.3900146484375
2025-05-05 13:00:00+00:00,94121.0078125,376.0
2025-05-05 14:00:00+00:00,93890.3984375,376.5710144042969
2025-05-05 15:00:00+00:00,93708.7734375,380.1773986816406
2025-05-05 16:00:00+00:00,94197.84375,383.0
2025-05-05 17:00:00+00:00,94509.4140625,385.6111145019531
2025-05-05 18:00:00+00:00,94726.6171875,390.0
2025-05-05 19:00:00+00:00,94367.7734375,386.20001220703125
2025-05-06 13:00:00+00:00,93625.703125,380.07769775390625
2025-05-06 14:00:00+00:00,94158.6953125,381.68499755859375
2025-05-06 15:00:00+00:00,94558.671875,381.2749938964844
2025-05-06 16:00:00+00:00,94264.328125,382.69500732421875
2025-05-06 17:00:00+00:00,94531.78125,384.8450012207031
2025-05-06 18:00:00+00:00,95049.2734375,386.82000732421875
2025-05-06 19:00:00+00:00,94948.0859375,385.20001220703125
2025-05-07 13:00:00+00:00,97014.65625,395.1650085449219
2025-05-07 14:00:00+00:00,96938.171875,394.6449890136719
2025-05-07 15:00:00+00:00,96970.6953125,391.8900146484375
2025-05-07 16:00:00+00:00,96880.875,392.20001220703125
2025-05-07 17:00:00+00:00,96284.9765625,391.0700988769531
2025-05-07 18:00:00+00:00,96554.2734375,389.67498779296875
2025-05-07 19:00:00+00:00,96197.09375,392.4599914550781
2025-05-08 13:00:00+00:00,99293.3515625,407.052001953125
2025-05-08 14:00:00+00:00,99494.28125,413.4700012207031
2025-05-08 15:00:00+00:00,100842.921875,419.20001220703125
2025-05-08 16:00:00+00:00,101323.0546875,421.7900085449219
2025-05-08 17:00:00+00:00,101029.6328125,418.5950012207031
2025-05-08 18:00:00+00:00,101381.859375,416.4100036621094
2025-05-08 19:00:00+00:00,101135.890625,414.5899963378906
2025-05-09 13:00:00+00:00,103717.921875,413.6499938964844
2025-05-09 14:00:00+00:00,103136.1875,412.6400146484375
2025-05-09 15:00:00+00:00,102872.546875,407.2099914550781
2025-05-09 16:00:00+00:00,102377.6875,410.8580017089844
2025-05-09 17:00:00+00:00,103199.71875,413.7799987792969
2025-05-09 18:00:00+00:00,103248.21875,413.0799865722656
2025-05-09 19:00:00+00:00,103134.65625,416.0299987792969
2025-05-12 13:00:00+00:00,104282.0234375,403.80841064453125
2025-05-12 14:00:00+00:00,102823.6640625,408.57501220703125
2025-05-12 15:00:00+00:00,102535.0078125,407.2829895019531
2025-05-12 16:00:00+00:00,102840.4453125,410.4700012207031
2025-05-12 17:00:00+00:00,102569.453125,405.090087890625
2025-05-12 18:00:00+00:00,101717.5,407.2550048828125
2025-05-12 19:00:00+00:00,101806.8359375,404.9100036621094
2025-05-13 13:00:00+00:00,103782.71875,407.8999938964844
2025-05-13 14:00:00+00:00,103191.15625,409.239990234375
2025-05-13 15:00:00+00:00,103656.6953125,416.3900146484375
2025-05-13 16:00:00+00:00,103784.71875,415.81500244140625
2025-05-13 17:00:00+00:00,104288.9296875,418.57000732421875
2025-05-13 18:00:00+00:00,104372.9609375,420.875
2025-05-13 19:00:00+00:00,104718.34375,421.6700134277344
2025-05-14 13:00:00+00:00,103871.546875,417.05999755859375
2025-05-14 14:00:00+00:00,103276.1484375,418.6650085449219
2025-05-14 15:00:00+00:00,103488.6953125,417.1300048828125
2025-05-14 16:00:00+00:00,103384.6171875,413.45001220703125
2025-05-14 17:00:00+00:00,103248.8828125,413.3349914550781
2025-05-14 18:00:00+00:00,103406.953125,417.864990234375
2025-05-14 19:00:00+00:00,103299.3046875,416.57000732421875
2025-05-15 13:00:00+00:00,102146.3046875,404.19000244140625
2025-05-15 14:00:00+00:00,101945.0546875,402.6099853515625
2025-05-15 15:00:00+00:00,103227.4765625,403.44500732421875
2025-05-15 16:00:00+00:00,103783.046875,406.4599914550781
2025-05-15 17:00:00+00:00,103981.28125,400.45001220703125
2025-05-15 18:00:00+00:00,102679.7109375,395.42498779296875
2025-05-15 19:00:00+00:00,103219.03125,397.0199890136719
2025-05-16 13:00:00+00:00,104081.1953125,394.44000244140625
2025-05-16 14:00:00+00:00,103583.4453125,401.6050109863281
2025-05-16 15:00:00+00:00,104135.71875,401.06500244140625
2025-05-16 16:00:00+00:00,104216.53125,405.9700012207031
2025-05-16 17:00:00+00:00,103865.796875,404.43499755859375
2025-05-16 18:00:00+00:00,103770.1484375,398.85040283203125
2025-05-16 19:00:00+00:00,104017.1328125,399.4800109863281
2025-05-19 13:00:00+00:00,103407.671875,400.3399963378906
2025-05-19 14:00:00+00:00,104290.453125,405.9006042480469
2025-05-19 15:00:00+00:00,104832.3203125,411.8399963378906
2025-05-19 16:00:00+00:00,105357.7265625,411.05999755859375
2025-05-19 17:00:00+00:00,105401.8515625,409.6400146484375
2025-05-19 18:00:00+00:00,104755.359375,409.0729064941406
2025-05-19 19:00:00+00:00,105494.4296875,413.17999267578125
2025-05-20 13:00:00+00:00,104472.1484375,411.6000061035156
2025-05-20 14:00:00+00:00,104564.7109375,411.7900085449219
2025-05-20 15:00:00+00:00,105382.1796875,412.9624938964844
2025-05-20 16:00:00+00:00,105231.078125,415.22100830078125
2025-05-20 17:00:00+00:00,106229.7265625,411.46990966796875
2025-05-20 18:00:00+00:00,105297.0390625,411.7892150878906
2025-05-20 19:00:00+00:00,107051.0859375,417.32000732421875
2025-05-21 13:00:00+00:00,107465.3984375,412.64691162109375
2025-05-21 14:00:00+00:00,108884.9921875,419.8547058105469
2025-05-21 15:00:00+00:00,109026.0390625,418.5899963378906
2025-05-21 16:00:00+00:00,109274.6953125,399.4800109863281
2025-05-21 17:00:00+00:00,106395.4765625,396.30999755859375
2025-05-21 18:00:00+00:00,107047.7734375,397.6000061035156
2025-05-21 19:00:00+00:00,108799.6328125,402.45001220703125
2025-05-22 13:00:00+00:00,111179.6796875,411.7699890136719
2025-05-22 14:00:00+00:00,110731.1171875,406.6499938964844
2025-05-22 15:00:00+00:00,111236.671875,407.1199951171875
2025-05-22 16:00:00+00:00,111191.9765625,405.8070068359375
2025-05-22 17:00:00+00:00,111539.7109375,403.67999267578125
2025-05-22 18:00:00+00:00,111805.671875,403.8999938964844
2025-05-22 19:00:00+00:00,111056.421875,399.7200012207031
2025-05-23 13:00:00+00:00,109665.4609375,384.42999267578125
2025-05-23 14:00:00+00:00,109755.4921875,375.6299133300781
2025-05-23 15:00:00+00:00,109137.84375,374.0400085449219
2025-05-23 16:00:00+00:00,109016.5078125,378.32000732421875
2025-05-23 17:00:00+00:00,109482.5390625,376.2099914550781
2025-05-23 18:00:00+00:00,108783.625,377.1549987792969
2025-05-23 19:00:00+00:00,108866.1640625,369.239990234375
2025-05-27 13:00:00+00:00,109915.8359375,367.2850036621094
2025-05-27 14:00:00+00:00,109330.8671875,370.0
2025-05-27 15:00:00+00:00,110124.953125,370.31500244140625
2025-05-27 16:00:00+00:00,110256.0546875,371.9949951171875
2025-05-27 17:00:00+00:00,110352.234375,373.0215148925781
2025-05-27 18:00:00+00:00,109912.7109375,369.6412048339844
2025-05-27 19:00:00+00:00,109877.84375,372.3399963378906
2025-05-28 13:00:00+00:00,108085.828125,361.95001220703125
2025-05-28 14:00:00+00:00,107550.1015625,359.80108642578125
2025-05-28 15:00:00+00:00,107127.671875,362.0
2025-05-28 16:00:00+00:00,107386.703125,364.2550048828125
2025-05-28 17:00:00+00:00,107716.046875,364.4599914550781
2025-05-28 18:00:00+00:00,107483.671875,366.15240478515625
2025-05-28 19:00:00+00:00,107142.9921875,364.2099914550781
2025-05-29 13:00:00+00:00,107577.1171875,364.7099914550781
2025-05-29 14:00:00+00:00,107789.4609375,369.44500732421875
2025-05-29 15:00:00+00:00,107053.9296875,371.07501220703125
2025-05-29 16:00:00+00:00,106819.109375,372.79998779296875
2025-05-29 17:00:00+00:00,106313.7265625,365.5696105957031
2025-05-29 18:00:00+00:00,105939.453125,367.2450866699219
2025-05-29 19:00:00+00:00,105747.8984375,370.7799987792969
2025-05-30 13:00:00+00:00,105535.015625,363.62451171875
2025-05-30 14:00:00+00:00,105411.6015625,367.0199890136719
2025-05-30 15:00:00+00:00,105571.359375,362.1499938964844
2025-05-30 16:00:00+00:00,103865.6171875,362.010009765625
2025-05-30 17:00:00+00:00,104148.859375,364.5199890136719
2025-05-30 18:00:00+00:00,104884.765625,366.625
2025-05-30 19:00:00+00:00,104706.25,369.0409851074219
2025-06-02 13:00:00+00:00,103806.984375,372.5494079589844
2025-06-02 14:00:00+00:00,104160.8203125,372.5278015136719
2025-06-02 15:00:00+00:00,104426.8359375,373.07000732421875
2025-06-02 16:00:00+00:00,104359.640625,373.2373962402344
2025-06-02 17:00:00+00:00,104441.578125,374.04998779296875
2025-06-02 18:00:00+00:00,104347.75,373.2300109863281
2025-06-02 19:00:00+00:00,104489.3515625,372.4700012207031
2025-06-03 13:00:00+00:00,105571.84375,388.1470031738281
2025-06-03 14:00:00+00:00,106613.21875,389.1499938964844
2025-06-03 15:00:00+00:00,106691.7109375,388.2799987792969
2025-06-03 16:00:00+00:00,105881.9140625,390.45001220703125
2025-06-03 17:00:00+00:00,105982.4453125,389.45001220703125
2025-06-03 18:00:00+00:00,106055.7734375,389.43499755859375
2025-06-03 19:00:00+00:00,106208.6796875,387.45001220703125
2025-06-04 13:00:00+00:00,104792.6796875,376.5
2025-06-04 14:00:00+00:00,105015.71875,383.6199951171875
2025-06-04 15:00:00+00:00,105398.4765625,381.302001953125
2025-06-04 16:00:00+00:00,105483.09375,385.14959716796875
2025-06-04 17:00:00+00:00,105090.0234375,384.6400146484375
2025-06-04 18:00:00+00:00,105001.96875,381.760009765625
2025-06-04 19:00:00+00:00,105065.2578125,377.92999267578125
2025-06-05 13:00:00+00:00,104432.7734375,379.5
2025-06-05 14:00:00+00:00,104598.7890625,381.44110107421875
2025-06-05 15:00:00+00:00,104708.0546875,377.8999938964844
2025-06-05 16:00:00+00:00,103426.6015625,375.260009765625
2025-06-05 17:00:00+00:00,103260.828125,373.9800109863281
2025-06-05 18:00:00+00:00,103051.453125,368.5350036621094
2025-06-05 19:00:00+00:00,102017.5625,368.70001220703125
2025-06-06 13:00:00+00:00,104158.90625,372.70001220703125
2025-06-06 14:00:00+00:00,104826.9921875,376.5
2025-06-06 15:00:00+00:00,105098.6015625,379.1549987792969
2025-06-06 16:00:00+00:00,104838.75,375.0539855957031
2025-06-06 17:00:00+00:00,104994.859375,375.2099914550781
2025-06-06 18:00:00+00:00,104581.625,373.739990234375
2025-06-06 19:00:00+00:00,104228.1015625,374.4599914550781
2025-06-09 13:00:00+00:00,107159.1875,383.0950012207031
2025-06-09 14:00:00+00:00,107630.5390625,384.1700134277344
2025-06-09 15:00:00+00:00,107748.6796875,387.6099853515625
2025-06-09 16:00:00+00:00,107773.015625,389.5400085449219
2025-06-09 17:00:00+00:00,108397.203125,393.4800109863281
2025-06-09 18:00:00+00:00,108499.46875,394.4100036621094
2025-06-09 19:00:00+00:00,108602.9375,391.9800109863281
2025-06-10 13:00:00+00:00,109290.71875,386.5199890136719
2025-06-10 14:00:00+00:00,108635.9609375,389.1018981933594
2025-06-10 15:00:00+00:00,109028.9765625,388.5617980957031
2025-06-10 16:00:00+00:00,108698.125,389.8599853515625
2025-06-10 17:00:00+00:00,108736.859375,390.2998962402344
2025-06-10 18:00:00+00:00,109378.1796875,391.9800109863281
2025-06-10 19:00:00+00:00,109439.390625,391.0199890136719
2025-06-11 13:00:00+00:00,109640.390625,390.5398864746094
2025-06-11 14:00:00+00:00,109864.5390625,388.9577941894531
2025-06-11 15:00:00+00:00,109709.2734375,388.4100036621094
2025-06-11 16:00:00+00:00,109439.1640625,388.75
2025-06-11 17:00:00+00:00,109120.078125,381.6499938964844
2025-06-11 18:00:00+00:00,108862.140625,383.239990234375
2025-06-11 19:00:00+00:00,108727.84375,387.1300048828125
2025-06-12 13:00:00+00:00,106952.6640625,385.9200134277344
2025-06-12 14:00:00+00:00,107591.7421875,382.6268005371094
2025-06-12 15:00:00+00:00,107038.265625,386.1650085449219
2025-06-12 16:00:00+00:00,107686.2734375,390.24169921875
2025-06-12 17:00:00+00:00,108291.40625,383.0
2025-06-12 18:00:00+00:00,107499.3125,381.56671142578125
2025-06-12 19:00:00+00:00,106767.78125,379.739990234375
2025-06-13 13:00:00+00:00,104727.359375,371.2489929199219
2025-06-13 14:00:00+00:00,104970.5859375,376.7699890136719
2025-06-13 15:00:00+00:00,105454.7890625,379.7200012207031
2025-06-13 16:00:00+00:00,105813.7578125,377.67999267578125
2025-06-13 17:00:00+00:00,105451.609375,375.260009765625
2025-06-13 18:00:00+00:00,105100.703125,380.5400085449219
2025-06-13 19:00:00+00:00,105108.0625,382.8500061035156
2025-06-16 13:00:00+00:00,107096.0390625,385.6700134277344
2025-06-16 14:00:00+00:00,107539.734375,380.69000244140625
2025-06-16 15:00:00+00:00,107417.15625,381.6000061035156
2025-06-16 16:00:00+00:00,107837.8984375,381.4696960449219
2025-06-16 17:00:00+00:00,107713.234375,380.3399963378906
2025-06-16 18:00:00+00:00,108269.6015625,381.9549865722656
2025-06-16 19:00:00+00:00,108497.359375,382.1499938964844
2025-06-17 13:00:00+00:00,105428.5859375,373.75
2025-06-17 14:00:00+00:00,104966.6171875,368.4399108886719
2025-06-17 15:00:00+00:00,104269.546875,370.2345886230469
2025-06-17 16:00:00+00:00,103595.9296875,371.1199951171875
2025-06-17 17:00:00+00:00,103907.2265625,367.9549865722656
2025-06-17 18:00:00+00:00,104426.3515625,375.3479919433594
2025-06-17 19:00:00+00:00,104829.1796875,375.239990234375
2025-06-18 13:00:00+00:00,104493.953125,371.32000732421875
2025-06-18 14:00:00+00:00,104659.5078125,373.5899963378906
2025-06-18 15:00:00+00:00,104841.5234375,372.510009765625
2025-06-18 16:00:00+00:00,104517.1640625,369.6199951171875
2025-06-18 17:00:00+00:00,104348.2890625,370.0899963378906
2025-06-18 18:00:00+00:00,103684.1953125,368.54998779296875
2025-06-18 19:00:00+00:00,103935.1484375,368.95001220703125
2025-06-20 13:00:00+00:00,105732.8828125,370.9800109863281
2025-06-20 14:00:00+00:00,104069.0234375,371.8900146484375
2025-06-20 15:00:00+00:00,104257.9453125,371.4700927734375
2025-06-20 16:00:00+00:00,103778.609375,367.8580017089844
2025-06-20 17:00:00+00:00,103201.9140625,368.4200134277344
2025-06-20 18:00:00+00:00,103252.8984375,367.8049011230469
2025-06-20 19:00:00+00:00,103485.4453125,369.7699890136719
2025-06-23 13:00:00+00:00,102433.796875,363.7699890136719
2025-06-23 14:00:00+00:00,101607.5546875,366.9027099609375
2025-06-23 15:00:00+00:00,101502.34375,362.0899963378906
2025-06-23 16:00:00+00:00,100640.4921875,368.0
2025-06-23 17:00:00+00:00,102472.109375,367.7699890136719
2025-06-23 18:00:00+00:00,103055.1640625,367.0400085449219
2025-06-23 19:00:00+00:00,103298.171875,367.29998779296875
2025-06-24 13:00:00+00:00,105129.0,379.82501220703125
2025-06-24 14:00:00+00:00,105553.9453125,379.67999267578125
2025-06-24 15:00:00+00:00,105276.109375,380.21240234375
2025-06-24 16:00:00+00:00,106071.421875,380.30999755859375
2025-06-24 17:00:00+00:00,106089.734375,379.6400146484375
2025-06-24 18:00:00+00:00,105636.109375,377.29998779296875
2025-06-24 19:00:00+00:00,105605.2890625,376.75
2025-06-25 13:00:00+00:00,108018.9765625,383.2900085449219
2025-06-25 14:00:00+00:00,107698.0234375,383.9200134277344
2025-06-25 15:00:00+00:00,107046.5078125,386.1400146484375
2025-06-25 16:00:00+00:00,107206.609375,384.739990234375
2025-06-25 17:00:00+00:00,107409.8828125,386.0
2025-06-25 18:00:00+00:00,107408.546875,388.20001220703125
2025-06-25 19:00:00+00:00,107737.515625,388.5799865722656
2025-06-26 13:00:00+00:00,106938.8828125,385.76580810546875
2025-06-26 14:00:00+00:00,107492.78125,385.4100036621094
2025-06-26 15:00:00+00:00,107252.609375,388.94500732421875
2025-06-26 16:00:00+00:00,107168.015625,386.25
2025-06-26 17:00:00+00:00,107222.359375,384.9645080566406
2025-06-26 18:00:00+00:00,107407.8828125,386.3699951171875
2025-06-26 19:00:00+00:00,107669.4765625,386.45001220703125
2025-06-27 13:00:00+00:00,106830.2421875,394.80279541015625
2025-06-27 14:00:00+00:00,106538.234375,393.70001220703125
2025-06-27 15:00:00+00:00,107394.0078125,394.510009765625
2025-06-27 16:00:00+00:00,107545.2421875,394.0050048828125
2025-06-27 17:00:00+00:00,106878.515625,388.1000061035156
2025-06-27 18:00:00+00:00,106675.1328125,387.8299865722656
2025-06-27 19:00:00+00:00,106976.109375,383.6600036621094
2025-06-30 13:00:00+00:00,107520.6640625,390.90301513671875
2025-06-30 14:00:00+00:00,106958.109375,394.2699890136719
2025-06-30 15:00:00+00:00,107571.4296875,400.1536865234375
2025-06-30 16:00:00+00:00,107705.7421875,402.3999938964844
2025-06-30 17:00:00+00:00,107540.609375,407.135009765625
2025-06-30 18:00:00+00:00,107285.1171875,403.0
2025-06-30 19:00:00+00:00,107750.109375,404.19000244140625
2025-07-01 13:00:00+00:00,106844.4609375,387.7200012207031
2025-07-01 14:00:00+00:00,105939.2265625,381.340087890625
2025-07-01 15:00:00+00:00,106043.78125,378.3299865722656
2025-07-01 16:00:00+00:00,106075.53125,380.30499267578125
2025-07-01 17:00:00+00:00,106288.03125,378.864990234375
2025-07-01 18:00:00+00:00,105740.1484375,378.4200134277344
2025-07-01 19:00:00+00:00,105486.3984375,373.1400146484375
2025-07-02 13:00:00+00:00,107783.546875,384.8999938964844
2025-07-02 14:00:00+00:00,108195.6875,383.989990234375
2025-07-02 15:00:00+00:00,108795.265625,388.0360107421875
2025-07-02 16:00:00+00:00,109483.1796875,396.630615234375
2025-07-02 17:00:00+00:00,109113.4921875,402.7170104980469
2025-07-02 18:00:00+00:00,109567.359375,403.7900085449219
2025-07-02 19:00:00+00:00,109681.96875,402.193603515625
2025-07-03 13:00:00+00:00,110462.3203125,410.489990234375
2025-07-03 14:00:00+00:00,109764.9609375,407.4800109863281
2025-07-03 15:00:00+00:00,109162.9609375,402.5
2025-07-07 13:00:00+00:00,108545.1640625,400.135009765625
2025-07-07 14:00:00+00:00,108258.0390625,402.4800109863281
2025-07-07 15:00:00+00:00,108305.9140625,403.14581298828125
2025-07-07 16:00:00+00:00,107984.1796875,402.1044006347656
2025-07-07 17:00:00+00:00,107928.1640625,399.42999267578125
2025-07-07 18:00:00+00:00,108008.71875,399.4100036621094
2025-07-07 19:00:00+00:00,108141.421875,395.3399963378906
2025-07-08 13:00:00+00:00,109106.5390625,394.92999267578125
2025-07-08 14:00:00+00:00,108387.328125,396.4830017089844
2025-07-08 15:00:00+00:00,108281.640625,394.79998779296875
2025-07-08 16:00:00+00:00,108476.78125,397.5775146484375
2025-07-08 17:00:00+00:00,109035.0,397.87921142578125
2025-07-08 18:00:00+00:00,109185.125,396.0849914550781
2025-07-08 19:00:00+00:00,108777.4140625,396.7300109863281
2025-07-09 13:00:00+00:00,109194.109375,396.7250061035156
2025-07-09 14:00:00+00:00,109006.3828125,404.3900146484375
2025-07-09 15:00:00+00:00,109095.4921875,401.7300109863281
2025-07-09 16:00:00+00:00,109428.40625,401.8299865722656
2025-07-09 17:00:00+00:00,109210.3984375,404.5150146484375
2025-07-09 18:00:00+00:00,109545.453125,410.8399963378906
2025-07-09 19:00:00+00:00,111779.75,415.3900146484375
2025-07-10 13:00:00+00:00,110758.1484375,412.6679992675781
2025-07-10 14:00:00+00:00,111266.1796875,415.135009765625
2025-07-10 15:00:00+00:00,111454.234375,416.1400146484375
2025-07-10 16:00:00+00:00,112700.9140625,419.4700012207031
2025-07-10 17:00:00+00:00,113822.90625,418.07000732421875
2025-07-10 18:00:00+00:00,113468.078125,421.79998779296875
2025-07-10 19:00:00+00:00,113436.828125,421.69000244140625
2025-07-11 13:00:00+00:00,118125.1796875,434.9125061035156
2025-07-11 14:00:00+00:00,117695.4375,432.8500061035156
2025-07-11 15:00:00+00:00,116967.609375,428.3399963378906
2025-07-11 16:00:00+00:00,117439.7734375,431.75531005859375
2025-07-11 17:00:00+00:00,117649.6875,428.2300109863281
2025-07-11 18:00:00+00:00,117715.6484375,429.8175048828125
2025-07-11 19:00:00+00:00,118029.4921875,434.5871887207031
2025-07-14 13:00:00+00:00,121618.046875,451.0
2025-07-14 14:00:00+00:00,121127.671875,443.82000732421875
2025-07-14 15:00:00+00:00,119827.234375,445.20001220703125
2025-07-14 16:00:00+00:00,120258.15625,448.68499755859375
2025-07-14 17:00:00+00:00,119805.5703125,448.2406005859375
2025-07-14 18:00:00+00:00,119644.4375,450.07000732421875
2025-07-14 19:00:00+00:00,119836.3125,451.0899963378906
2025-07-15 13:00:00+00:00,118169.8125,453.3450012207031
2025-07-15 14:00:00+00:00,116077.6171875,442.9796142578125
2025-07-15 15:00:00+00:00,116382.2734375,445.42498779296875
2025-07-15 16:00:00+00:00,117137.046875,448.1400146484375
2025-07-15 17:00:00+00:00,117387.28125,448.44000244140625
2025-07-15 18:00:00+00:00,116792.6953125,444.0899963378906
2025-07-15 19:00:00+00:00,116526.4765625,442.0
2025-07-16 13:00:00+00:00,118732.8359375,446.239990234375
2025-07-16 14:00:00+00:00,119061.125,454.7900085449219
2025-07-16 15:00:00+00:00,119096.1484375,453.3500061035156
2025-07-16 16:00:00+00:00,119312.9140625,453.6799011230469
2025-07-16 17:00:00+00:00,119129.3125,451.9100036621094
2025-07-16 18:00:00+00:00,119634.7890625,455.8999938964844
2025-07-16 19:00:00+00:00,119255.75,455.8399963378906
2025-07-17 13:00:00+00:00,118419.015625,454.1650085449219
2025-07-17 14:00:00+00:00,118724.5234375,452.9700012207031
2025-07-17 15:00:00+00:00,118933.6328125,453.4849853515625
2025-07-17 16:00:00+00:00,118513.140625,450.635009765625
2025-07-17 17:00:00+00:00,119237.3359375,453.5
2025-07-17 18:00:00+00:00,119633.6484375,454.6400146484375
2025-07-17 19:00:00+00:00,118958.125,451.3399963378906
2025-07-18 13:00:00+00:00,118822.4765625,439.3900146484375
2025-07-18 14:00:00+00:00,118242.84375,430.6940002441406
2025-07-18 15:00:00+00:00,117913.4140625,428.4200134277344
2025-07-18 16:00:00+00:00,117653.6796875,428.6000061035156
2025-07-18 17:00:00+00:00,117703.7421875,425.3700866699219
2025-07-18 18:00:00+00:00,117437.15625,427.476806640625
2025-07-18 19:00:00+00:00,117454.3125,423.2200012207031
2025-07-21 13:00:00+00:00,118851.84375,432.8924865722656
2025-07-21 14:00:00+00:00,118864.8203125,432.20001220703125
2025-07-21 15:00:00+00:00,118360.5390625,427.375
2025-07-21 16:00:00+00:00,117839.28125,431.19000244140625
2025-07-21 17:00:00+00:00,117906.921875,432.5618896484375
2025-07-21 18:00:00+00:00,117209.3203125,430.6885986328125
2025-07-21 19:00:00+00:00,116856.4921875,425.5799865722656
2025-07-22 13:00:00+00:00,118292.703125,419.54998779296875
2025-07-22 14:00:00+00:00,119043.40625,424.32000732421875
2025-07-22 15:00:00+00:00,118934.0390625,421.875
2025-07-22 16:00:00+00:00,118715.75,422.42779541015625
2025-07-22 17:00:00+00:00,119222.640625,427.5350036621094
2025-07-22 18:00:00+00:00,119942.9296875,429.4599914550781
2025-07-22 19:00:00+00:00,119278.296875,426.2200012207031
2025-07-23 13:00:00+00:00,117521.953125,416.42498779296875
2025-07-23 14:00:00+00:00,118052.3125,413.95001220703125
2025-07-23 15:00:00+00:00,118567.0859375,415.1300048828125
2025-07-23 16:00:00+00:00,117795.7109375,409.60009765625
2025-07-23 17:00:00+00:00,118118.5859375,409.07000732421875
2025-07-23 18:00:00+00:00,118396.328125,411.1199951171875
2025-07-23 19:00:00+00:00,118449.7890625,412.8399963378906
2025-07-24 13:00:00+00:00,118331.4296875,409.12109375
2025-07-24 14:00:00+00:00,119072.3203125,412.3201904296875
2025-07-24 15:00:00+00:00,119151.9921875,412.6449890136719
2025-07-24 16:00:00+00:00,118580.53125,413.53619384765625
2025-07-24 17:00:00+00:00,119200.40625,416.4700012207031
2025-07-24 18:00:00+00:00,119116.5859375,418.489990234375
2025-07-24 19:00:00+00:00,119071.09375,414.92999267578125
2025-07-25 13:00:00+00:00,116148.7265625,406.8299865722656
2025-07-25 14:00:00+00:00,114983.9765625,404.1123962402344
2025-07-25 15:00:00+00:00,115787.0546875,405.4383850097656
2025-07-25 16:00:00+00:00,116182.703125,406.1700134277344
2025-07-25 17:00:00+00:00,116189.2109375,407.510009765625
2025-07-25 18:00:00+00:00,116562.609375,409.18011474609375
2025-07-25 19:00:00+00:00,116763.9375,405.6400146484375
2025-07-28 13:00:00+00:00,118422.59375,409.4150085449219
2025-07-28 14:00:00+00:00,117992.28125,408.5176086425781
2025-07-28 15:00:00+00:00,118196.234375,407.05999755859375
2025-07-28 16:00:00+00:00,118032.8125,406.2099914550781
2025-07-28 17:00:00+00:00,117679.984375,405.54998779296875
2025-07-28 18:00:00+00:00,117794.828125,406.0899963378906
2025-07-28 19:00:00+00:00,118000.2421875,403.8800048828125
2025-07-29 13:00:00+00:00,118606.1640625,399.9028015136719
2025-07-29 14:00:00+00:00,117777.8125,394.864990234375
2025-07-29 15:00:00+00:00,117416.234375,391.6706848144531
2025-07-29 16:00:00+00:00,117675.1484375,395.79998779296875
2025-07-29 17:00:00+00:00,117772.6640625,398.4599914550781
2025-07-29 18:00:00+00:00,117535.328125,395.2650146484375
2025-07-29 19:00:00+00:00,117571.3984375,394.6400146484375
2025-07-30 13:00:00+00:00,117754.9921875,397.92999267578125
2025-07-30 14:00:00+00:00,118643.8203125,401.5950012207031
2025-07-30 15:00:00+00:00,117937.5703125,401.2850036621094
2025-07-30 16:00:00+00:00,117737.984375,402.31500244140625
2025-07-30 17:00:00+00:00,117803.625,403.7699890136719
2025-07-30 18:00:00+00:00,116576.9453125,394.135009765625
2025-07-30 19:00:00+00:00,117011.015625,395.25
2025-07-31 13:00:00+00:00,118594.40625,403.20001220703125
2025-07-31 14:00:00+00:00,117908.4140625,404.4649963378906
2025-07-31 15:00:00+00:00,118289.8828125,409.55859375
2025-07-31 16:00:00+00:00,118512.8203125,406.43499755859375
2025-07-31 17:00:00+00:00,117776.9609375,406.6099853515625
2025-07-31 18:00:00+00:00,117637.765625,403.45001220703125
2025-07-31 19:00:00+00:00,116779.0859375,401.7099914550781
2025-08-01 13:00:00+00:00,114269.515625,385.3999938964844
2025-08-01 14:00:00+00:00,115570.2421875,379.9898986816406
2025-08-01 15:00:00+00:00,115368.703125,384.2101135253906
2025-08-01 16:00:00+00:00,114875.03125,374.6400146484375
2025-08-01 17:00:00+00:00,114362.3828125,371.6600036621094
2025-08-01 18:00:00+00:00,113764.3671875,369.9100036621094
2025-08-01 19:00:00+00:00,113271.96875,366.57000732421875
2025-08-04 13:00:00+00:00,114856.0078125,385.04998779296875
2025-08-04 14:00:00+00:00,114726.8984375,382.3349914550781
2025-08-04 15:00:00+00:00,114849.3359375,385.625
2025-08-04 16:00:00+00:00,115362.625,385.8399963378906
2025-08-04 17:00:00+00:00,115197.7890625,388.7228088378906
2025-08-04 18:00:00+00:00,114963.1171875,388.4353942871094
2025-08-04 19:00:00+00:00,114743.3359375,389.17999267578125
2025-08-05 13:00:00+00:00,114370.3046875,381.3299865722656
2025-08-05 14:00:00+00:00,113027.515625,378.56500244140625
2025-08-05 15:00:00+00:00,112835.015625,376.67498779296875
2025-08-05 16:00:00+00:00,113118.2890625,377.4049987792969
2025-08-05 17:00:00+00:00,113592.734375,375.3900146484375
2025-08-05 18:00:00+00:00,113575.6640625,376.2650146484375
2025-08-05 19:00:00+00:00,113687.09375,375.32000732421875
2025-08-06 13:00:00+00:00,114316.96875,374.2535095214844
2025-08-06 14:00:00+00:00,114974.921875,376.45001220703125
2025-08-06 15:00:00+00:00,115471.453125,379.79998779296875
2025-08-06 16:00:00+00:00,115129.015625,380.0284118652344
2025-08-06 17:00:00+00:00,115504.3984375,383.4700012207031
2025-08-06 18:00:00+00:00,115445.4375,381.19500732421875
2025-08-06 19:00:00+00:00,115205.375,383.3299865722656
2025-08-07 13:00:00+00:00,116630.1953125,392.8299865722656
2025-08-07 14:00:00+00:00,116354.5390625,398.5700988769531
2025-08-07 15:00:00+00:00,116814.0625,405.2900085449219
2025-08-07 16:00:00+00:00,116282.21875,400.760009765625
2025-08-07 17:00:00+00:00,116500.390625,402.75
2025-08-07 18:00:00+00:00,116568.8046875,401.114990234375
2025-08-07 19:00:00+00:00,117494.296875,402.239990234375
2025-08-08 13:00:00+00:00,116900.4296875,409.1400146484375
2025-08-08 14:00:00+00:00,116507.296875,400.2149963378906
2025-08-08 15:00:00+00:00,116230.0859375,389.3399963378906
2025-08-08 16:00:00+00:00,116212.515625,394.1700134277344
2025-08-08 17:00:00+00:00,116675.7421875,392.7349853515625
2025-08-08 18:00:00+00:00,116499.234375,394.4800109863281
2025-08-08 19:00:00+00:00,116437.53125,395.1099853515625
2025-08-11 13:00:00+00:00,120021.5390625,407.69000244140625
2025-08-11 14:00:00+00:00,120229.578125,410.9200134277344
2025-08-11 15:00:00+00:00,120298.703125,410.33050537109375
2025-08-11 16:00:00+00:00,120025.6640625,405.3999938964844
2025-08-11 17:00:00+00:00,119530.5859375,405.29998779296875
2025-08-11 18:00:00+00:00,119749.9609375,401.60009765625
2025-08-11 19:00:00+00:00,119041.1796875,400.239990234375
2025-08-12 13:00:00+00:00,118814.625,398.849609375
2025-08-12 14:00:00+00:00,119393.4765625,397.9198913574219
2025-08-12 15:00:00+00:00,119922.3984375,396.7349853515625
2025-08-12 16:00:00+00:00,119632.25,394.2998962402344
2025-08-12 17:00:00+00:00,119235.515625,393.19000244140625
2025-08-12 18:00:00+00:00,119314.765625,393.69000244140625
2025-08-12 19:00:00+00:00,119680.90625,394.2850036621094
2025-08-13 13:00:00+00:00,121716.09375,393.5450134277344
2025-08-13 14:00:00+00:00,121022.6796875,385.260009765625
2025-08-13 15:00:00+00:00,120958.8125,389.625
2025-08-13 16:00:00+00:00,121394.3515625,388.55999755859375
2025-08-13 17:00:00+00:00,121871.4453125,385.260009765625
2025-08-13 18:00:00+00:00,121643.25,385.7799987792969
2025-08-13 19:00:00+00:00,122809.1484375,389.9800109863281
2025-08-14 13:00:00+00:00,118488.84375,379.8399963378906
2025-08-14 14:00:00+00:00,118852.7734375,369.6400146484375
2025-08-14 15:00:00+00:00,118269.46875,366.6650085449219
2025-08-14 16:00:00+00:00,117913.7265625,371.3999938964844
2025-08-14 17:00:00+00:00,117913.828125,369.1449890136719
2025-08-14 18:00:00+00:00,118234.71875,373.760009765625
2025-08-14 19:00:00+00:00,118128.84375,372.8699951171875
2025-08-15 13:00:00+00:00,117857.6484375,365.44000244140625
2025-08-15 14:00:00+00:00,117435.5703125,360.55999755859375
2025-08-15 15:00:00+00:00,117359.5390625,360.8500061035156
2025-08-15 16:00:00+00:00,117443.96875,365.1199951171875
2025-08-15 17:00:00+00:00,117678.0078125,368.3299865722656
2025-08-15 18:00:00+00:00,117189.328125,367.9599914550781
2025-08-15 19:00:00+00:00,117005.4921875,366.4800109863281
2025-08-18 13:00:00+00:00,115143.65625,363.3999938964844
2025-08-18 14:00:00+00:00,115662.203125,362.3399963378906
2025-08-18 15:00:00+00:00,116203.03125,365.5799865722656
2025-08-18 16:00:00+00:00,116043.0078125,366.8900146484375
2025-08-18 17:00:00+00:00,116529.6328125,364.4700012207031
2025-08-18 18:00:00+00:00,116552.859375,362.80999755859375
2025-08-18 19:00:00+00:00,116405.7578125,363.4549865722656
2025-08-19 13:00:00+00:00,115213.078125,351.9700012207031
2025-08-19 14:00:00+00:00,113937.984375,344.052490234375
2025-08-19 15:00:00+00:00,113787.046875,343.06500244140625
2025-08-19 16:00:00+00:00,113372.8515625,339.7300109863281
2025-08-19 17:00:00+00:00,113512.59375,337.2546081542969
2025-08-19 18:00:00+00:00,113073.9453125,335.5199890136719
2025-08-19 19:00:00+00:00,113166.703125,336.385009765625
2025-08-20 13:00:00+00:00,112865.7265625,329.1449890136719
2025-08-20 14:00:00+00:00,113506.515625,339.3420104980469
2025-08-20 15:00:00+00:00,113373.6171875,342.4700012207031
2025-08-20 16:00:00+00:00,113799.1796875,339.1509094238281
2025-08-20 17:00:00+00:00,114199.7890625,338.2300109863281
2025-08-20 18:00:00+00:00,113533.53125,342.7449951171875
2025-08-20 19:00:00+00:00,114327.890625,344.3599853515625
2025-08-21 13:00:00+00:00,113562.15625,343.0199890136719
2025-08-21 14:00:00+00:00,113260.3203125,337.82501220703125
2025-08-21 15:00:00+00:00,112787.421875,336.55499267578125
2025-08-21 16:00:00+00:00,112368.7734375,335.510009765625
2025-08-21 17:00:00+00:00,112411.7578125,337.489990234375
2025-08-21 18:00:00+00:00,112621.09375,337.8500061035156
2025-08-21 19:00:00+00:00,112098.296875,337.5400085449219
2025-08-22 13:00:00+00:00,112341.90625,348.5799865722656
2025-08-22 14:00:00+00:00,115893.3984375,357.0150146484375
2025-08-22 15:00:00+00:00,116548.1640625,353.8550109863281
2025-08-22 16:00:00+00:00,116138.5078125,356.8774108886719
2025-08-22 17:00:00+00:00,116927.09375,355.9049987792969
2025-08-22 18:00:00+00:00,116753.453125,358.1000061035156
2025-08-22 19:00:00+00:00,116641.0234375,358.2900085449219
2025-08-25 13:00:00+00:00,111466.3203125,349.375
2025-08-25 14:00:00+00:00,112205.3046875,348.6099853515625
2025-08-25 15:00:00+00:00,112189.828125,348.5249938964844
2025-08-25 16:00:00+00:00,112568.9375,346.1390075683594
2025-08-25 17:00:00+00:00,112516.5625,346.5299987792969
2025-08-25 18:00:00+00:00,112390.84375,346.0799865722656
2025-08-25 19:00:00+00:00,110787.1953125,343.25
2025-08-26 13:00:00+00:00,110047.2265625,344.94000244140625
2025-08-26 14:00:00+00:00,110412.0859375,343.87579345703125
2025-08-26 15:00:00+00:00,109698.75,345.3377990722656
2025-08-26 16:00:00+00:00,110061.875,345.6600036621094
2025-08-26 17:00:00+00:00,109914.828125,348.04998779296875
2025-08-26 18:00:00+00:00,110709.3984375,349.70001220703125
2025-08-26 19:00:00+00:00,111146.6171875,351.57000732421875
2025-08-27 13:00:00+00:00,111486.96875,349.1700134277344
2025-08-27 14:00:00+00:00,111771.734375,347.5950012207031
2025-08-27 15:00:00+00:00,112023.328125,345.4674987792969
2025-08-27 16:00:00+00:00,112147.6171875,347.3399963378906
2025-08-27 17:00:00+00:00,112386.8359375,347.20001220703125
2025-08-27 18:00:00+00:00,111985.984375,343.910400390625
2025-08-27 19:00:00+00:00,112014.6796875,342.0299987792969
2025-08-28 13:00:00+00:00,112750.296875,339.80999755859375
2025-08-28 14:00:00+00:00,113209.078125,341.31500244140625
2025-08-28 15:00:00+00:00,112651.3203125,342.17999267578125
2025-08-28 16:00:00+00:00,112523.75,339.8175048828125
2025-08-28 17:00:00+00:00,112419.140625,338.57501220703125
2025-08-28 18:00:00+00:00,112387.3359375,337.739990234375
2025-08-28 19:00:00+00:00,111929.84375,338.8399963378906
2025-08-29 13:00:00+00:00,109151.3359375,334.7049865722656
2025-08-29 14:00:00+00:00,108207.609375,335.57000732421875
2025-08-29 15:00:00+00:00,108451.421875,338.8999938964844
2025-08-29 16:00:00+00:00,108737.859375,338.0
2025-08-29 17:00:00+00:00,108529.4375,335.1619873046875
2025-08-29 18:00:00+00:00,108173.1953125,336.2300109863281
2025-08-29 19:00:00+00:00,108279.3359375,333.9800109863281
2025-09-02 13:00:00+00:00,111127.953125,343.510009765625
2025-09-02 14:00:00+00:00,111291.859375,347.7799987792969
2025-09-02 15:00:00+00:00,110739.5390625,339.7699890136719
2025-09-02 16:00:00+00:00,110709.96875,340.6499938964844
2025-09-02 17:00:00+00:00,110904.5625,339.6199951171875
2025-09-02 18:00:00+00:00,110661.8203125,341.06500244140625
2025-09-02 19:00:00+00:00,110691.515625,341.6189880371094
2025-09-03 13:00:00+00:00,111441.4765625,341.4849853515625
2025-09-03 14:00:00+00:00,112325.359375,338.7300109863281
2025-09-03 15:00:00+00:00,112241.46875,334.67999267578125
2025-09-03 16:00:00+00:00,111872.140625,335.7550048828125
2025-09-03 17:00:00+00:00,112337.8515625,330.29998779296875
2025-09-03 18:00:00+00:00,112002.2265625,329.1000061035156
2025-09-03 19:00:00+00:00,112226.90625,330.2250061035156
2025-09-04 13:00:00+00:00,110524.90625,320.4681091308594
2025-09-04 14:00:00+00:00,109892.4921875,320.0799865722656
2025-09-04 15:00:00+00:00,109530.46875,321.82000732421875
2025-09-04 16:00:00+00:00,109437.9296875,327.1600036621094
2025-09-04 17:00:00+00:00,109814.0546875,324.17999267578125
2025-09-04 18:00:00+00:00,110018.34375,325.9949951171875
2025-09-04 19:00:00+00:00,109895.53125,327.5350036621094
2025-09-05 13:00:00+00:00,113034.7265625,323.489990234375
2025-09-05 14:00:00+00:00,110607.890625,325.91241455078125
2025-09-05 15:00:00+00:00,110702.4921875,330.364990234375
2025-09-05 16:00:00+00:00,110817.0234375,333.3599853515625
2025-09-05 17:00:00+00:00,110602.2109375,335.7349853515625
2025-09-05 18:00:00+00:00,111199.7265625,335.32000732421875
2025-09-05 19:00:00+00:00,111528.140625,336.010009765625
2025-09-08 13:00:00+00:00,111938.5703125,329.5899963378906
2025-09-08 14:00:00+00:00,112607.8984375,332.1000061035156
2025-09-08 15:00:00+00:00,112595.875,331.27099609375
2025-09-08 16:00:00+00:00,112440.6796875,328.97039794921875
2025-09-08 17:00:00+00:00,112188.6171875,328.4923095703125
2025-09-08 18:00:00+00:00,112474.921875,329.80999755859375
2025-09-08 19:00:00+00:00,112022.578125,329.9599914550781
2025-09-09 13:00:00+00:00,112732.890625,328.8949890136719
2025-09-09 14:00:00+00:00,111773.1796875,325.07000732421875
2025-09-09 15:00:00+00:00,110944.890625,327.1400146484375
2025-09-09 16:00:00+00:00,110978.484375,326.239990234375
2025-09-09 17:00:00+00:00,111039.015625,326.8399963378906
2025-09-09 18:00:00+00:00,111169.3828125,327.0249938964844
2025-09-09 19:00:00+00:00,111368.671875,328.4508972167969
2025-09-10 13:00:00+00:00,113965.6328125,336.9800109863281
2025-09-10 14:00:00+00:00,113865.6015625,333.260009765625
2025-09-10 15:00:00+00:00,113882.9921875,330.95001220703125
2025-09-10 16:00:00+00:00,113736.421875,326.5
2025-09-10 17:00:00+00:00,113737.1953125,324.92999267578125
2025-09-10 18:00:00+00:00,113638.4765625,322.5801086425781
2025-09-10 19:00:00+00:00,113526.3203125,326.5400085449219
2025-09-11 13:00:00+00:00,114680.28125,325.28509521484375
2025-09-11 14:00:00+00:00,114509.71875,327.38629150390625
2025-09-11 15:00:00+00:00,114170.0,327.8500061035156
2025-09-11 16:00:00+00:00,114540.5390625,325.07000732421875
2025-09-11 17:00:00+00:00,114570.6015625,324.55499267578125
2025-09-11 18:00:00+00:00,114306.1171875,326.16119384765625
2025-09-11 19:00:00+00:00,114501.234375,326.0199890136719
2025-09-12 13:00:00+00:00,115185.203125,331.8500061035156
2025-09-12 14:00:00+00:00,115274.1328125,334.6216125488281
2025-09-12 15:00:00+00:00,115153.8828125,331.5
2025-09-12 16:00:00+00:00,115496.796875,332.797607421875
2025-09-12 17:00:00+00:00,115872.78125,332.9075012207031
2025-09-12 18:00:00+00:00,116507.125,330.2300109863281
2025-09-12 19:00:00+00:00,116737.328125,331.42999267578125
2025-09-15 13:00:00+00:00,114681.8125,324.79998779296875
2025-09-15 14:00:00+00:00,114753.9375,321.3900146484375
2025-09-15 15:00:00+00:00,114924.40625,323.6629943847656
2025-09-15 16:00:00+00:00,114705.625,324.2049865722656
2025-09-15 17:00:00+00:00,115040.7578125,323.4750061035156
2025-09-15 18:00:00+00:00,115331.7734375,325.7300109863281
2025-09-15 19:00:00+00:00,115306.9609375,327.7799987792969
2025-09-16 13:00:00+00:00,115137.484375,325.5150146484375
2025-09-16 14:00:00+00:00,115304.0703125,326.864990234375
2025-09-16 15:00:00+00:00,115817.6328125,328.52801513671875
2025-09-16 16:00:00+00:00,116017.3515625,331.7900085449219
2025-09-16 17:00:00+00:00,116555.5,331.6600036621094
2025-09-16 18:00:00+00:00,116439.640625,332.92999267578125
2025-09-16 19:00:00+00:00,116838.1953125,335.21990966796875
2025-09-17 13:00:00+00:00,116137.4375,334.2416076660156
2025-09-17 14:00:00+00:00,115657.4375,333.3999938964844
2025-09-17 15:00:00+00:00,115905.0703125,333.9800109863281
2025-09-17 16:00:00+00:00,115677.8203125,331.25
2025-09-17 17:00:00+00:00,116103.15625,330.18450927734375
2025-09-17 18:00:00+00:00,115236.6328125,330.7049865722656
2025-09-17 19:00:00+00:00,115696.234375,329.7200012207031
2025-09-18 13:00:00+00:00,117356.7109375,349.2250061035156
2025-09-18 14:00:00+00:00,117701.359375,351.510009765625
2025-09-18 15:00:00+00:00,117697.25,353.91461181640625
2025-09-18 16:00:00+00:00,117610.421875,354.55499267578125
2025-09-18 17:00:00+00:00,117564.8828125,357.5150146484375
2025-09-18 18:00:00+00:00,117861.9609375,350.5299987792969
2025-09-18 19:00:00+00:00,117427.1640625,349.3399963378906
2025-09-19 13:00:00+00:00,116360.90625,345.2799987792969
2025-09-19 14:00:00+00:00,115926.796875,340.68499755859375
2025-09-19 15:00:00+00:00,115936.1796875,341.3699951171875
2025-09-19 16:00:00+00:00,116126.671875,340.19500732421875
2025-09-19 17:00:00+00:00,115620.453125,340.3999938964844
2025-09-19 18:00:00+00:00,115443.84375,342.42999267578125
2025-09-19 19:00:00+00:00,115209.8828125,344.7799987792969
2025-09-22 13:00:00+00:00,113090.1875,340.52081298828125
2025-09-22 14:00:00+00:00,113017.5859375,336.2799987792969
2025-09-22 15:00:00+00:00,112926.9609375,337.36529541015625
2025-09-22 16:00:00+00:00,112710.953125,335.9801025390625
2025-09-22 17:00:00+00:00,112448.5859375,336.1000061035156
2025-09-22 18:00:00+00:00,112519.1484375,336.7200012207031
2025-09-22 19:00:00+00:00,112236.9921875,335.69000244140625
2025-09-23 13:00:00+00:00,113000.0625,334.1300048828125
2025-09-23 14:00:00+00:00,112716.40625,335.6099853515625
2025-09-23 15:00:00+00:00,112915.5625,336.15399169921875
2025-09-23 16:00:00+00:00,112882.3671875,334.75
2025-09-23 17:00:00+00:00,111977.84375,330.31500244140625
2025-09-23 18:00:00+00:00,111830.703125,328.55999755859375
2025-09-23 19:00:00+00:00,111654.03125,327.7799987792969
2025-09-24 13:00:00+00:00,112861.53125,331.43218994140625
2025-09-24 14:00:00+00:00,113775.1875,335.114990234375
2025-09-24 15:00:00+00:00,113425.5,334.0249938964844
2025-09-24 16:00:00+00:00,113755.84375,330.07000732421875
2025-09-24 17:00:00+00:00,113806.8671875,327.5249938964844
2025-09-24 18:00:00+00:00,113678.328125,324.739990234375
2025-09-24 19:00:00+00:00,113483.6640625,323.30999755859375
2025-09-25 13:00:00+00:00,110917.4375,309.4574890136719
2025-09-25 14:00:00+00:00,111609.25,302.3800048828125
2025-09-25 15:00:00+00:00,111532.453125,305.67999267578125
2025-09-25 16:00:00+00:00,111011.484375,298.71820068359375
2025-09-25 17:00:00+00:00,108936.5546875,298.2915954589844
2025-09-25 18:00:00+00:00,109823.4609375,301.5
2025-09-25 19:00:00+00:00,109417.9296875,300.6650085449219
2025-09-26 13:00:00+00:00,109744.421875,299.9649963378906
2025-09-26 14:00:00+00:00,108884.171875,304.5076904296875
2025-09-26 15:00:00+00:00,109108.59375,304.3800048828125
2025-09-26 16:00:00+00:00,109500.84375,306.6000061035156
2025-09-26 17:00:00+00:00,109903.2734375,308.20001220703125
2025-09-26 18:00:00+00:00,109832.65625,307.230712890625
2025-09-26 19:00:00+00:00,109220.7109375,309.1700134277344
2025-09-29 13:00:00+00:00,113375.4453125,320.1099853515625
2025-09-29 14:00:00+00:00,114174.5703125,319.7950134277344
2025-09-29 15:00:00+00:00,113873.5390625,323.20001220703125
2025-09-29 16:00:00+00:00,113686.0625,323.625
2025-09-29 17:00:00+00:00,114140.9296875,327.1528015136719
2025-09-29 18:00:00+00:00,114104.7421875,324.29949951171875
2025-09-29 19:00:00+00:00,114370.828125,326.4200134277344
2025-09-30 13:00:00+00:00,113417.4609375,320.19000244140625
2025-09-30 14:00:00+00:00,113648.6796875,318.885009765625
2025-09-30 15:00:00+00:00,113146.1015625,317.0299987792969
2025-09-30 16:00:00+00:00,112817.1953125,317.2699890136719
2025-09-30 17:00:00+00:00,113311.8046875,319.08990478515625
2025-09-30 18:00:00+00:00,113722.0234375,320.5899963378906
2025-09-30 19:00:00+00:00,114451.2109375,322.17999267578125
2025-10-01 13:00:00+00:00,116831.515625,339.79998779296875
2025-10-01 14:00:00+00:00,117355.796875,342.42340087890625
2025-10-01 15:00:00+00:00,117421.9140625,342.0899963378906
2025-10-01 16:00:00+00:00,117665.84375,337.1400146484375
2025-10-01 17:00:00+00:00,116906.65625,336.0450134277344
2025-10-01 18:00:00+00:00,117282.7890625,337.9800109863281
2025-10-01 19:00:00+00:00,117455.1640625,338.4700012207031
2025-10-02 13:00:00+00:00,119727.5859375,351.7998962402344
2025-10-02 14:00:00+00:00,118924.140625,346.95001220703125
2025-10-02 15:00:00+00:00,119966.578125,349.4549865722656
2025-10-02 16:00:00+00:00,119748.1015625,347.1099853515625
2025-10-02 17:00:00+00:00,119992.9296875,349.489990234375
2025-10-02 18:00:00+00:00,120618.375,351.82000732421875
2025-10-02 19:00:00+00:00,120844.0546875,352.4700012207031
2025-10-03 13:00:00+00:00,120504.5703125,346.7330017089844
2025-10-03 14:00:00+00:00,120970.359375,351.5899963378906
2025-10-03 15:00:00+00:00,122234.078125,356.885009765625
2025-10-03 16:00:00+00:00,122793.1484375,352.2099914550781
2025-10-03 17:00:00+00:00,122149.4140625,350.20001220703125
2025-10-03 18:00:00+00:00,122480.96875,350.22900390625
2025-10-03 19:00:00+00:00,122724.0078125,351.9200134277344
2025-10-06 13:00:00+00:00,124994.21875,361.30999755859375
2025-10-06 14:00:00+00:00,124505.8828125,359.989990234375
2025-10-06 15:00:00+00:00,125106.9140625,356.0
2025-10-06 16:00:00+00:00,125369.234375,359.5710144042969
2025-10-06 17:00:00+00:00,125412.2734375,356.3999938964844
2025-10-06 18:00:00+00:00,126149.0234375,358.4700012207031
2025-10-06 19:00:00+00:00,125424.2578125,359.69500732421875
2025-10-07 13:00:00+00:00,123985.734375,343.7250061035156
2025-10-07 14:00:00+00:00,122808.078125,335.6499938964844
2025-10-07 15:00:00+00:00,121813.796875,333.1199951171875
2025-10-07 16:00:00+00:00,121866.6015625,333.8800048828125
2025-10-07 17:00:00+00:00,121272.375,330.23919677734375
2025-10-07 18:00:00+00:00,120951.171875,335.364990234375
2025-10-07 19:00:00+00:00,121771.6875,328.239990234375
2025-10-08 13:00:00+00:00,122510.328125,329.1600036621094
2025-10-08 14:00:00+00:00,122278.796875,325.989990234375
2025-10-08 15:00:00+00:00,122207.5234375,324.1726989746094
2025-10-08 16:00:00+00:00,123098.7890625,329.70001220703125
2025-10-08 17:00:00+00:00,124141.4921875,329.07000732421875
2025-10-08 18:00:00+00:00,123614.859375,330.0899963378906
2025-10-08 19:00:00+00:00,123520.203125,330.79998779296875
2025-10-09 13:00:00+00:00,122504.71875,324.4599914550781
2025-10-09 14:00:00+00:00,121392.1875,323.239990234375
2025-10-09 15:00:00+00:00,121213.40625,322.15509033203125
2025-10-09 16:00:00+00:00,120304.1328125,319.9200134277344
2025-10-09 17:00:00+00:00,120843.796875,319.3450012207031
2025-10-09 18:00:00+00:00,120744.4140625,320.989990234375
2025-10-09 19:00:00+00:00,121013.578125,320.4100036621094
2025-10-10 13:00:00+00:00,121673.265625,320.32000732421875
2025-10-10 14:00:00+00:00,121276.6484375,310.8450012207031
2025-10-10 15:00:00+00:00,119072.296875,313.7650146484375
2025-10-10 16:00:00+00:00,118343.828125,310.74798583984375
2025-10-10 17:00:00+00:00,117743.9609375,311.260009765625
2025-10-10 18:00:00+00:00,117310.21875,305.4800109863281
2025-10-10 19:00:00+00:00,116787.390625,304.6000061035156
2025-10-13 13:00:00+00:00,115323.5859375,304.80999755859375
2025-10-13 14:00:00+00:00,114061.5703125,310.1300048828125
2025-10-13 15:00:00+00:00,114502.875,311.1451110839844
2025-10-13 16:00:00+00:00,114806.5703125,308.760009765625
2025-10-13 17:00:00+00:00,114723.515625,314.3299865722656
2025-10-13 18:00:00+00:00,115247.6328125,313.1600036621094
2025-10-13 19:00:00+00:00,115891.1484375,315.3999938964844
2025-10-14 13:00:00+00:00,110940.8671875,309.04998779296875
2025-10-14 14:00:00+00:00,111547.5703125,304.7200012207031
2025-10-14 15:00:00+00:00,112735.875,309.1549987792969
2025-10-14 16:00:00+00:00,112405.046875,312.45001220703125
2025-10-14 17:00:00+00:00,112859.0078125,310.2699890136719
2025-10-14 18:00:00+00:00,112831.9140625,308.45001220703125
2025-10-14 19:00:00+00:00,112671.1171875,300.6565856933594
2025-10-15 13:00:00+00:00,111505.1640625,307.875
2025-10-15 14:00:00+00:00,111120.3515625,304.7099914550781
2025-10-15 15:00:00+00:00,110767.4765625,302.3059997558594
2025-10-15 16:00:00+00:00,110832.7734375,296.25
2025-10-15 17:00:00+00:00,111129.046875,297.25
2025-10-15 18:00:00+00:00,111540.3515625,298.1099853515625
2025-10-15 19:00:00+00:00,111323.5,296.760009765625
2025-10-16 13:00:00+00:00,110916.8515625,298.79998779296875
2025-10-16 14:00:00+00:00,110598.7578125,296.7499084472656
2025-10-16 15:00:00+00:00,108573.7421875,288.4128112792969
2025-10-16 16:00:00+00:00,109117.1796875,293.1326904296875
2025-10-16 17:00:00+00:00,108371.15625,285.6575012207031
2025-10-16 18:00:00+00:00,108595.625,283.75
2025-10-16 19:00:00+00:00,108320.6640625,283.7300109863281
2025-10-17 13:00:00+00:00,105868.1171875,285.1499938964844
2025-10-17 14:00:00+00:00,105164.78125,284.84381103515625
2025-10-17 15:00:00+00:00,106720.640625,288.54998779296875
2025-10-17 16:00:00+00:00,106409.6640625,287.30999755859375
2025-10-17 17:00:00+00:00,106424.046875,291.4100036621094
2025-10-17 18:00:00+00:00,106619.484375,291.4800109863281
2025-10-17 19:00:00+00:00,106490.15625,289.8699951171875
2025-10-20 13:00:00+00:00,111196.8671875,302.6400146484375
2025-10-20 14:00:00+00:00,111302.25,304.010009765625
2025-10-20 15:00:00+00:00,111300.4921875,300.8367919921875
2025-10-20 16:00:00+00:00,110734.921875,300.3299865722656
2025-10-20 17:00:00+00:00,110303.84375,297.70001220703125
2025-10-20 18:00:00+00:00,110949.5625,298.25
2025-10-20 19:00:00+00:00,110878.4609375,296.6099853515625
2025-10-21 13:00:00+00:00,108404.0703125,294.6300048828125
2025-10-21 14:00:00+00:00,112040.71875,302.18798828125
2025-10-21 15:00:00+00:00,113351.0390625,304.75
2025-10-21 16:00:00+00:00,112841.3984375,302.08990478515625
2025-10-21 17:00:00+00:00,112099.3125,300.8599853515625
2025-10-21 18:00:00+00:00,112030.90625,301.3800048828125
2025-10-21 19:00:00+00:00,111920.5234375,302.0899963378906
2025-10-22 13:00:00+00:00,108915.3203125,290.6299133300781
2025-10-22 14:00:00+00:00,108796.15625,287.07501220703125
2025-10-22 15:00:00+00:00,108365.640625,286.6650085449219
2025-10-22 16:00:00+00:00,108415.078125,283.8328857421875
2025-10-22 17:00:00+00:00,107781.3125,280.07000732421875
2025-10-22 18:00:00+00:00,107978.9296875,279.7799987792969
2025-10-22 19:00:00+00:00,107788.953125,280.8110046386719
2025-10-23 13:00:00+00:00,109432.5390625,280.56500244140625
2025-10-23 14:00:00+00:00,109597.703125,285.3949890136719
2025-10-23 15:00:00+00:00,109981.8828125,286.635009765625
2025-10-23 16:00:00+00:00,110312.9921875,285.71661376953125
2025-10-23 17:00:00+00:00,111233.1875,285.2099914550781
2025-10-23 18:00:00+00:00,110589.453125,284.5150146484375
2025-10-23 19:00:00+00:00,110331.484375,284.989990234375
2025-10-24 13:00:00+00:00,110897.4765625,289.49749755859375
2025-10-24 14:00:00+00:00,110167.1171875,291.2149963378906
2025-10-24 15:00:00+00:00,110044.8046875,288.489990234375
2025-10-24 16:00:00+00:00,110277.1015625,288.2749938964844
2025-10-24 17:00:00+00:00,110281.2734375,289.0248107910156
2025-10-24 18:00:00+00:00,110640.734375,290.1549987792969
2025-10-24 19:00:00+00:00,110626.46875,289.0799865722656
2025-10-27 13:00:00+00:00,115250.796875,295.8599853515625
2025-10-27 14:00:00+00:00,114802.1484375,294.4700012207031
2025-10-27 15:00:00+00:00,114995.8984375,296.5899963378906
2025-10-27 16:00:00+00:00,115558.9765625,296.8450012207031
2025-10-27 17:00:00+00:00,115664.40625,297.80499267578125
2025-10-27 18:00:00+00:00,115362.6640625,296.1700134277344
2025-10-27 19:00:00+00:00,114914.3359375,295.6650085449219
2025-10-28 13:00:00+00:00,115442.03125,296.25
2025-10-28 14:00:00+00:00,115080.40625,291.635009765625
2025-10-28 15:00:00+00:00,114707.984375,291.3599853515625
2025-10-28 16:00:00+00:00,115371.1484375,290.364990234375
2025-10-28 17:00:00+00:00,115325.6796875,289.97100830078125
2025-10-28 18:00:00+00:00,114936.515625,285.94000244140625
2025-10-28 19:00:00+00:00,113635.1953125,284.510009765625
2025-10-29 13:00:00+00:00,112935.28125,281.2439880371094
2025-10-29 14:00:00+00:00,112419.6640625,279.1400146484375
2025-10-29 15:00:00+00:00,111546.140625,280.1400146484375
2025-10-29 16:00:00+00:00,111172.6796875,280.9150085449219
2025-10-29 17:00:00+00:00,111786.96875,279.8399963378906
2025-10-29 18:00:00+00:00,111056.453125,277.54998779296875
2025-10-29 19:00:00+00:00,110716.0859375,275.2799987792969
2025-10-30 13:00:00+00:00,107788.15625,268.4599914550781
2025-10-30 14:00:00+00:00,108323.9296875,265.375
2025-10-30 15:00:00+00:00,107748.8828125,265.93499755859375
2025-10-30 16:00:00+00:00,108065.9296875,264.6199951171875
2025-10-30 17:00:00+00:00,107450.15625,261.92999267578125
2025-10-30 18:00:00+00:00,106886.4296875,258.2300109863281
2025-10-30 19:00:00+00:00,106452.8984375,254.5399932861328
2025-10-31 13:00:00+00:00,110095.3515625,269.0849914550781
2025-10-31 14:00:00+00:00,110795.875,274.0
2025-10-31 15:00:00+00:00,110160.484375,274.2799987792969
2025-10-31 16:00:00+00:00,108753.390625,270.0
2025-10-31 17:00:00+00:00,109226.5078125,268.4100036621094
2025-10-31 18:00:00+00:00,109316.3203125,268.1199951171875
2025-10-31 19:00:00+00:00,109818.265625,269.8299865722656
2025-11-03 14:00:00+00:00,107995.9296875,262.29998779296875
2025-11-03 15:00:00+00:00,105821.1953125,265.010009765625
2025-11-03 16:00:00+00:00,106717.328125,267.6000061035156
2025-11-03 17:00:00+00:00,107464.046875,264.44000244140625
2025-11-03 18:00:00+00:00,106961.703125,265.3900146484375
2025-11-03 19:00:00+00:00,107110.515625,266.260009765625
2025-11-03 20:00:00+00:00,106418.59375,264.739990234375
2025-11-04 14:00:00+00:00,104435.875,257.33050537109375
2025-11-04 15:00:00+00:00,103363.5625,251.1300048828125
2025-11-04 16:00:00+00:00,102204.0078125,250.1121063232422
2025-11-04 17:00:00+00:00,101085.3125,250.1699981689453
2025-11-04 18:00:00+00:00,101419.1640625,251.58779907226562
2025-11-04 19:00:00+00:00,100452.5,247.95730590820312
2025-11-04 20:00:00+00:00,100638.90625,246.86000061035156
2025-11-05 14:00:00+00:00,103150.4140625,252.22999572753906
2025-11-05 15:00:00+00:00,103686.015625,248.15499877929688
2025-11-05 16:00:00+00:00,103905.546875,249.89999389648438
2025-11-05 17:00:00+00:00,103827.5,249.5325927734375
2025-11-05 18:00:00+00:00,104308.3203125,249.61000061035156
2025-11-05 19:00:00+00:00,104103.484375,252.2093048095703
2025-11-05 20:00:00+00:00,103851.6015625,255.00999450683594
2025-11-06 14:00:00+00:00,102043.2421875,243.60499572753906
2025-11-06 15:00:00+00:00,101944.7265625,240.63999938964844
2025-11-06 16:00:00+00:00,100851.34375,237.91220092773438
2025-11-06 17:00:00+00:00,101682.4296875,239.9199981689453
2025-11-06 18:00:00+00:00,101700.34375,241.9149932861328
2025-11-06 19:00:00+00:00,101487.046875,238.13999938964844
2025-11-06 20:00:00+00:00,100936.9921875,236.9499969482422
2025-11-07 14:00:00+00:00,100710.0,230.24560546875
2025-11-07 15:00:00+00:00,100866.7578125,230.13499450683594
2025-11-07 16:00:00+00:00,100971.84375,233.1186065673828
2025-11-07 17:00:00+00:00,102289.4296875,235.8350067138672
2025-11-07 18:00:00+00:00,102604.1640625,238.0500030517578
2025-11-07 19:00:00+00:00,103244.1796875,240.61000061035156
2025-11-07 20:00:00+00:00,103746.3515625,241.9600067138672
2025-11-10 14:00:00+00:00,104951.7890625,240.55999755859375
2025-11-10 15:00:00+00:00,104979.7734375,237.97999572753906
2025-11-10 16:00:00+00:00,105167.859375,239.57000732421875
2025-11-10 17:00:00+00:00,105847.9609375,241.8699951171875
2025-11-10 18:00:00+00:00,105577.453125,239.55999755859375
2025-11-10 19:00:00+00:00,105806.75,240.10000610351562
2025-11-10 20:00:00+00:00,105895.2890625,238.86000061035156
2025-11-11 14:00:00+00:00,104515.828125,235.1699981689453
2025-11-11 15:00:00+00:00,103478.7421875,236.75
2025-11-11 16:00:00+00:00,103389.1171875,236.17999267578125
2025-11-11 17:00:00+00:00,103355.859375,236.83999633789062
2025-11-11 18:00:00+00:00,103397.5390625,235.39999389648438
2025-11-11 19:00:00+00:00,103111.40625,234.0
2025-11-11 20:00:00+00:00,102809.6015625,231.17999267578125
2025-11-12 14:00:00+00:00,103953.8203125,230.00010681152344
2025-11-12 15:00:00+00:00,102100.9453125,226.2100067138672
2025-11-12 16:00:00+00:00,101450.7890625,224.12939453125
2025-11-12 17:00:00+00:00,101761.6171875,222.57000732421875
2025-11-12 18:00:00+00:00,101577.359375,222.07989501953125
2025-11-12 19:00:00+00:00,101276.109375,222.0399932861328
2025-11-12 20:00:00+00:00,101512.3671875,224.5800018310547
2025-11-13 14:00:00+00:00,102881.2265625,221.9250030517578
2025-11-13 15:00:00+00:00,101301.1953125,218.30499267578125
2025-11-13 16:00:00+00:00,100566.234375,218.0030059814453
2025-11-13 17:00:00+00:00,99718.5859375,212.07000732421875
2025-11-13 18:00:00+00:00,98686.3671875,213.0970001220703
2025-11-13 19:00:00+00:00,98650.9921875,209.00999450683594
2025-11-13 20:00:00+00:00,98099.3203125,208.47000122070312
2025-11-14 14:00:00+00:00,96388.0078125,199.16000366210938
2025-11-14 15:00:00+00:00,96787.4140625,206.19239807128906
2025-11-14 16:00:00+00:00,97009.90625,206.22999572753906
2025-11-14 17:00:00+00:00,95912.78125,202.7100067138672
2025-11-14 18:00:00+00:00,95129.7421875,199.74749755859375
2025-11-14 19:00:00+00:00,95615.3046875,199.52999877929688
2025-11-14 20:00:00+00:00,94260.015625,199.7100067138672
2025-11-21 14:00:00+00:00,85038.8671875,172.77000427246094
2025-11-21 15:00:00+00:00,82816.7109375,171.12989807128906
2025-11-21 16:00:00+00:00,84550.140625,174.6999969482422
2025-11-21 17:00:00+00:00,84845.890625,170.9499969482422
2025-11-21 18:00:00+00:00,84544.875,173.60000610351562
2025-11-21 19:00:00+00:00,84153.5390625,170.63999938964844
2025-11-21 20:00:00+00:00,84495.0546875,170.3300018310547
2025-11-24 14:00:00+00:00,85833.9765625,171.0800018310547
2025-11-24 15:00:00+00:00,86539.2578125,173.38999938964844
2025-11-24 16:00:00+00:00,87185.5703125,174.60000610351562
2025-11-24 17:00:00+00:00,88394.140625,175.25999450683594
2025-11-24 18:00:00+00:00,88674.8671875,177.6300048828125
2025-11-24 19:00:00+00:00,88234.0546875,177.62879943847656
2025-11-24 20:00:00+00:00,89143.7421875,179.14999389648438
2025-11-25 14:00:00+00:00,86611.1171875,172.13999938964844
2025-11-25 15:00:00+00:00,86947.859375,173.00999450683594
2025-11-25 16:00:00+00:00,87068.2578125,174.81500244140625
2025-11-25 17:00:00+00:00,87681.09375,173.46690368652344
2025-11-25 18:00:00+00:00,87241.4765625,167.60000610351562
2025-11-25 19:00:00+00:00,86819.25,169.2700958251953
2025-11-25 20:00:00+00:00,87396.9609375,172.1699981689453
2025-11-26 14:00:00+00:00,86955.6640625,171.6051025390625
2025-11-26 15:00:00+00:00,86897.2265625,172.00010681152344
2025-11-26 16:00:00+00:00,87812.828125,174.30990600585938
2025-11-26 17:00:00+00:00,89942.109375,180.0
2025-11-26 18:00:00+00:00,90073.109375,179.1699981689453
2025-11-26 19:00:00+00:00,89989.7578125,177.67999267578125
2025-11-26 20:00:00+00:00,89914.125,175.77000427246094
2025-11-28 14:00:00+00:00,92148.7578125,186.0399932861328
2025-11-28 15:00:00+00:00,92350.546875,179.36000061035156
2025-11-28 16:00:00+00:00,90971.75,176.6746063232422
2025-12-01 14:00:00+00:00,86161.53125,159.83999633789062
2025-12-01 15:00:00+00:00,84637.1953125,158.010498046875
2025-12-01 16:00:00+00:00,84513.078125,157.93499755859375
2025-12-01 17:00:00+00:00,84953.6953125,162.35000610351562
2025-12-01 18:00:00+00:00,85179.3203125,163.3300018310547
2025-12-01 19:00:00+00:00,85033.78125,168.110107421875
2025-12-01 20:00:00+00:00,85469.125,171.5
2025-12-02 14:00:00+00:00,89157.0625,181.0399932861328
2025-12-02 15:00:00+00:00,90948.328125,177.91000366210938
2025-12-02 16:00:00+00:00,90902.4296875,184.74769592285156
2025-12-02 17:00:00+00:00,91497.4296875,184.0449981689453
2025-12-02 18:00:00+00:00,91862.984375,186.4600067138672
2025-12-02 19:00:00+00:00,91951.6484375,183.44500732421875
2025-12-02 20:00:00+00:00,91046.8828125,181.25
2025-12-03 14:00:00+00:00,92663.9140625,180.95010375976562
2025-12-03 15:00:00+00:00,92391.71875,182.72999572753906
2025-12-03 16:00:00+00:00,92271.6875,182.85000610351562
2025-12-03 17:00:00+00:00,93017.203125,185.97000122070312
2025-12-03 18:00:00+00:00,92572.125,185.9600067138672
2025-12-03 19:00:00+00:00,93015.546875,187.76499938964844
2025-12-03 20:00:00+00:00,92913.59375,188.3699951171875
2025-12-04 14:00:00+00:00,91918.953125,188.28900146484375
2025-12-04 15:00:00+00:00,93007.4921875,188.9199981689453
2025-12-04 16:00:00+00:00,92479.0625,188.25999450683594
2025-12-04 17:00:00+00:00,92425.2890625,187.41000366210938
2025-12-04 18:00:00+00:00,92071.109375,183.47999572753906
2025-12-04 19:00:00+00:00,92028.8671875,186.0
2025-12-04 20:00:00+00:00,92529.390625,186.11000061035156
2025-12-05 14:00:00+00:00,90270.2109375,184.78419494628906
2025-12-05 15:00:00+00:00,90320.109375,178.04769897460938
2025-12-05 16:00:00+00:00,88878.6875,178.36000061035156
2025-12-05 17:00:00+00:00,89371.1640625,179.98500061035156
2025-12-05 18:00:00+00:00,89003.90625,179.21200561523438
2025-12-05 19:00:00+00:00,89725.2890625,179.3878936767578
2025-12-05 20:00:00+00:00,89336.2421875,178.99000549316406
2025-12-08 14:00:00+00:00,90846.3125,178.61300659179688
2025-12-08 15:00:00+00:00,90054.5625,183.30389404296875
2025-12-08 16:00:00+00:00,89968.3125,183.01010131835938
2025-12-08 17:00:00+00:00,90282.9609375,182.74000549316406
2025-12-08 18:00:00+00:00,89760.9296875,181.9949951171875
2025-12-08 19:00:00+00:00,90099.9375,183.5050048828125
2025-12-08 20:00:00+00:00,90736.6796875,183.6300048828125
2025-12-09 14:00:00+00:00,90243.671875,183.52999877929688
2025-12-09 15:00:00+00:00,92724.46875,193.1199951171875
2025-12-09 16:00:00+00:00,94288.1015625,194.92999267578125
2025-12-09 17:00:00+00:00,93842.578125,193.3249969482422
2025-12-09 18:00:00+00:00,93986.015625,193.38999938964844
2025-12-09 19:00:00+00:00,93815.1640625,190.13999938964844
2025-12-09 20:00:00+00:00,93102.7734375,188.99000549316406
2025-12-10 14:00:00+00:00,91787.484375,187.0800018310547
2025-12-10 15:00:00+00:00,92012.4921875,187.17999267578125
2025-12-10 16:00:00+00:00,92173.6953125,185.4250030517578
2025-12-10 17:00:00+00:00,92395.203125,186.60000610351562
2025-12-10 18:00:00+00:00,92372.96875,186.08999633789062
2025-12-10 19:00:00+00:00,92979.0546875,187.5977020263672
2025-12-10 20:00:00+00:00,92528.1640625,184.50999450683594
2025-12-11 14:00:00+00:00,89595.6015625,176.34500122070312
2025-12-11 15:00:00+00:00,89825.3515625,172.22250366210938
2025-12-11 16:00:00+00:00,89662.6328125,174.48500061035156
2025-12-11 17:00:00+00:00,89994.71875,177.18499755859375
2025-12-11 18:00:00+00:00,90654.0859375,179.7100067138672
2025-12-11 19:00:00+00:00,90834.9921875,181.35499572753906
2025-12-11 20:00:00+00:00,91813.8203125,183.3300018310547
2025-12-12 14:00:00+00:00,92588.9921875,180.2899932861328
2025-12-12 15:00:00+00:00,89817.984375,179.88499450683594
2025-12-12 16:00:00+00:00,89982.59375,179.42999267578125
2025-12-12 17:00:00+00:00,90056.2265625,181.9149932861328
2025-12-12 18:00:00+00:00,90354.390625,180.4499969482422
2025-12-12 19:00:00+00:00,90169.8515625,178.36500549316406
2025-12-12 20:00:00+00:00,90212.9296875,176.44000244140625
2025-12-15 14:00:00+00:00,88136.921875,165.08999633789062
2025-12-15 15:00:00+00:00,86956.4140625,166.45010375976562
2025-12-15 16:00:00+00:00,86324.3125,164.39999389648438
2025-12-15 17:00:00+00:00,85712.1484375,161.91000366210938
2025-12-15 18:00:00+00:00,86227.8515625,164.2100067138672
2025-12-15 19:00:00+00:00,86203.125,161.88999938964844
2025-12-15 20:00:00+00:00,85892.359375,162.0399932861328
2025-12-16 14:00:00+00:00,87215.671875,168.37240600585938
2025-12-16 15:00:00+00:00,87875.8828125,167.6750030517578
2025-12-16 16:00:00+00:00,87626.015625,164.23500061035156
2025-12-16 17:00:00+00:00,87142.9453125,164.02999877929688
2025-12-16 18:00:00+00:00,87730.515625,165.41000366210938
2025-12-16 19:00:00+00:00,87613.0234375,166.7949981689453
2025-12-16 20:00:00+00:00,87656.7421875,167.47999572753906
2025-12-17 14:00:00+00:00,89451.8046875,170.06719970703125
2025-12-17 15:00:00+00:00,87302.0546875,164.0500030517578
2025-12-17 16:00:00+00:00,86909.4375,164.9600067138672
2025-12-17 17:00:00+00:00,86422.5234375,164.1300048828125
2025-12-17 18:00:00+00:00,85754.4453125,162.94940185546875
2025-12-17 19:00:00+00:00,85976.78125,162.5800018310547
2025-12-17 20:00:00+00:00,85852.1484375,160.47500610351562
2025-12-18 14:00:00+00:00,88299.4140625,165.43499755859375
2025-12-18 15:00:00+00:00,88502.203125,164.7449951171875
2025-12-18 16:00:00+00:00,87928.2421875,160.57269287109375
2025-12-18 17:00:00+00:00,86302.8359375,161.56500244140625
2025-12-18 18:00:00+00:00,85972.5546875,160.63119506835938
2025-12-18 19:00:00+00:00,84542.4453125,158.6750030517578
2025-12-18 20:00:00+00:00,84765.296875,158.2100067138672
2025-12-19 14:00:00+00:00,88094.3203125,164.55999755859375
2025-12-19 15:00:00+00:00,87873.5234375,166.32000732421875
2025-12-19 16:00:00+00:00,87944.4453125,164.32000732421875
2025-12-19 17:00:00+00:00,87302.953125,164.58250427246094
2025-12-19 18:00:00+00:00,87163.515625,164.50999450683594
2025-12-19 19:00:00+00:00,87817.0390625,164.2200927734375
2025-12-19 20:00:00+00:00,87909.09375,164.5
2025-12-22 14:00:00+00:00,90079.375,168.11000061035156
2025-12-22 15:00:00+00:00,89738.3046875,168.55999755859375
2025-12-22 16:00:00+00:00,89565.0234375,165.5749969482422
2025-12-22 17:00:00+00:00,89264.734375,166.26919555664062
2025-12-22 18:00:00+00:00,89149.2421875,165.27999877929688
2025-12-22 19:00:00+00:00,88039.9375,163.92999267578125
2025-12-22 20:00:00+00:00,88403.3203125,164.32000732421875
2025-12-23 14:00:00+00:00,86656.34375,159.1999969482422
2025-12-23 15:00:00+00:00,87426.453125,159.82159423828125
2025-12-23 16:00:00+00:00,87986.765625,158.63999938964844
2025-12-23 17:00:00+00:00,87378.0,158.3300018310547
2025-12-23 18:00:00+00:00,87947.7109375,157.02999877929688
2025-12-23 19:00:00+00:00,87697.2734375,156.77999877929688
2025-12-23 20:00:00+00:00,87651.453125,157.8800048828125
2025-12-24 14:00:00+00:00,86882.3984375,156.72000122070312
2025-12-24 15:00:00+00:00,86914.6015625,156.85000610351562
2025-12-24 16:00:00+00:00,87168.1484375,158.49000549316406
2025-12-26 14:00:00+00:00,87382.0,156.21499633789062
2025-12-26 15:00:00+00:00,86991.421875,156.67999267578125
2025-12-26 16:00:00+00:00,86831.4453125,158.0802001953125
2025-12-26 17:00:00+00:00,87238.2734375,157.25999450683594
2025-12-26 18:00:00+00:00,87189.5859375,157.96499633789062
2025-12-26 19:00:00+00:00,87414.7265625,158.0500030517578
2025-12-26 20:00:00+00:00,87553.0390625,158.8350067138672
2025-12-29 14:00:00+00:00,87322.015625,159.59500122070312
2025-12-29 15:00:00+00:00,87636.625,157.17999267578125
2025-12-29 16:00:00+00:00,87538.171875,156.10069274902344
2025-12-29 17:00:00+00:00,87697.2265625,156.72000122070312
2025-12-29 18:00:00+00:00,87357.53125,156.08999633789062
2025-12-29 19:00:00+00:00,87238.1015625,157.0988006591797
2025-12-29 20:00:00+00:00,87121.6796875,155.32000732421875
2025-12-30 14:00:00+00:00,88834.1796875,157.1999969482422
2025-12-30 15:00:00+00:00,88947.28125,158.82620239257812
2025-12-30 16:00:00+00:00,88672.234375,157.73500061035156
2025-12-30 17:00:00+00:00,88334.1015625,157.25680541992188
2025-12-30 18:00:00+00:00,88238.75,157.3300018310547
2025-12-30 19:00:00+00:00,88153.5390625,155.9499969482422
2025-12-30 20:00:00+00:00,87831.0859375,155.57000732421875
2025-12-31 14:00:00+00:00,88323.921875,153.58999633789062
2025-12-31 15:00:00+00:00,87911.6328125,153.78500366210938
2025-12-31 16:00:00+00:00,87558.6171875,153.3000030517578
2025-12-31 17:00:00+00:00,87490.890625,154.20449829101562
2025-12-31 18:00:00+00:00,87575.078125,153.44500732421875
2025-12-31 19:00:00+00:00,87455.484375,152.67999267578125
2025-12-31 20:00:00+00:00,87534.90625,151.85000610351562
2026-01-02 14:00:00+00:00,89565.3359375,154.08009338378906
2026-01-02 15:00:00+00:00,89319.90625,159.31500244140625
2026-01-02 16:00:00+00:00,90346.578125,159.7100067138672
2026-01-02 17:00:00+00:00,90283.484375,157.69500732421875
2026-01-02 18:00:00+00:00,89776.4609375,157.33999633789062
2026-01-02 19:00:00+00:00,89878.859375,157.19749450683594
2026-01-02 20:00:00+00:00,89695.359375,157.16000366210938
2026-01-05 14:00:00+00:00,93393.625,165.42999267578125
2026-01-05 15:00:00+00:00,93883.9453125,164.30999755859375
2026-01-05 16:00:00+00:00,93715.7734375,162.45050048828125
2026-01-05 17:00:00+00:00,94264.9609375,161.54989624023438
2026-01-05 18:00:00+00:00,94458.9609375,165.37869262695312
2026-01-05 19:00:00+00:00,94225.5859375,165.25
2026-01-05 20:00:00+00:00,94148.84375,164.72000122070312
2026-01-06 14:00:00+00:00,93750.140625,162.82000732421875
2026-01-06 15:00:00+00:00,93480.5390625,158.22999572753906
2026-01-06 16:00:00+00:00,92573.4921875,158.3300018310547
2026-01-06 17:00:00+00:00,91550.1796875,155.47500610351562
2026-01-06 18:00:00+00:00,91991.3671875,155.8300018310547
2026-01-06 19:00:00+00:00,92048.78125,158.42999267578125
2026-01-06 20:00:00+00:00,92462.4140625,158.25
2026-01-07 14:00:00+00:00,91896.5,159.0800018310547
2026-01-07 15:00:00+00:00,91265.1015625,164.28500366210938
2026-01-07 16:00:00+00:00,91190.921875,165.139892578125
2026-01-07 17:00:00+00:00,91186.109375,161.3800048828125
2026-01-07 18:00:00+00:00,90691.7578125,161.0500030517578
2026-01-07 19:00:00+00:00,91131.265625,160.44500732421875
2026-01-07 20:00:00+00:00,90948.8984375,161.6300048828125
2026-01-08 14:00:00+00:00,89924.4453125,163.23460388183594
2026-01-08 15:00:00+00:00,90649.90625,165.0991973876953
2026-01-08 16:00:00+00:00,90718.8984375,166.60499572753906
2026-01-08 17:00:00+00:00,91254.640625,169.3800048828125
2026-01-08 18:00:00+00:00,90985.6640625,168.77999877929688
2026-01-08 19:00:00+00:00,90819.8046875,166.27749633789062
2026-01-08 20:00:00+00:00,90841.203125,166.91650390625
2026-01-09 14:00:00+00:00,90056.421875,158.82699584960938
2026-01-09 15:00:00+00:00,90999.8203125,162.11439514160156
2026-01-09 16:00:00+00:00,91527.2890625,162.02999877929688
2026-01-09 17:00:00+00:00,91343.59375,158.77999877929688
2026-01-09 18:00:00+00:00,90781.109375,157.85000610351562
2026-01-09 19:00:00+00:00,90267.0546875,158.4051055908203
2026-01-09 20:00:00+00:00,90185.78125,157.3300018310547
2026-01-12 14:00:00+00:00,90803.7421875,158.86990356445312
2026-01-12 15:00:00+00:00,91546.453125,161.50999450683594
2026-01-12 16:00:00+00:00,92042.640625,160.75
2026-01-12 17:00:00+00:00,91416.15625,160.77999877929688
2026-01-12 18:00:00+00:00,91622.5859375,160.38999938964844
2026-01-12 19:00:00+00:00,91770.25,162.75
2026-01-12 20:00:00+00:00,91393.1953125,162.25
2026-01-13 14:00:00+00:00,92453.84375,164.7899932861328
2026-01-13 15:00:00+00:00,93283.03125,167.1699981689453
2026-01-13 16:00:00+00:00,93441.21875,168.02000427246094
2026-01-13 17:00:00+00:00,93241.6796875,169.86000061035156
2026-01-13 18:00:00+00:00,93557.6484375,170.05999755859375
2026-01-13 19:00:00+00:00,94194.6484375,173.0675048828125
2026-01-13 20:00:00+00:00,94438.890625,173.0
2026-01-14 14:00:00+00:00,96460.421875,184.56500244140625
2026-01-14 15:00:00+00:00,96710.59375,185.88999938964844
2026-01-14 16:00:00+00:00,97212.4921875,183.32000732421875
2026-01-14 17:00:00+00:00,96941.90625,179.2050018310547
2026-01-14 18:00:00+00:00,96835.984375,179.875
2026-01-14 19:00:00+00:00,97265.78125,179.13710021972656
2026-01-14 20:00:00+00:00,97585.109375,179.3300018310547
2026-01-15 14:00:00+00:00,96019.609375,171.3300018310547
2026-01-15 15:00:00+00:00,96434.890625,174.5399932861328
2026-01-15 16:00:00+00:00,96797.609375,176.3300018310547
2026-01-15 17:00:00+00:00,96598.6328125,175.3699951171875
2026-01-15 18:00:00+00:00,95793.5625,174.21560668945312
2026-01-15 19:00:00+00:00,95411.0859375,172.46690368652344
2026-01-15 20:00:00+00:00,95143.53125,170.89999389648438
2026-01-16 14:00:00+00:00,95223.375,173.10000610351562
2026-01-16 15:00:00+00:00,94605.625,172.43499755859375
2026-01-16 16:00:00+00:00,94795.359375,170.6649932861328
2026-01-16 17:00:00+00:00,94893.2578125,171.90989685058594
2026-01-16 18:00:00+00:00,94988.109375,170.89999389648438
2026-01-16 19:00:00+00:00,94964.3359375,171.8800048828125
2026-01-16 20:00:00+00:00,95399.2578125,173.6999969482422
2026-01-20 14:00:00+00:00,90583.90625,160.5
2026-01-20 15:00:00+00:00,90429.4609375,162.6699981689453
2026-01-20 16:00:00+00:00,90095.3359375,162.47000122070312
2026-01-20 17:00:00+00:00,89671.7265625,160.90499877929688
2026-01-20 18:00:00+00:00,89393.78125,160.9774932861328
2026-01-20 19:00:00+00:00,89597.7265625,162.8000030517578
2026-01-20 20:00:00+00:00,89504.59375,160.25
2026-01-21 14:00:00+00:00,89829.578125,162.4600067138672
2026-01-21 15:00:00+00:00,90238.5859375,160.61500549316406
2026-01-21 16:00:00+00:00,87585.9921875,157.36000061035156
2026-01-21 17:00:00+00:00,87895.9296875,158.9199981689453
2026-01-21 18:00:00+00:00,88377.2890625,162.47000122070312
2026-01-21 19:00:00+00:00,90246.1328125,162.22000122070312
2026-01-21 20:00:00+00:00,90094.9453125,163.82000732421875
2026-01-22 14:00:00+00:00,89121.171875,159.625
2026-01-22 15:00:00+00:00,88943.0234375,162.07000732421875
2026-01-22 16:00:00+00:00,88906.21875,162.0399932861328
2026-01-22 17:00:00+00:00,89447.0625,162.6199951171875
2026-01-22 18:00:00+00:00,89221.640625,161.91000366210938
2026-01-22 19:00:00+00:00,89729.1796875,161.77000427246094
2026-01-22 20:00:00+00:00,89373.109375,160.82000732421875
2026-01-23 14:00:00+00:00,88899.03125,159.94500732421875
2026-01-23 15:00:00+00:00,89529.734375,162.75
2026-01-23 16:00:00+00:00,90003.8515625,168.2949981689453
2026-01-23 17:00:00+00:00,90490.875,167.47000122070312
2026-01-23 18:00:00+00:00,90460.0703125,165.07000732421875
2026-01-23 19:00:00+00:00,89854.390625,163.3350067138672
2026-01-23 20:00:00+00:00,89444.8828125,163.15060424804688
2026-01-26 14:00:00+00:00,88120.7109375,162.6999969482422
2026-01-26 15:00:00+00:00,87579.9296875,160.61380004882812
2026-01-26 16:00:00+00:00,87546.7421875,159.94000244140625
2026-01-26 17:00:00+00:00,87593.140625,161.65499877929688
2026-01-26 18:00:00+00:00,88264.78125,161.89500427246094
2026-01-26 19:00:00+00:00,87919.96875,161.50010681152344
2026-01-26 20:00:00+00:00,87495.5859375,160.52000427246094
2026-01-27 14:00:00+00:00,87643.46875,158.20269775390625
2026-01-27 15:00:00+00:00,87908.796875,159.45860290527344
2026-01-27 16:00:00+00:00,88541.4921875,158.4199981689453
2026-01-27 17:00:00+00:00,87426.1796875,158.47000122070312
2026-01-27 18:00:00+00:00,88237.9765625,158.8800048828125
2026-01-27 19:00:00+00:00,88292.1875,161.22999572753906
2026-01-27 20:00:00+00:00,89237.53125,161.5800018310547
2026-01-28 14:00:00+00:00,89517.859375,161.1699981689453
2026-01-28 15:00:00+00:00,89381.1953125,160.69000244140625
2026-01-28 16:00:00+00:00,89530.984375,160.0749969482422
2026-01-28 17:00:00+00:00,90079.1875,159.6199951171875
2026-01-28 18:00:00+00:00,89442.84375,157.85000610351562
2026-01-28 19:00:00+00:00,89425.9921875,158.5850067138672
2026-01-28 20:00:00+00:00,89083.0546875,158.3699951171875
2026-01-29 14:00:00+00:00,86876.078125,146.0019989013672
2026-01-29 15:00:00+00:00,84758.59375,143.72999572753906
2026-01-29 16:00:00+00:00,85137.859375,145.0
2026-01-29 17:00:00+00:00,84025.984375,142.07000732421875
2026-01-29 18:00:00+00:00,83441.046875,140.44000244140625
2026-01-29 19:00:00+00:00,83862.9375,139.64999389648438
2026-01-29 20:00:00+00:00,83916.7578125,143.22999572753906
2026-01-30 14:00:00+00:00,82851.0234375,140.91000366210938
2026-01-30 15:00:00+00:00,82771.1953125,144.1300048828125
2026-01-30 16:00:00+00:00,82971.6015625,145.57000732421875
2026-01-30 17:00:00+00:00,82907.296875,143.63999938964844
2026-01-30 18:00:00+00:00,83851.125,149.6678009033203
2026-01-30 19:00:00+00:00,84213.6484375,147.69000244140625
2026-01-30 20:00:00+00:00,83716.234375,149.63999938964844
2026-02-02 14:00:00+00:00,77795.7734375,144.69369506835938
2026-02-02 15:00:00+00:00,78802.921875,146.8300018310547
2026-02-02 16:00:00+00:00,78586.3203125,146.47999572753906
2026-02-02 17:00:00+00:00,78959.21875,142.72999572753906
2026-02-02 18:00:00+00:00,78551.328125,143.360107421875
2026-02-02 19:00:00+00:00,78443.40625,140.57000732421875
2026-02-02 20:00:00+00:00,77920.7890625,139.72000122070312
2026-02-03 14:00:00+00:00,77201.9609375,136.81959533691406
2026-02-03 15:00:00+00:00,78089.84375,135.25
2026-02-03 16:00:00+00:00,76518.6015625,132.66009521484375
2026-02-03 17:00:00+00:00,74846.2890625,128.86000061035156
2026-02-03 18:00:00+00:00,73178.6484375,129.11000061035156
2026-02-03 19:00:00+00:00,74939.3515625,130.92849731445312
2026-02-03 20:00:00+00:00,76281.6796875,133.27000427246094
2026-02-04 14:00:00+00:00,74255.1640625,128.44000244140625
2026-02-04 15:00:00+00:00,74074.9140625,125.0
2026-02-04 16:00:00+00:00,73541.828125,122.26499938964844
2026-02-04 17:00:00+00:00,72488.2109375,123.9749984741211
2026-02-04 18:00:00+00:00,73406.4765625,125.66000366210938
2026-02-04 19:00:00+00:00,73782.9140625,127.56999969482422
2026-02-04 20:00:00+00:00,73414.15625,129.05999755859375
2026-02-05 14:00:00+00:00,69347.7890625,112.99099731445312
2026-02-05 15:00:00+00:00,67298.3125,114.16000366210938
2026-02-05 16:00:00+00:00,68121.9765625,113.27999877929688
2026-02-05 17:00:00+00:00,66066.1328125,110.33000183105469
2026-02-05 18:00:00+00:00,66248.5234375,110.12999725341797
2026-02-05 19:00:00+00:00,65136.609375,106.62000274658203
2026-02-05 20:00:00+00:00,63543.17578125,106.94000244140625
2026-02-06 14:00:00+00:00,68182.078125,125.19249725341797
2026-02-06 15:00:00+00:00,68622.9140625,128.3300018310547
2026-02-06 16:00:00+00:00,69743.1484375,132.38670349121094
2026-02-06 17:00:00+00:00,70801.6171875,131.13560485839844
2026-02-06 18:00:00+00:00,69745.578125,133.11000061035156
2026-02-06 19:00:00+00:00,70739.2421875,133.5500030517578
2026-02-06 20:00:00+00:00,70078.875,134.8000030517578
2026-02-09 14:00:00+00:00,69246.4921875,127.91999816894531
2026-02-09 15:00:00+00:00,69482.2890625,134.36000061035156
2026-02-09 16:00:00+00:00,70069.5546875,136.58999633789062
2026-02-09 17:00:00+00:00,70586.125,137.6824951171875
2026-02-09 18:00:00+00:00,70320.4375,136.9250030517578
2026-02-09 19:00:00+00:00,70882.671875,136.11000061035156
2026-02-09 20:00:00+00:00,70759.203125,138.39999389648438
2026-02-10 14:00:00+00:00,68395.9921875,136.41009521484375
2026-02-10 15:00:00+00:00,69265.8515625,137.57000732421875
2026-02-10 16:00:00+00:00,69521.46875,136.81500244140625
2026-02-10 17:00:00+00:00,69766.5234375,134.22999572753906
2026-02-10 18:00:00+00:00,68902.0703125,134.76809692382812
2026-02-10 19:00:00+00:00,68995.203125,133.33999633789062
2026-02-10 20:00:00+00:00,68765.265625,133.00999450683594
2026-02-11 14:00:00+00:00,66507.4609375,126.68000030517578
2026-02-11 15:00:00+00:00,66516.078125,128.64999389648438
2026-02-11 16:00:00+00:00,66028.40625,127.0199966430664
2026-02-11 17:00:00+00:00,66552.1328125,125.22149658203125
2026-02-11 18:00:00+00:00,67210.734375,126.38999938964844
2026-02-11 19:00:00+00:00,67536.265625,124.0250015258789
2026-02-11 20:00:00+00:00,67546.4609375,126.1500015258789
2026-02-12 14:00:00+00:00,67697.4140625,126.2300033569336
2026-02-12 15:00:00+00:00,67116.5078125,120.97000122070312
2026-02-12 16:00:00+00:00,65785.0078125,122.52999877929688
2026-02-12 17:00:00+00:00,65447.46875,121.87000274658203
2026-02-12 18:00:00+00:00,65581.5859375,121.91999816894531
2026-02-12 19:00:00+00:00,65781.4140625,122.80999755859375
2026-02-12 20:00:00+00:00,65356.19921875,122.7750015258789
2026-02-13 14:00:00+00:00,67689.4140625,133.5800018310547
2026-02-13 15:00:00+00:00,68573.484375,132.55999755859375
2026-02-13 16:00:00+00:00,68914.1171875,132.64500427246094
2026-02-13 17:00:00+00:00,69031.4921875,132.3300018310547
2026-02-13 18:00:00+00:00,69091.9921875,133.97999572753906
2026-02-13 19:00:00+00:00,68956.765625,134.9199981689453
2026-02-13 20:00:00+00:00,68698.0078125,133.8800048828125
