Datetime,BTC,MSTR,lret_btc,lret_mstr,ratio,ratio_mean,ratio_std,z_score
2024-03-01 17:00:00+00:00,61899.55078125,104.84700012207033,0.007094460387624652,0.005134934516984526,0.0016938248953145803,0.0014630147004837907,0.0001222409058071075,1.8881584139682441
2024-03-01 18:00:00+00:00,62388.91015625,104.04499816894533,0.007874615230617422,-0.007678665533507188,0.001667684175094094,0.001468811824711592,0.00012357708717539672,1.6092979283468336
2024-03-01 19:00:00+00:00,62201.09765625,103.6969985961914,-0.0030148909299985674,-0.0033503085912797007,0.0016671248981692509,0.001474097034214753,0.00012518090233950912,1.5419913129478633
2024-03-01 20:00:00+00:00,63155.1015625,107.95999908447266,0.015220983575253703,0.04028760799477503,0.00170944225269961,0.0014806232231007411,0.00012709068861306008,1.8004389786220338
2024-03-04 14:00:00+00:00,66284.2109375,129.1949920654297,0.048358092720283775,0.17956204982422713,0.0019491065856882396,0.0014908580264546784,0.00013930586788461793,3.289513688060234
2024-03-04 15:00:00+00:00,66475.5078125,131.33599853515625,0.002881853158409087,0.016436084345025852,0.001975705080818652,0.0015012633433367994,0.00015149477624450648,3.131736613255382
2024-03-04 16:00:00+00:00,66555.875,130.08900451660156,0.0012082441838600863,-0.009540047521502028,0.001954583340938746,0.0015113599363933549,0.0001610465303335188,2.75214500820042
2024-03-04 17:00:00+00:00,67169.515625,126.02149963378906,0.009177687638364145,-0.03176634190761828,0.0018761710347496505,0.0015200253356330256,0.000166455822090238,2.139580908882558
2024-03-04 18:00:00+00:00,66636.4453125,130.98001098632812,-0.007967853285474702,0.038592199258119415,0.0019655912072152238,0.0015305813625706777,0.00017424514309667292,2.4965392831821904
2024-03-04 19:00:00+00:00,67481.8671875,133.5,0.012607272743867718,0.01905675417249414,0.0019783092194095198,0.001541367227406895,0.0001815671430916021,2.4065036468750516
2024-03-04 20:00:00+00:00,67807.90625,133.32949829101562,0.004819871974127349,-0.0012779826314725153,0.0019662824833352765,0.0015523708202107391,0.000186990120923309,2.213548293785513
2024-03-05 14:00:00+00:00,68743.4921875,121.46099853515624,0.013703273470610853,-0.09323028367031198,0.0017668726838006368,0.0015598515850838448,0.0001864334856223979,1.1104287302555307
2024-03-05 15:00:00+00:00,66919.59375,111.6230010986328,-0.026890267556531167,-0.08446607979327769,0.0016680167174301292,0.0015655662214150508,0.0001843605203422173,0.5557073489752891
2024-03-05 16:00:00+00:00,65266.7265625,118.04000091552734,-0.025009446281509383,0.0558964260855736,0.0018085785381390497,0.00157390486886918,0.00018383926468419317,1.2765154912526548
2024-03-05 17:00:00+00:00,65544.4765625,118.19520568847656,0.004246584554908404,0.0013139853073655002,0.0018032824714950832,0.0015819257455076147,0.00018316097590400998,1.2085365067255154
2024-03-05 18:00:00+00:00,64125.20703125,114.70399475097656,-0.021891411648958234,-0.029982691789133945,0.0017887504783427538,0.0015887991692484357,0.0001830535280918238,1.0923105999575056
2024-03-05 19:00:00+00:00,61211.64453125,115.03299713134766,-0.04650009050554551,0.0028641674341466526,0.0018792665678606392,0.0015973842946768472,0.00018441354204585964,1.528533480007092
2024-03-05 20:00:00+00:00,61980.03125,105.00300598144533,0.012474815016695357,-0.09123004064073788,0.0016941425143512706,0.0016023923753658738,0.00018286077315961895,0.5017486112524976
2024-03-06 14:00:00+00:00,66012.1640625,116.24300384521484,0.06302677246743012,0.10169388253735531,0.001760933087046753,0.001608897811931182,0.0001814124005096304,0.8380644029210125
2024-03-06 15:00:00+00:00,66464.0625,123.343994140625,0.0068223590301433575,0.05929429153275634,0.001855799803700308,0.0016169566474684405,0.00018146242601815675,1.3162127360072284
2024-03-06 16:00:00+00:00,67126.8359375,125.3000030517578,0.009922515427254886,0.01573373404506357,0.0018666156582804122,0.0016250751279069003,0.0001815554607635227,1.3303952927536575
2024-03-06 17:00:00+00:00,67233.3359375,126.12449645996094,0.0015852915461178829,0.006558600019359042,0.001875922036312553,0.0016334377472201928,0.00018135801040046283,1.3370475809528473
2024-03-06 18:00:00+00:00,67061.40625,127.21199798583984,-0.002560484180266747,0.008585483968871809,0.0018969479630594512,0.0016424908329840638,0.00018071679379075606,1.408043628585022
2024-03-06 19:00:00+00:00,66877.2578125,123.7230987548828,-0.00274974451655532,-0.027808976227272037,0.0018500025689115168,0.0016509467369675477,0.00017830275476665762,1.1163923530204047
2024-03-06 20:00:00+00:00,67231.453125,124.61997985839844,0.005282224153576907,0.007222951473322961,0.0018535964056391714,0.0016592341943292993,0.00017591786375264817,1.1048463593393671
2024-03-07 14:00:00+00:00,67007.09375,124.0050811767578,-0.0033426998299997597,-0.004946403494502187,0.0018506261686175249,0.001667487191765706,0.00017301590458683452,1.058509489570675
2024-03-07 15:00:00+00:00,67482.9609375,127.1290054321289,0.007076644804895308,0.02487981969897497,0.0018838682189696843,0.0016764069895914599,0.0001700720121543308,1.2198434460219418
2024-03-07 16:00:00+00:00,67341.5390625,129.64999389648438,-0.002097866884238445,0.019636103211420834,0.001925260332647812,0.001686140829674053,0.00016725319964697294,1.429685671057275
2024-03-07 17:00:00+00:00,67622.5703125,129.6999969482422,0.0041645391129649986,0.0003856028852327229,0.0019179986260336988,0.001695688291764428,0.0001637722166999077,1.357436192468634
2024-03-07 18:00:00+00:00,67677.9609375,128.18699645996094,0.0008187791663898948,-0.011733960120580804,0.0018940729697565874,0.0017020101413625563,0.00016399065739494155,1.1711815261004952
2024-03-07 19:00:00+00:00,67573.1015625,130.3000030517578,-0.001550588868899688,0.016349399879352234,0.0019282821128350927,0.0017092422633376652,0.00016424574672320685,1.3336104822644923
2024-03-07 20:00:00+00:00,67658.46875,130.0,0.001262533573222278,-0.002305057096228345,0.0019214150482824812,0.0017169164759732196,0.00016320227580736088,1.2530375039049435
2024-03-08 14:00:00+00:00,68576.703125,142.7989959716797,0.013480340904892361,0.09390356841453752,0.0020823251842741557,0.001727071119399926,0.00016668899169565492,2.1312389094227755
2024-03-08 15:00:00+00:00,68031.046875,130.0,-0.00798869979116142,-0.09390356841453744,0.0019108922465776769,0.0017341886601380113,0.00016523825362513365,1.0693866738663471
2024-03-08 16:00:00+00:00,67947.0234375,135.60000610351562,-0.0012358382201035566,0.04217497006188892,0.0019956724995944105,0.001743066037518965,0.0001647306676545656,1.533451334059741
2024-03-08 17:00:00+00:00,68550.25,137.0540008544922,0.008838718524646103,0.010665594468430439,0.0019993216779587556,0.001752046961323369,0.0001637484776860362,1.510088644057503
2024-03-08 18:00:00+00:00,68728.2265625,138.6009979248047,0.0025929288650646675,0.011224271778646662,0.0020166531985044583,0.00176049419170216,0.00016411349876912335,1.560864942393712
2024-03-08 19:00:00+00:00,68889.7734375,140.96800231933594,0.0023477590025067436,0.01693364395480588,0.002046283436353999,0.0017690014630042943,0.00016549504427138396,1.675469948785952
2024-03-08 20:00:00+00:00,69204.359375,142.5019989013672,0.004556116545709913,0.01082309626898353,0.002059147721159975,0.0017778125682919243,0.00016665008855811048,1.6881788380805436
2024-03-11 13:00:00+00:00,71540.875,155.59500122070312,0.033205107287872744,0.08790045840895104,0.0021749105140341537,0.001788542722429628,0.00017116128820509325,2.2573316411451767
2024-03-11 14:00:00+00:00,72219.859375,159.802001953125,0.009446103996278557,0.026679075723277258,0.002212715495932451,0.0018000149517943423,0.0001761509271698446,2.342880339994936
2024-03-11 15:00:00+00:00,72109.8515625,161.6999969482422,-0.001524396232602524,0.01180718658953371,0.002242412006743509,0.0018117674871765096,0.00018175730711203407,2.3693381378144696
2024-03-11 16:00:00+00:00,72605.6640625,162.7760009765625,0.0068522637378434234,0.00663228084292749,0.002241918768712625,0.0018235339855837075,0.0001863904937139385,2.244668034256246
2024-03-11 17:00:00+00:00,72511.4140625,162.4810028076172,-0.0012989513635459317,-0.0018139394165295883,0.00224076450457261,0.001834633408876865,0.00019109692220802834,2.125262359032816
2024-03-11 18:00:00+00:00,72506.765625,154.7239990234375,-6.41083416107576e-05,-0.04891821092325781,0.0021339249887887615,0.0018437679098270324,0.0001921000074840904,1.5104480356970305
2024-03-11 19:00:00+00:00,71918.234375,148.84100341796875,-0.008150036457242443,-0.038764233169469836,0.0020695864506610913,0.0018521418535615934,0.00019078390620026956,1.1397428715566924
2024-03-12 13:00:00+00:00,72250.25,153.35198974609375,0.004605947179207377,0.029857220626925425,0.0021225115448886855,0.0018618334018737147,0.00018947644128506616,1.3757812910512823
2024-03-12 14:00:00+00:00,71739.734375,154.98500061035156,-0.007091017703520689,0.010592476310211436,0.002160378790925117,0.0018710875634111647,0.0001902839923092727,1.5203130016515585
2024-03-12 15:00:00+00:00,71673.359375,149.0780029296875,-0.0009256477634463382,-0.038858663423571804,0.0020799639395957573,0.0018797803560491922,0.00018765238113335509,1.0667788084410434
2024-03-12 16:00:00+00:00,70525.9453125,144.66400146484375,-0.01613846099419749,-0.030055856348821883,0.0020512167660261555,0.0018874426710278663,0.00018504882571246698,0.8850317983252973
2024-03-12 17:00:00+00:00,70710.953125,153.59228515625,0.002619824144584761,0.05988777039631763,0.0021721144797007003,0.0018965318324651458,0.0001854206997303045,1.486256106445457
2024-03-12 18:00:00+00:00,71385.1484375,155.78900146484375,0.009489357754863727,0.014200944404413773,0.0021823727326313828,0.001907311748949046,0.00018286394346680171,1.5041838126621885
2024-03-12 19:00:00+00:00,71372.1328125,159.3209991455078,-0.00018234621620830132,0.02241849259703646,0.0022322577855989835,0.0019184759166181,0.0001818952441268318,1.725069121444923
2024-03-13 13:00:00+00:00,71897.0,171.10733032226562,0.007327042822737371,0.07136999270183822,0.0023798952713223864,0.0019312134969562166,0.00018701629833943337,2.399158674137669
2024-03-13 14:00:00+00:00,72389.984375,173.39700317382812,0.006833413221316181,0.013292759154419062,0.0023953175935994683,0.0019442292725424832,0.00019170817828453827,2.3529946666514565
2024-03-13 15:00:00+00:00,72731.75,175.6380157470703,0.004710063014366942,0.012841366894733416,0.002414874050838462,0.0019568654883429333,0.00019733921297218794,2.320920184069439
2024-03-13 16:00:00+00:00,73016.9375,175.2497100830078,0.003913419309068059,-0.002213276749174097,0.0024001240819365756,0.0019694555422175228,0.00020114740658728195,2.14105937046808
2024-03-13 17:00:00+00:00,72912.8359375,176.21099853515625,-0.0014267353084523946,0.00547026069024816,0.002416734944807279,0.0019817687077220503,0.00020556413098781414,2.1159636897500063
2024-03-13 18:00:00+00:00,73165.2734375,169.80599975585938,0.003456202334046534,-0.03702552479410563,0.0023208551239942104,0.001992439486462444,0.00020628227494105486,1.5920691083400702
2024-03-13 19:00:00+00:00,73273.96875,176.63800048828125,0.0014845109936102259,0.03944583582092739,0.002410651470114088,0.002004331223579889,0.0002095115056869231,1.9393696074208502
2024-03-14 13:00:00+00:00,71981.84375,172.29568481445312,-0.017791495726005347,-0.02489034471051647,0.002393599216669872,0.0020159941289358105,0.00021140222641932973,1.7861925776744552
2024-03-14 14:00:00+00:00,71473.9609375,164.0780029296875,-0.007080716399898032,-0.048870156245370354,0.002295633273678012,0.0020264599472455424,0.00020940065420556168,1.2854464445379967
2024-03-14 15:00:00+00:00,70883.7578125,162.59201049804688,-0.008291879243491623,-0.00909788239115071,0.002293783731502093,0.002036904261134423,0.0002067859251471717,1.2422483308999206
2024-03-14 16:00:00+00:00,71265.7421875,166.16200256347656,0.005374416293368685,0.021719171536098963,0.002331583134661037,0.0020472732758337804,0.0002056827405184637,1.3822737781040737
2024-03-14 17:00:00+00:00,71071.0078125,167.31199645996094,-0.0027362504272309862,0.006897080183694396,0.002354152580773366,0.0020540240424185324,0.00020902606409781136,1.4358426526865657
2024-03-14 18:00:00+00:00,69724.59375,160.010498046875,-0.01912638026419735,-0.04462088582355277,0.00229489322835782,0.0020593438448775186,0.00021105095858093385,1.1160782451029385
2024-03-14 19:00:00+00:00,69209.3203125,168.0,-0.007417566884462237,0.04872455352888843,0.0024274187239728936,0.002067224434594754,0.0002158462278966687,1.668754153769942
2024-03-15 13:00:00+00:00,68317.484375,162.52200317382812,-0.012969812557638658,-0.033150582653146125,0.00237892253587284,0.0020756036262801407,0.0002180509855354539,1.391045809070105
2024-03-15 14:00:00+00:00,68465.0,168.6999969482422,0.002156938190816243,0.0373085747119591,0.002464032672872887,0.0020839109840411017,0.00022322221829137068,1.7028846489448222
2024-03-15 15:00:00+00:00,68181.546875,164.14700317382812,-0.004148711226795004,-0.027359584313301516,0.002407498959722423,0.0020910641463796503,0.0002266315140704509,1.3962524790105124
2024-03-15 16:00:00+00:00,67934.15625,166.89999389648438,-0.0036350089184995576,0.016632406949122654,0.0024567905617652293,0.0020992392810201496,0.00023086147159366937,1.5487698240717809
2024-03-15 17:00:00+00:00,68235.140625,173.35118103027344,0.004420744941554986,0.03792469099102992,0.002540497160883127,0.002112133022304857,0.0002335717569360048,1.8339723269523356
2024-03-15 18:00:00+00:00,70252.0546875,179.56199645996094,0.02912986542631764,0.03520104738608106,0.002555967896721326,0.0021269322086263772,0.0002330853964842183,1.8406802595373994
2024-03-15 19:00:00+00:00,68679.7265625,178.04800415039062,-0.02263550131186699,-0.008467332303565731,0.0025924390364071,0.0021399965502641783,0.0002368760759843216,1.9100387587173144
2024-03-18 13:00:00+00:00,67510.4609375,165.73599243164062,-0.01717149197224353,-0.07165708489300188,0.0024549675728784623,0.002150857968620568,0.00023611468043766617,1.2879741475379327
2024-03-18 14:00:00+00:00,66798.4453125,160.83700561523438,-0.01060275621587256,-0.030004650587335174,0.002407795643488381,0.002161175388039662,0.00023353461553078937,1.056032977758727
2024-03-18 15:00:00+00:00,67415.046875,159.9010009765625,0.009188433899037183,-0.005836584854760672,0.002371888894078033,0.002169385760143285,0.00023211078479033615,0.8724417269868243
2024-03-18 16:00:00+00:00,67035.0859375,147.75799560546875,-0.005652087373563087,-0.07897910924128429,0.00220418894880258,0.002177886534050807,0.00022359424882659683,0.11763457642495648
2024-03-18 17:00:00+00:00,67426.34375,154.39700317382812,0.005819645346290366,0.043951457311321086,0.0022898617155676358,0.002186702011192822,0.00021721247913647325,0.4749253117727151
2024-03-18 18:00:00+00:00,67011.984375,152.88299560546875,-0.006164323714491378,-0.009854333677391759,0.0022814276734432065,0.0021937958090218696,0.0002131344672462071,0.411157639370018
2024-03-18 19:00:00+00:00,67000.78125,150.13800048828125,-0.00016719489332007157,-0.018118019821129733,0.00224083954973706,0.0022000328738794807,0.00020882982977348498,0.1954063550300337
2024-03-19 13:00:00+00:00,63424.4921875,124.5199966430664,-0.05485418082119594,-0.18708855579344,0.0019632793633562176,0.0022014888293302084,0.00020682675841251995,-1.15173427172744
2024-03-19 14:00:00+00:00,62780.68359375,128.40200805664062,-0.01020265887648198,0.03069971158956594,0.002045247052222659,0.002203960480816262,0.00020399239690679956,-0.7780360003618967
2024-03-19 15:00:00+00:00,63923.69140625,138.197998046875,0.018042610128131173,0.07352139511203935,0.0021619214254789266,0.0022091591284257184,0.00019872562228950646,-0.2377031326034809
2024-03-19 16:00:00+00:00,64770.2109375,143.70010375976562,0.013155739704396811,0.03904108982691347,0.0022186141079334914,0.0022152427567972907,0.00019316561871937285,0.017453163552353067
2024-03-19 17:00:00+00:00,64840.23828125,139.81300354003906,0.0010805818664481454,-0.027422674361018463,0.002156269120011379,0.0022203368059871883,0.00018732913535824566,-0.3420059877673972
2024-03-19 18:00:00+00:00,64798.66015625,142.33999633789062,-0.0006414452286581615,0.017912695361308052,0.0021966503010195583,0.0022255498406880195,0.00018208581925771813,-0.15871384046419193
2024-03-19 19:00:00+00:00,64539.8828125,141.63999938964844,-0.0040015556556459,-0.004929913208696229,0.0021946119704173957,0.002230039034650846,0.00017782745781111213,-0.19922156380979641
2024-03-20 13:00:00+00:00,63578.96484375,145.84300231933594,-0.01500069669915072,0.029242093615479896,0.0022938876510140717,0.002236303851733852,0.0001732092999401053,0.33245212179791594
2024-03-20 14:00:00+00:00,64254.08984375,144.8990020751953,0.01056270271647948,-0.0064937542367669325,0.0022550938380351154,0.002242320866205161,0.00016728870066172116,0.07635286650819918
2024-03-20 15:00:00+00:00,63652.125,138.1999969482422,-0.009412666755878783,-0.04733507306185552,0.002171176483868248,0.0022463691057223803,0.00016242875584023938,-0.46292678574777646
2024-03-20 16:00:00+00:00,63100.796875,142.0334930419922,-0.00869931191789683,0.027361007030649965,0.0022508985635055372,0.0022518604976427643,0.0001567259832725678,-0.006137681303004594
2024-03-20 17:00:00+00:00,64204.90625,143.843994140625,0.01734623088422543,0.012666441996693796,0.002240389442833662,0.00225449490195209,0.00015514847746856314,-0.09091587199936406
2024-03-20 18:00:00+00:00,65303.921875,151.75601196289062,0.016972464704878468,0.05354470842400282,0.0023238422380415513,0.0022613774018098213,0.00014867186559628095,0.4201523669673559
2024-03-20 19:00:00+00:00,65776.5234375,154.64999389648438,0.007210894183236408,0.018890412961707147,0.0023511427149753633,0.0022673019053995034,0.00014494001245355694,0.5784517895134371
2024-03-21 13:00:00+00:00,66742.7734375,168.63449096679688,0.014583040307238651,0.08656913773796487,0.002526632956371096,0.0022760904267063757,0.00014440137861949023,1.7350425048566953
2024-03-21 14:00:00+00:00,66892.953125,165.90049743652344,0.0022475988208385637,-0.016345401798665695,0.0024800893021797417,0.0022838143617676305,0.0001426731505944844,1.3756964053452325
2024-03-21 15:00:00+00:00,66492.6640625,166.6855010986328,-0.006002000404656102,0.004720614357376306,0.002506825428771454,0.002291490061641255,0.00014206468206348586,1.5157558092726389
2024-03-21 16:00:00+00:00,66746.34375,166.5,0.0038078937721857348,-0.001113500540616555,0.0024945186604322426,0.002298746243962459,0.00014111172261675186,1.3873575691616042
2024-03-21 17:00:00+00:00,65730.96875,163.2790069580078,-0.01532934000891832,-0.01953487277224065,0.0024840499092447623,0.002303898567215969,0.00014215341149604205,1.267302276694282
2024-03-21 18:00:00+00:00,65190.23828125,159.41099548339844,-0.008260442379544061,-0.023974692223265016,0.0024453200308250473,0.0023077753094641793,0.00014279485591378724,0.9632330274131935
2024-03-21 19:00:00+00:00,65459.71875,159.6999969482422,0.004125234436070239,0.0018112916866573497,0.0024396682417496974,0.002311062913380949,0.00014353330479425214,0.8959964278192976
2024-03-22 13:00:00+00:00,62892.796875,153.3950653076172,-0.040003332488655376,-0.04028031648590034,0.002438992586265344,0.0023143474770068273,0.00014417765362560253,0.8645244677250231
2024-03-22 14:00:00+00:00,62685.6796875,159.24349975585938,-0.003298612643986384,0.03741775613385558,0.0025403489369457016,0.0023193405508797125,0.00014675073478026492,1.5060121259148225
2024-03-22 15:00:00+00:00,63863.29296875,156.02500915527344,0.018611723979089067,-0.0204181662612538,0.0024431093653692524,0.002324493623822721,0.00014555315008519046,0.8149307759887517
2024-03-22 16:00:00+00:00,63368.5703125,156.11700439453125,-0.007776749263925625,0.0005894447906913961,0.002463634631878949,0.0023310610935096845,0.00014271888358611143,0.928913785184386
2024-03-22 17:00:00+00:00,63578.57421875,153.5989990234375,0.0033085281057756446,-0.01626045037120088,0.0024158924749548647,0.002335950775677455,0.00014046056287929067,0.569139818598836
2024-03-22 18:00:00+00:00,63736.8046875,152.30300903320312,0.002485647084860662,-0.008473286935449754,0.002389561412435736,0.002339770486035965,0.00013871041539768135,0.3589559317302936
2024-03-22 19:00:00+00:00,64096.31640625,152.3000946044922,0.005624718594209741,-1.9135909491568577e-05,0.0023761130614620074,0.0023447063047337354,0.0001345144301937381,0.23348243517842285
2024-03-25 13:00:00+00:00,67954.515625,173.29750061035156,0.0584516975889485,0.12915689321546792,0.0025501984528397787,0.0023530226661806295,0.00013145180114489227,1.4999854314800367
2024-03-25 14:00:00+00:00,69298.546875,180.1949920654297,0.01958534385813047,0.03902977951983498,0.0026002708597983094,0.002360158605848923,0.00013307596815001217,1.804324682265064
2024-03-25 15:00:00+00:00,69762.1953125,178.4770050048828,0.006668311246855551,-0.009579784389026978,0.002558362795284673,0.0023664251068931446,0.00013341438735965972,1.4386580952030381
2024-03-25 16:00:00+00:00,70259.59375,183.89633178710935,0.007104616117739021,0.029912415211894607,0.0026173839325267854,0.002372843876008608,0.000136087705565656,1.7969298218507932
2024-03-25 17:00:00+00:00,70494.7421875,186.6000061035156,0.0033412634104800815,0.014595136491258645,0.0026470060080112353,0.002377295721620089,0.0001406159554951366,1.9180631774071657
2024-03-25 18:00:00+00:00,70886.296875,185.4084625244141,0.005539012744457386,-0.0064060243482591565,0.002615575515975408,0.0023809666869930215,0.00014393041414087246,1.6300156598782671
2024-03-25 19:00:00+00:00,71002.9375,185.6000061035156,0.0016441085440764658,0.0010325564633503063,0.0026139764443339486,0.002384285060217946,0.00014698812499092722,1.5626526573502468
2024-03-26 13:00:00+00:00,70407.3359375,179.3380126953125,-0.00842378803205997,-0.034321488987626846,0.0025471495307606775,0.002386735484365014,0.00014847465747682028,1.0804136485090545
2024-03-26 14:00:00+00:00,70292.6328125,185.30099487304688,-0.0016304644760016015,0.032709138012789137,0.002636136782176342,0.002390392181654499,0.00015188853319646358,1.6179272743649382
2024-03-26 15:00:00+00:00,70233.34375,185.7250061035156,-0.0008438164596789634,0.0022856156384741984,0.002644399315012189,0.0023957845848381317,0.00015508756439457642,1.6030603816920326
2024-03-26 16:00:00+00:00,69768.90625,186.8470001220703,-0.006634739137423216,0.0060229828952389425,0.00267808412321313,0.0024002417957231154,0.000159307665584086,1.7440612570106584
2024-03-26 17:00:00+00:00,70066.1484375,189.03298950195312,0.004251332197868257,0.011631446661062644,0.0026979218027172315,0.002405313838823905,0.00016387173218512108,1.7855914500420118
2024-03-26 18:00:00+00:00,70104.9296875,188.0619964599609,0.0005533416951383343,-0.005149870585011663,0.0026825787758188585,0.002411762930526252,0.00016706505907401016,1.6210202587761606
2024-03-26 19:00:00+00:00,69557.2890625,187.6739959716797,-0.007842399135628331,-0.0020652832521303316,0.002698121196227862,0.002418501888271682,0.0001703481209163583,1.641458129693573
2024-03-27 13:00:00+00:00,70020.90625,191.6966857910156,0.00664314209629394,0.02120796776349656,0.002737706437368705,0.0024252706099834763,0.0001748451224826608,1.7869290429660833
2024-03-27 14:00:00+00:00,69985.2109375,191.1999969482422,-0.0005099107666220255,-0.002594376727489086,0.002732005725023713,0.0024315681623876487,0.00017899565856138654,1.6784628468127298
2024-03-27 15:00:00+00:00,68901.3984375,191.86199951171875,-0.015607472967606093,0.003456376401979358,0.0027845878873671262,0.002439729740037804,0.00018375893885296988,1.8766877381962461
2024-03-27 16:00:00+00:00,69241.140625,192.8990020751953,0.004918729231116465,0.005390385564801725,0.0027859015656588964,0.0024457044540659037,0.00018910202824822862,1.79901355233708
2024-03-27 17:00:00+00:00,68645.625,191.99899291992188,-0.008637802547554281,-0.004676619817720309,0.0027969589164629485,0.0024526717270757386,0.0001942313118350506,1.7725627558938235
2024-03-27 18:00:00+00:00,68526.546875,189.4369964599609,-0.0017361853105356195,-0.013433630070843968,0.0027644322543424658,0.002457678386766899,0.00019835697593100705,1.5464738063069816
2024-03-27 19:00:00+00:00,68697.0390625,191.88900756835935,0.0024848829603536567,0.012860622555985513,0.0027932646033518318,0.0024641078141607224,0.00020290282327127012,1.6222385863554223
2024-03-28 13:00:00+00:00,70887.2109375,187.5,0.03138393679520593,-0.023138273879961153,0.002645046934704702,0.00246724542037638,0.0002042389152061463,0.8705564958022819
2024-03-28 14:00:00+00:00,71538.9921875,168.0,0.00915261076521572,-0.10981486600720657,0.0023483696773317787,0.0024640432956505244,0.000204576824209787,-0.5654287515976206
2024-03-28 15:00:00+00:00,71288.2578125,176.5439910888672,-0.003511019536849294,0.04960610721133856,0.002476480650617207,0.002462718508215456,0.00020422852749125856,0.06738599436036229
2024-03-28 16:00:00+00:00,70597.890625,174.0760040283203,-0.009731360576152077,-0.014078078011034808,0.002465739450389143,0.0024606068484484896,0.00020351830631326715,0.025219362491907142
2024-03-28 17:00:00+00:00,70797.921875,176.89999389648438,0.0028293820008879196,0.016092558059544182,0.0024986608252261554,0.002461335069320951,0.00020357594862493235,0.18335051933847601
2024-03-28 18:00:00+00:00,70557.8828125,172.28799438476562,-0.0033962424642896174,-0.02641710411309275,0.0024417965437342056,0.002461901750991715,0.0002034716846510977,-0.09881083597447243
2024-03-28 19:00:00+00:00,70884.234375,170.447998046875,0.0046146388094892,-0.01073720913994576,0.0024045967280277194,0.002462446881557543,0.00020327015429658546,-0.2845973809092323
2024-04-01 13:00:00+00:00,69896.1875,163.58999633789062,-0.014036939016934088,-0.04106697818988871,0.0023404709496907916,0.002464718248239013,0.00020108510736204465,-0.6178841395972687
2024-04-01 14:00:00+00:00,68928.359375,162.90200805664062,-0.013943410255012539,-0.004214432759730014,0.0023633524652804144,0.0024659430940675593,0.0002002239510497432,-0.5123794044083039
2024-04-01 15:00:00+00:00,68279.1171875,161.68399047851562,-0.009463726749945695,-0.007505088332975891,0.0023679859543953717,0.0024673857320834294,0.00019918107732779116,-0.4990422736015027
2024-04-01 16:00:00+00:00,68645.921875,160.406005859375,0.0053577573167863084,-0.007935616382472008,0.002336715736026744,0.0024689836685215906,0.0001977119657843423,-0.6689930575022464
2024-04-01 17:00:00+00:00,68692.796875,160.57699584960938,0.0006826188892225696,0.0010654147135414217,0.002337610392277529,0.0024752225190036122,0.00018710542489903752,-0.735479085121872
2024-04-01 18:00:00+00:00,68932.0546875,163.9814910888672,0.003476960023148381,0.02098000978235033,0.0023788858729406662,0.0024807831660155787,0.00017888754924423798,-0.5696164629981629
2024-04-01 19:00:00+00:00,69752.203125,163.7594451904297,0.01182770145081634,-0.0013550088367490414,0.0023477315103146382,0.002483880000762841,0.00017483644035001312,-0.7787191856322455
2024-04-02 13:00:00+00:00,65232.8515625,153.97000122070312,-0.06698580586497412,-0.061640767234129035,0.0023603138224485482,0.0024862416626714253,0.00017212859950511668,-0.7315916157159793
2024-04-02 14:00:00+00:00,65704.5625,152.39999389648438,0.007205167164676968,-0.01024918296678557,0.0023194735357454726,0.0024889617362669936,0.00016806742152546665,-1.0084536252365786
2024-04-02 15:00:00+00:00,64752.3359375,151.62017822265625,-0.01459859134011453,-0.005130037119647296,0.002341539900104955,0.0024913765629184167,0.0001648054925369524,-0.9091727496877298
2024-04-02 16:00:00+00:00,65586.5859375,154.17359924316406,0.012801416196811738,0.016700669253521396,0.002350687980467257,0.002493977829752581,0.00016123507579716683,-0.8887014725355546
2024-04-02 17:00:00+00:00,65565.25,154.8719940185547,-0.0003253623944446961,0.004519695342679497,0.002362104834779928,0.002495114782815345,0.0001600362817873668,-0.8311237086359048
2024-04-02 18:00:00+00:00,65845.203125,157.28939819335938,0.004260750067664592,0.01548847846944295,0.0023887753507990926,0.0024973428080280785,0.00015754930640099455,-0.6891014610541035
2024-04-02 19:00:00+00:00,66125.359375,157.9324951171875,0.004245744892531165,0.004080286488373213,0.0023883801405379886,0.0025009628689725743,0.00015233701233570424,-0.7390372615847793
2024-04-03 13:00:00+00:00,65792.5390625,165.2458953857422,-0.0050458811518524415,0.04526694397022888,0.0025116205840416935,0.00250530823598151,0.00014875960880345065,0.04243321228764342
2024-04-03 14:00:00+00:00,66595.234375,165.85693359375,0.012126575260713424,0.0036909313252970577,0.0024905225599147836,0.002509477121266195,0.00014465796740276176,-0.13103019274864708
2024-04-03 15:00:00+00:00,65874.453125,168.86099243164062,-0.010882313935877618,0.01795027553625265,0.0025633760042184884,0.0025134693507024774,0.00014274062232334976,0.3496317495587042
2024-04-03 16:00:00+00:00,66289.1875,167.2239990234375,0.006276094308257297,-0.009741621289743681,0.002522643666788607,0.002516327699899365,0.00014114316882281886,0.04474865444724918
2024-04-03 17:00:00+00:00,65993.375,165.5,-0.0044724412272853795,-0.010363030362517303,0.0025078274902594387,0.0025160142754641706,0.0001411407767825334,-0.05800439384959495
2024-04-03 18:00:00+00:00,65992.1796875,161.5,-1.8112777612125562e-05,-0.024466052154406382,0.002447259671748511,0.002515467114956983,0.0001413458939302298,-0.4825569481497668
2024-04-03 19:00:00+00:00,65923.984375,160.5439910888672,-0.0010339190660924376,-0.005937149866730455,0.0024352895628339697,0.002514274850524692,0.0001417212299193253,-0.5573285508154594
2024-04-04 13:00:00+00:00,67308.4453125,172.16299438476562,0.02078338997694359,0.06987367706036865,0.002557821586658946,0.002515329899295137,0.00014180726578211865,0.29964393664493816
2024-04-04 14:00:00+00:00,67723.359375,169.5030059814453,0.0061454465380338255,-0.015571008789290063,0.0025028735660153497,0.0025156436269079805,0.0001417577041249448,-0.09008371694123478
2024-04-04 15:00:00+00:00,67644.953125,170.9040069580078,-0.001158413772321028,0.008231374993833536,0.0025264857031122054,0.002516996388112766,0.00014146221264181103,0.0670802104832532
2024-04-04 16:00:00+00:00,67898.2109375,165.86000061035156,0.0037369366278849356,-0.029957973357915228,0.002442774239854787,0.0025170481547478513,0.00014143400107893118,-0.5251489339654161
2024-04-04 17:00:00+00:00,68815.84375,167.73365783691406,0.01342431976416001,0.01123328865306143,0.0024374279046300885,0.0025170220767205967,0.00014144878061222215,-0.5627066684209414
2024-04-04 18:00:00+00:00,68634.4453125,164.5,-0.002639478520588609,-0.01946678115061283,0.002396755728862,0.0025146288565858683,0.00014225984202507005,-0.8285762590900111
2024-04-04 19:00:00+00:00,68457.765625,161.5489959716797,-0.002577532072881258,-0.01810209292371735,0.0023598344833019765,0.0025132409418847468,0.00014337130758446573,-1.0699941373722386
2024-04-05 13:00:00+00:00,67558.5234375,162.5989990234375,-0.01322275876984718,0.006478563745632395,0.0024067873415537524,0.002512293487045994,0.00014389157295386092,-0.7332336656440072
2024-04-05 14:00:00+00:00,68233.859375,161.38101196289062,0.009946677294335573,-0.0075189379432197495,0.002365116284511653,0.0025114472172052737,0.00014461563930218976,-1.0118610504348475
2024-04-05 15:00:00+00:00,68102.609375,160.60000610351562,-0.0019253841873684092,-0.004851263567005203,0.0023582063532865275,0.00251092463288612,0.00014511932740627275,-1.0523634744533101
2024-04-05 16:00:00+00:00,67923.015625,157.26800537109375,-0.002640588556083431,-0.020965448926386385,0.0023153860870866443,0.002509912516646531,0.0001462825934922712,-1.3297988838990917
2024-04-05 17:00:00+00:00,67458.890625,150.60000610351562,-0.006856556110866644,-0.04332403469694564,0.0022324708382871605,0.0025046170564039867,0.0001504899144464423,-1.8084017066384876
2024-04-05 18:00:00+00:00,67585.5546875,148.30699157714844,0.001875887591683499,-0.015342963038871265,0.002194359316319674,0.0024978518640126767,0.00015516802222482657,-1.9558962171552674
2024-04-05 19:00:00+00:00,67535.9453125,143.70199584960938,-0.0007342928731409824,-0.031542710864232416,0.002127785362071656,0.002490675573459126,0.00016212296475926044,-2.238364021570495
2024-04-08 13:00:00+00:00,71936.625,150.89999389648438,0.06312554378539979,0.0488756433357018,0.002097679643665301,0.002482013835311435,0.0001689768180144064,-2.274478808172177
2024-04-08 14:00:00+00:00,71711.8984375,151.85000610351562,-0.0031288417096834824,0.006275906359747868,0.00211750085288649,0.002473188749392689,0.00017396722394233193,-2.04456844482444
2024-04-08 15:00:00+00:00,71758.6640625,153.8470001220703,0.0006519194717212528,0.013065371172742814,0.002143950171481362,0.002465328326984455,0.0001780319901184647,-1.8051708307548762
2024-04-08 16:00:00+00:00,71763.0234375,150.3000030517578,6.074865864919099e-05,-0.023325285795501523,0.0020943934055768624,0.002456668609671837,0.00018323944655804247,-1.9770590388692375
2024-04-08 17:00:00+00:00,71716.3828125,153.56600952148438,-0.0006501368783415103,0.02149718698363712,0.002141296081858693,0.0024499043855234705,0.0001872889882578986,-1.647765341333475
2024-04-08 18:00:00+00:00,71955.953125,150.2209930419922,0.0033349570462152347,-0.022023007226568893,0.002087679844654857,0.0024407634365647786,0.0001913849363486685,-1.8448870566629516
2024-04-08 19:00:00+00:00,71656.5078125,151.27999877929688,-0.004170191702080914,0.0070249194605981145,0.002111182967151339,0.002431876497433765,0.00019412910658607194,-1.651960058551233
2024-04-09 13:00:00+00:00,70066.421875,140.7010040283203,-0.022440301886219326,-0.07249531623505155,0.0020081088810176995,0.0024207102433971748,0.0001989361610995671,-2.0740390288971606
2024-04-09 14:00:00+00:00,69215.4765625,139.6800079345703,-0.012219188707301227,-0.007282951149352963,0.0020180458890352716,0.0024093789781691414,0.00020221437922441813,-1.9352386839887739
2024-04-09 15:00:00+00:00,69157.8828125,140.1800079345703,-0.0008324399087507174,0.003573218778270997,0.002026956324192639,0.002398451937308705,0.00020489739467214512,-1.8130811946657162
2024-04-09 16:00:00+00:00,68621.5703125,141.8800048828125,-0.007785126106644957,0.012054296645602734,0.0020675715265141325,0.0023879427761468093,0.00020543658478293806,-1.5594654183488175
2024-04-09 17:00:00+00:00,68818.703125,144.0,0.0028686343930258034,0.014831635255493547,0.002092454426792135,0.002377188575970533,0.0002036982983494187,-1.3978229149954533
2024-04-09 18:00:00+00:00,68875.6796875,143.6999969482422,0.0008275801029511553,-0.0020855277280279042,0.002086367751290907,0.002366427943074986,0.00020168026708944096,-1.3886345740502128
2024-04-09 19:00:00+00:00,69071.0234375,144.33399963378906,0.0028321645410623476,0.004402283876138123,0.0020896461707186364,0.0023548455811308448,0.00019716302391112,-1.3450768057389848
2024-04-10 13:00:00+00:00,68161.9921875,146.0,-0.01324819018958042,0.011476565984225673,0.0021419561740270623,0.002344113157936981,0.0001907222563635428,-1.0599548671686205
2024-04-10 14:00:00+00:00,68665.2890625,144.5,0.007356707526700338,-0.010327114155849628,0.0021044111511490807,0.00233257069518175,0.00018367795276236717,-1.2421716411868433
2024-04-10 15:00:00+00:00,68634.34375,144.0989990234375,-0.000450770513949567,-0.0027789509733748365,0.0020995174012053914,0.0023214887809627984,0.00017712194074554448,-1.2532122153985077
2024-04-10 16:00:00+00:00,69534.7265625,148.6219940185547,0.013033243340984409,0.03090557295264712,0.002137377988895499,0.0023105573373885264,0.00016748960510939534,-1.0339707254066048
2024-04-10 17:00:00+00:00,69352.09375,151.6490020751953,-0.0026299531857145913,0.020162524134066603,0.002186653551107753,0.0023029174476619104,0.000162349282595767,-0.7161343413117666
2024-04-10 18:00:00+00:00,69269.3125,154.62899780273438,-0.0011943503111076597,0.01946003154030389,0.0022322871733819268,0.0023009827392627465,0.00016249006377286988,-0.42276779444706886
2024-04-10 19:00:00+00:00,69967.5546875,156.54750061035156,0.010029643079841534,0.012330796998730789,0.002237429924620753,0.002296998560496139,0.00016103822323414724,-0.3699037078220473
2024-04-11 13:00:00+00:00,70333.5625,154.99099731445312,0.005217472962812532,-0.009992448814667538,0.002203656288766165,0.0022926305078024224,0.00015993429529674794,-0.5563173231305477
2024-04-11 14:00:00+00:00,69780.9453125,152.64324951171875,-0.007888120388920354,-0.015263537187004933,0.0021874631939727456,0.002287443880614866,0.0001581759027275817,-0.6320854499203455
2024-04-11 15:00:00+00:00,69963.1015625,153.66600036621094,0.002606999829207477,0.006677922104307661,0.002196386337002753,0.0022833537105026746,0.0001572874039027357,-0.5529201407234187
2024-04-11 16:00:00+00:00,70049.96875,153.0030059814453,0.0012408441362204885,-0.004323850170507878,0.0021841980619219806,0.002279680399400912,0.00015698119819627414,-0.6082405955364772
2024-04-11 17:00:00+00:00,70196.1015625,152.93399047851562,0.0020839495190189145,-0.00045117462025838907,0.0021786678615243167,0.0022769836812648043,0.0001573086355944426,-0.6249867934393355
2024-04-11 18:00:00+00:00,70097.640625,154.73800659179688,-0.0014036399932093595,0.011727013214485207,0.0022074638349041703,0.0022743855374252006,0.00015714523263332442,-0.4258589420729187
2024-04-11 19:00:00+00:00,70352.421875,155.00698852539062,0.003628072852895686,0.0017367964322165376,0.0022032928560839346,0.0022716406524533428,0.0001569207881733779,-0.4355560354048975
2024-04-12 13:00:00+00:00,69859.8515625,151.0,-0.007026094460556763,-0.026190366348506973,0.0021614703813807577,0.002268719896542577,0.00015731942918340762,-0.6817308943880327
2024-04-12 14:00:00+00:00,69323.8203125,152.3000030517578,-0.007702540002931258,0.008572443123997329,0.0021969360944797227,0.002266375324912613,0.0001573235873996438,-0.44137838184744804
2024-04-12 15:00:00+00:00,69374.8984375,149.8979949951172,0.0007365335133506025,-0.015897250536120223,0.002160694982929029,0.002262738810079086,0.00015720052048698898,-0.6491316112309125
2024-04-12 16:00:00+00:00,68896.3984375,145.2989959716797,-0.006921203763144363,-0.031161368887054623,0.0021089490781363413,0.0022587591028761147,0.00015803268559329053,-0.9479686064775308
2024-04-12 17:00:00+00:00,68087.7578125,145.25799560546875,-0.011806475147819503,-0.0002822191010480346,0.0021333937299783034,0.0022549771013349435,0.00015827622050956569,-0.768172066310441
2024-04-12 18:00:00+00:00,66743.4453125,146.947998046875,-0.019941334297479914,0.01156732799489046,0.002201684335575556,0.0022530139479987788,0.00015819315844331863,-0.32447428781576915
2024-04-12 19:00:00+00:00,67119.359375,148.08299255371094,0.005616422747696372,0.007694107685157477,0.002206263497337067,0.0022507593412859797,0.00015787375414772623,-0.28184446609964675
2024-04-15 13:00:00+00:00,65850.3046875,145.39599609375,-0.01908846246906372,-0.01831184955639472,0.0022079775755593388,0.002248380834537515,0.00015741709260250016,-0.25666373524125485
2024-04-15 14:00:00+00:00,64246.4921875,141.35299682617188,-0.024656929190357016,-0.02820074216490904,0.0022001667641813128,0.0022456818666942045,0.00015682132250095942,-0.2902354207133616
2024-04-15 15:00:00+00:00,64538.9296875,141.05699157714844,0.004541476797131683,-0.0020962810776910903,0.0021856109523376334,0.0022422957933865137,0.000155869760076808,-0.3636679816594807
2024-04-15 16:00:00+00:00,64194.86328125,137.7220001220703,-0.005345406479160239,-0.023926842825527126,0.0021453741480635894,0.0022382456935119404,0.00015516511241787673,-0.5985336781005107
2024-04-15 17:00:00+00:00,63970.46484375,134.86300659179688,-0.0035017062739137257,-0.020977664242072716,0.0021082073879125983,0.002231522140243122,0.0001518228380257258,-0.8122279489310326
2024-04-15 18:00:00+00:00,63216.14453125,134.59799194335938,-0.011861770050976191,-0.001966998825990966,0.0021291711625472946,0.0022254996169536636,0.0001485054660104474,-0.6486525849465518
2024-04-15 19:00:00+00:00,63519.015625,133.66700744628906,0.004779599756791494,-0.006940810293467256,0.0021043620737988896,0.0022178493847800043,0.00014250666477519375,-0.7963649360550441
2024-04-16 13:00:00+00:00,62661.8671875,126.81999206542967,-0.013586235935906098,-0.0525829924024176,0.0020238782812831368,0.0022095366283549126,0.00013892809628464705,-1.33636285270464
2024-04-16 14:00:00+00:00,62187.19921875,126.3000030517578,-0.007603905571663959,-0.004108642187061512,0.0020309646460758635,0.0022015889142851866,0.0001351634594414449,-1.2623549953102557
2024-04-16 15:00:00+00:00,61914.6953125,122.3010025024414,-0.004391622629876362,-0.03217481378330285,0.001975314614489429,0.0021937231633308686,0.00013435433929229646,-1.6256158899808795
2024-04-16 16:00:00+00:00,62482.14453125,126.63800048828124,0.009123272832086768,0.03484738676937782,0.002026787035533714,0.0021869147878758642,0.00013223927514286667,-1.210894056770607
2024-04-16 17:00:00+00:00,62379.78125,124.91400146484376,-0.0016396239853265703,-0.013707114256780164,0.002002475785611123,0.0021776590245250675,0.00012507977592550356,-1.4005720558556325
2024-04-16 18:00:00+00:00,62986.125,128.08380126953125,0.009673259599742542,0.025059234868460584,0.0020335240700952986,0.0021698365329263997,0.00011892106590136833,-1.1462431975185707
2024-04-16 19:00:00+00:00,62777.23046875,125.4844970703125,-0.003322028465008602,-0.020502525495725597,0.001998885521602895,0.002161043196567911,0.00011136877409876393,-1.4560425601992464
2024-04-17 13:00:00+00:00,62649.12109375,118.0,-0.0020427831624489834,-0.061497597155579814,0.001883506072230787,0.0021517220604408446,0.00011079211612434238,-2.4208941718293198
2024-04-17 14:00:00+00:00,61234.04296875,115.0290069580078,-0.022846359889214907,-0.02550029349070804,0.001878513999422043,0.0021424068286873773,0.0001098556132020409,-2.40217883796248
2024-04-17 15:00:00+00:00,60446.30859375,117.9250030517578,-0.012947782774070112,0.0248645240741709,0.0019509049567329733,0.0021349759824852267,0.00010741126765949703,-1.7137031315538933
2024-04-17 16:00:00+00:00,60193.32421875,117.96540832519533,-0.00419405696017685,0.0003425766532588863,0.0019597756039605725,0.002128308334496203,0.00010561843863935358,-1.5956752694584433
2024-04-17 17:00:00+00:00,61332.94921875,123.06599426269533,0.01875575339408864,0.04232931850569607,0.0020065233423517325,0.002121637267842836,0.00010023454353804442,-1.1484456498513562
2024-04-17 18:00:00+00:00,61494.921875,118.9844970703125,0.0026373940815834665,-0.033727542303365186,0.0019348670336092283,0.002114466446994463,9.788325006187173e-05,-1.8348329593848824
2024-04-17 19:00:00+00:00,61150.74609375,118.6550064086914,-0.005612537163809097,-0.0027730311496008105,0.0019403689077935667,0.0021075024895695796,9.507158025630452e-05,-1.757976267202413
2024-04-18 13:00:00+00:00,62623.55859375,125.77750396728516,0.023799479571812457,0.05829432773087721,0.002008469444913309,0.0021023872122000243,9.190080383970293e-05,-1.0219471795973671
2024-04-18 14:00:00+00:00,63689.83203125,125.85799407958984,0.016883384420643622,0.0006397357739630804,0.001976108117506676,0.0020981145001870163,9.170965634428793e-05,-1.330354812608991
2024-04-18 15:00:00+00:00,63519.78515625,125.9110107421875,-0.002673492461413493,0.00042115321875159107,0.001982232944152182,0.0020945790606508915,9.202473077461527e-05,-1.220825266784698
2024-04-18 16:00:00+00:00,63576.34765625,123.2979965209961,0.0008900743473866514,-0.020971232256351224,0.0019393689802323056,0.0020914387876202352,9.406455997024538e-05,-1.6166535774582111
2024-04-18 17:00:00+00:00,62837.8203125,121.1999969482422,-0.011684382500352865,-0.017162112766663372,0.0019287746829138902,0.002088623704941045,9.637370116934883e-05,-1.6586373677427482
2024-04-18 18:00:00+00:00,63134.73828125,122.2209930419922,0.004714019019798015,0.00838877601482264,0.0019358755000698225,0.002085596615727434,9.828476912015649e-05,-1.5233399538698877
2024-04-18 19:00:00+00:00,63517.53125,120.81600189208984,0.0060448049728600685,-0.011562081748525837,0.00190208906918261,0.0020815655973557886,0.00010077906614766797,-1.780890963111308
2024-04-19 13:00:00+00:00,64999.890625,118.3000030517578,0.023069636729911663,-0.021044945940880796,0.0018200031094553523,0.002076992425753763,0.00010626353064353815,-2.418414998467193
2024-04-19 14:00:00+00:00,64507.65625,120.5989990234375,-0.0076016688942708984,0.019247187506033544,0.0018695300067336968,0.0020724629911683464,0.00010922679617854704,-1.8579047590384885
2024-04-19 15:00:00+00:00,64498.1796875,118.15999603271484,-0.0001469168033860796,-0.020431379639554118,0.0018319896252144106,0.0020682014875110055,0.00011352632409585093,-2.080679209670876
2024-04-19 16:00:00+00:00,64014.4453125,120.1969223022461,-0.007528235604992605,0.01709181231910429,0.0018776531096298577,0.002064309323218981,0.00011600392232181909,-1.60905088253223
2024-04-19 17:00:00+00:00,64678.671875,118.7229995727539,0.010322734817126401,-0.012338371923793993,0.0018355819025196072,0.0020614338735773464,0.000119505998735077,-1.8898797838459294
2024-04-19 18:00:00+00:00,64266.94140625,119.53399658203124,-0.006386132223676261,0.006807776095197375,0.0018599608751632061,0.002058799123346145,0.0001221912697404996,-1.6272704965356048
2024-04-19 19:00:00+00:00,64359.90234375,117.54899597167967,0.0014454362864697102,-0.016745587475780456,0.0018264321680266638,0.0020554570540767124,0.0001257669320132398,-1.8210262617039796
2024-04-22 13:00:00+00:00,66214.671875,129.35501098632812,0.028411263139303877,0.09570541396677174,0.001953570218251997,0.0020535570322723433,0.0001264401454158342,-0.7907837632700535
2024-04-22 14:00:00+00:00,66065.015625,127.5,-0.00226272554283767,-0.014444283030607602,0.0019299170490433076,0.0020508480759765294,0.0001273306814247614,-0.9497398865699069
2024-04-22 15:00:00+00:00,66020.9765625,131.531494140625,-0.0006668241408873838,0.031129957512242054,0.0019922682303268905,0.0020492797506271292,0.00012746521066159966,-0.44727122015743914
2024-04-22 16:00:00+00:00,66167.34375,134.69900512695312,0.002214526169496722,0.023796375435358882,0.0020357323944555825,0.002048381187689412,0.0001273658186510452,-0.09931073633251918
2024-04-22 17:00:00+00:00,66612.0625,133.24850463867188,0.0066986353607055155,-0.010826856786948119,0.0020003659943523275,0.0020460213513614992,0.00012691356360256515,-0.35973583684202
2024-04-22 18:00:00+00:00,66386.578125,131.35400390625,-0.0033907803866343447,-0.014319842364727687,0.0019786229026433947,0.0020439248805530713,0.00012697160871302088,-0.5143037768173128
2024-04-22 19:00:00+00:00,66531.9921875,132.4010009765625,0.002188018125252763,0.00793920532586398,0.001990035118795645,0.0020421001758462423,0.00012694582996368377,-0.4101360167993854
2024-04-23 13:00:00+00:00,66499.5390625,137.5,-0.00048790125677486017,0.03778871338635631,0.0020676835048551207,0.002040938601112236,0.00012637682893960013,0.21162822304765286
2024-04-23 14:00:00+00:00,66931.7890625,135.07901000976562,0.006479010861099828,-0.017764050534048607,0.002018159261866296,0.0020381303629582116,0.00012494798580381635,-0.15983531838018475
2024-04-23 15:00:00+00:00,66408.703125,134.53799438476562,-0.007845908054955728,-0.004013221290292153,0.0020259090759764875,0.0020346907280014543,0.0001223256682553421,-0.0717891195708494
2024-04-23 16:00:00+00:00,66765.9765625,134.8800048828125,0.0053654988388803036,0.002538885172419802,0.0020201906993234883,0.0020310700742465,0.00011940325483894237,-0.09111455912727225
2024-04-23 17:00:00+00:00,66772.03125,135.60000610351562,9.068111174231653e-05,0.005323890062766297,0.0020307904906444736,0.0020281889776111385,0.00011723416609918425,0.022190741145666576
2024-04-23 18:00:00+00:00,66788.8984375,133.04598999023438,0.00025257667237176223,-0.01901456266683532,0.001992037495793357,0.002024931882641482,0.00011543501113428895,-0.28496022588725356
2024-04-23 19:00:00+00:00,66441.0078125,133.7969970703125,-0.0052224222846091115,0.005628846170950844,0.0020137713360383488,0.002021888299292075,0.00011322404591607361,-0.07168939413932296
2024-04-24 13:00:00+00:00,66004.3984375,129.5019989013672,-0.006593070593033765,-0.032627387469328084,0.0019620207435720135,0.0020181853439862423,0.00011144492767356499,-0.5039673100129004
2024-04-24 14:00:00+00:00,65139.81640625,128.11399841308594,-0.013185401402914411,-0.010775836390493319,0.001966754060436586,0.0020146534473014467,0.00010961569409984708,-0.4369756288842165
2024-04-24 15:00:00+00:00,64549.55078125,127.36800384521484,-0.009102823363979388,-0.005839915778259339,0.0019731818781643946,0.0020107487480224505,0.00010676678751642715,-0.35185913833247
2024-04-24 16:00:00+00:00,64733.6015625,129.27700805664062,0.002847252751076454,0.01487688699524003,0.0019970618803253864,0.0020073115650931415,0.00010373980744598627,-0.09880184878009994
2024-04-24 17:00:00+00:00,64852.71875,128.29800415039062,0.0018384227712012534,-0.007601735993580779,0.001978298005438525,0.0020042586921607706,0.00010180344598934708,-0.25500793681347755
2024-04-24 18:00:00+00:00,64140.765625,128.49697875976562,-0.011038702581000957,0.0015496770765524735,0.00200335897938957,0.0020010324069092682,9.861105315279481e-05,0.023593424934798164
2024-04-24 19:00:00+00:00,63997.36328125,126.50699615478516,-0.002238247192175072,-0.015607780252015518,0.001976753254643059,0.0019979667114378356,9.639762974091991e-05,-0.2200620165847452
2024-04-25 13:00:00+00:00,63457.41015625,124.7874984741211,-0.008472909106679727,-0.013685333774977378,0.00196647638418995,0.001995592166538729,9.536672529747562e-05,-0.30530336716458384
2024-04-25 14:00:00+00:00,63238.70703125,124.7040023803711,-0.0034524079677259708,-0.0006693301902568761,0.001971956863677612,0.001992901552100384,9.367532439549588e-05,-0.22358810666450332
2024-04-25 15:00:00+00:00,64029.4375,124.97900390625,0.012426371841459265,0.002202806199502784,0.0019518991386774248,0.0019887384654854153,8.970573243369964e-05,-0.41066859172258546
2024-04-25 16:00:00+00:00,64418.546875,125.30899810791016,0.00605864805357215,0.0026369173929062764,0.0019452316791787327,0.0019843879351827765,8.519370367384482e-05,-0.45961443528678336
2024-04-25 17:00:00+00:00,64647.92578125,125.0009994506836,0.0035544342853265514,-0.0024609389610717575,0.0019335655079429934,0.001979814400722504,8.020689563888682e-05,-0.5766199079407808
2024-04-25 18:00:00+00:00,64632.87890625,124.8219985961914,-0.00023277817777073905,-0.0014330216715347014,0.001931246150697476,0.0019753323904977737,7.503152176714774e-05,-0.5875695809171326
2024-04-25 19:00:00+00:00,64628.671875,124.04499816894533,-6.509331237414324e-05,-0.006244322968088983,0.001919349331653666,0.0019708946968197073,7.009551208586812e-05,-0.7353589927825543
2024-04-26 13:00:00+00:00,64468.14453125,126.5949935913086,-0.002486930831523537,0.020348575599617346,0.001963682909005447,0.0019678665095020716,6.624917062883415e-05,-0.06314947729781598
2024-04-26 14:00:00+00:00,63815.3125,124.00999450683594,-0.010178049174334628,-0.02063080061725671,0.0019432639228529349,0.0019651174517510773,6.370010376188043e-05,-0.34306896861320346
2024-04-26 15:00:00+00:00,63475.76953125,125.8040008544922,-0.005334918497862259,0.014362983836934627,0.0019819216337748713,0.001962663292938203,6.000167747880147e-05,0.3209633737902105
2024-04-26 16:00:00+00:00,63688.34765625,127.60550689697266,0.003343369619044011,0.014218380423740497,0.002003592675785964,0.0019609838029713213,5.7318513205003656e-05,0.7433701684174706
2024-04-26 17:00:00+00:00,63960.6171875,127.5009994506836,0.004265916993231771,-0.0008193240825687724,0.001993429786284199,0.001960476328054672,5.68853858074764e-05,0.5792956795802521
2024-04-26 18:00:00+00:00,64038.59765625,127.16099548339844,0.0012184524489910337,-0.0026702387955228877,0.0019856930060520753,0.0019597218007209424,5.623106071688102e-05,0.4618658264672578
2024-04-26 19:00:00+00:00,63877.546875,128.16200256347656,-0.0025180694264621993,0.007841144092138425,0.0020063701383879508,0.001960239392785918,5.6519211769624676e-05,0.8161958413373548
2024-04-29 13:00:00+00:00,61974.9375,127.63199615478516,-0.030237851077816038,-0.004144015651847712,0.002059413067657957,0.0019607831599879884,5.732156465726371e-05,1.7206422793881337
2024-04-29 14:00:00+00:00,62847.734375,129.38699340820312,0.013984816806449647,0.013656769353691733,0.002058737593246823,0.001961720856781917,5.8463951541030125e-05,1.6594283127923632
2024-04-29 15:00:00+00:00,62991.26953125,128.37399291992188,0.002281251663508844,-0.007860039007365692,0.0020379648461638874,0.0019617948697163933,5.855912555462331e-05,1.3007362341236395
2024-04-29 16:00:00+00:00,62789.36328125,129.66000366210938,-0.0032104532932628257,0.009967844603047959,0.0020649994981049302,0.0019628967693247606,5.9876104831283113e-05,1.705233315825592
2024-04-29 17:00:00+00:00,63042.7109375,129.12049865722656,0.004026763448908626,-0.0041696015092407964,0.0020481431832021866,0.0019656407211742838,5.994857115739563e-05,1.3762206577249643
2024-04-29 18:00:00+00:00,62845.90234375,127.71600341796876,-0.0031267125589685275,-0.010936990872382372,0.0020322089214249313,0.001968202303207665,5.944411951294389e-05,1.0767527341931404
2024-04-29 19:00:00+00:00,62862.51171875,129.2969970703125,0.00026425240061323744,0.01230298538474044,0.0020568219998716194,0.0019699675872599763,6.048530793872567e-05,1.4359588397835479
2024-04-30 13:00:00+00:00,60844.65625,112.3000030517578,-0.03262599074547887,-0.14093817207446319,0.0018456839100271488,0.0019680660590277524,6.25686718918064e-05,-1.9559652666469658
2024-04-30 14:00:00+00:00,61227.59765625,110.1999969482422,0.00627403279867957,-0.018877019893532545,0.0017998419204185972,0.0019646213686622003,6.601026218410282e-05,-2.4962701675692904
2024-04-30 15:00:00+00:00,60787.40234375,108.40899658203124,-0.007215460760033859,-0.01638578916502102,0.0017834122269114788,0.0019620971218839043,6.994586906969132e-05,-2.5546168394074984
2024-04-30 16:00:00+00:00,60345.08203125,107.75789642333984,-0.007303115769950494,-0.006024068890856418,0.001785694754172956,0.001959519219323561,7.351928105741879e-05,-2.3643384789746156
2024-04-30 17:00:00+00:00,60318.5234375,109.20500183105467,-0.00044020886125042014,0.013339855605472403,0.0018104720674107545,0.0019562192630318514,7.569626446251753e-05,-1.925421243121798
2024-04-30 18:00:00+00:00,60166.578125,109.2509994506836,-0.0025222270817080506,0.00042111564835763956,0.0018158087572091519,0.001953547607026893,7.778248916546003e-05,-1.7708208016426572
2024-04-30 19:00:00+00:00,59120.06640625,106.5040054321289,-0.017546617612684643,-0.025465388090259822,0.0018014865663423818,0.0019505351673967295,8.011771483602614e-05,-1.8603700986654423
2024-05-01 13:00:00+00:00,57254.25390625,104.07149505615234,-0.03206845617116822,-0.023104478716434042,0.0018177076453840869,0.0019485074784825925,8.192429547242498e-05,-1.5965939327794607
2024-05-01 14:00:00+00:00,57485.953125,102.70500183105467,0.004038680767289634,-0.01321729634774309,0.0017866104021573475,0.001946138073803317,8.451940470406015e-05,-1.8874679986749379
2024-05-01 15:00:00+00:00,56792.8203125,103.697998046875,-0.01213070969189553,0.009621990742242136,0.0018258997788150213,0.0019443051451157368,8.59265163023699e-05,-1.3779840193224473
2024-05-01 16:00:00+00:00,57019.67578125,103.86700439453124,0.003986482626585111,0.001628467063497447,0.00182159935095047,0.0019429636498118678,8.721541073427448e-05,-1.3915464920662608
2024-05-01 17:00:00+00:00,57455.9140625,107.30049896240234,0.007621544357626825,0.03252202291285808,0.001867527489784287,0.00194375572281735,8.629068151661624e-05,-0.8833889325394227
2024-05-01 18:00:00+00:00,59071.359375,105.923583984375,0.027728252232238366,-0.012915371461286266,0.0017931462066404324,0.0019424826594824625,8.795177311971037e-05,-1.697935670253851
2024-05-01 19:00:00+00:00,56858.4375,102.76800537109376,-0.03818156793469428,-0.030243855547040444,0.0018074363258943542,0.0019420734378271282,8.85298095110014e-05,-1.5208110429294772
2024-05-02 13:00:00+00:00,58439.15625,107.01949310302734,0.027421522822869176,0.04053692362268012,0.00183129771150704,0.0019413008478584145,8.930044245077162e-05,-1.2318319297467706
2024-05-02 14:00:00+00:00,59110.0078125,111.7490005493164,0.0114140981118459,0.04324429342102717,0.0018905258971338662,0.0019422165811019854,8.847587610185325e-05,-0.5842347795303319
2024-05-02 15:00:00+00:00,59241.515625,110.3280029296875,0.0022223265540466703,-0.012797516097026753,0.001862342679212767,0.001942256277836145,8.843887125293679e-05,-0.9036026522186555
2024-05-02 16:00:00+00:00,59051.17578125,112.1574935913086,-0.003218119492509083,0.016446302585072084,0.0018993270177512871,0.0019434711919982218,8.731432978225322e-05,-0.5055776566918921
2024-05-02 17:00:00+00:00,59236.58984375,112.5219955444336,0.0031349685806447395,0.003244642172792381,0.0018995353351912389,0.0019425706106138759,8.748689444773316e-05,-0.4919053955943924
2024-05-02 18:00:00+00:00,59445.54296875,112.4250030517578,0.0035212265898780476,-0.0008623586826398472,0.001891226783997223,0.0019419257728631079,8.772400597889731e-05,-0.5779374562315461
2024-05-02 19:00:00+00:00,59231.609375,112.94100189208984,-0.003605307698323735,0.0045792154156920105,0.001906769089744826,0.0019405007871867402,8.758669957150023e-05,-0.38512351312402027
2024-05-03 13:00:00+00:00,61662.1953125,123.84000396728516,0.04021568379656078,0.09212486665969256,0.002008361903751108,0.0019400446123416654,8.715250154007414e-05,0.7838821629007311
2024-05-03 14:00:00+00:00,61660.2265625,120.60099792480467,-3.192850043385685e-05,-0.02650288295143217,0.001955896120533407,0.0019393034477780168,8.681927406941942e-05,0.19111738647023166
2024-05-03 15:00:00+00:00,61766.8515625,121.68000793457033,0.0017277412403101295,0.008907154233980152,0.001969988834730325,0.0019391595466461324,8.676013354928279e-05,0.3553393341272402
2024-05-03 16:00:00+00:00,61674.0625,122.38700103759766,-0.0015033764239525862,0.005793450605777403,0.0019844160750331252,0.001939065895916757,8.670730316712516e-05,0.5230260596268044
2024-05-03 17:00:00+00:00,61852.609375,122.7939910888672,0.0028908250603843027,0.0033199182494136636,0.0019852677571675563,0.0019376923001219641,8.527623565264062e-05,0.5578981844295203
2024-05-03 18:00:00+00:00,61821.20703125,121.87249755859376,-0.0005078252670994463,-0.007532685760081454,0.0019713703987854596,0.0019369124857372836,8.474017531441483e-05,0.40663018362099745
2024-05-03 19:00:00+00:00,62025.58984375,122.052001953125,0.0033005778623183793,0.0014718031792145582,0.001967768501042696,0.0019359434761550538,8.403472882359397e-05,0.3787127695080611
2024-05-06 13:00:00+00:00,63847.66015625,132.51150512695312,0.028952896552604218,0.08222227336962722,0.0020754324403222733,0.0019368641718383668,8.526698040931414e-05,1.6251105389064533
2024-05-06 14:00:00+00:00,63313.234375,131.2480010986328,-0.008405554707637503,-0.009580801172429773,0.0020729947284205985,0.0019375675758013023,8.622366533674106e-05,1.5706494509412698
2024-05-06 15:00:00+00:00,63701.53515625,129.8509979248047,0.006114280919968545,-0.010701048339626928,0.0020384280787943384,0.001938340752184652,8.692551927367828e-05,1.15141476802191
2024-05-06 16:00:00+00:00,63156.2578125,129.28199768066406,-0.00859672376684204,-0.0043915762814097795,0.002047018017826198,0.0019388948635477828,8.75184494720551e-05,1.2354326993983031
2024-05-06 17:00:00+00:00,63122.35546875,129.27200317382812,-0.000536945151417293,-7.731078852293902e-05,0.002047959113912136,0.001940327169720118,8.859987902236948e-05,1.2148091552680707
2024-05-06 18:00:00+00:00,63423.6640625,127.5,0.004762048846207059,-0.013802371623016821,0.0020102906680755125,0.0019410527798474333,8.899736190621717e-05,0.7779768607190858
2024-05-06 19:00:00+00:00,63191.59765625,126.8010025024414,-0.003665698162491992,-0.0054974164559353075,0.002006611752280963,0.001941609944416043,8.930602207152987e-05,0.7278546995728535
2024-05-07 13:00:00+00:00,63161.8359375,127.38499450683594,-0.00047108683086661174,0.00459500553770065,0.0020168032264433564,0.0019419389668513427,8.954981439536014e-05,0.8360068649778535
2024-05-07 14:00:00+00:00,63822.890625,129.84201049804688,0.010411656221248018,0.01910445383355511,0.0020344113095872,0.001942874188587154,9.022642537665809e-05,1.0145267377923515
2024-05-07 15:00:00+00:00,63724.53125,129.3000030517578,-0.0015423188183931492,-0.0041830981338412876,0.0020290459657442803,0.001943302305026399,9.057853887486327e-05,0.9466222549288253
2024-05-07 16:00:00+00:00,63590.96484375,126.9000015258789,-0.002098196360213922,-0.01873592263535575,0.001995566537442641,0.0019436158597397255,9.072873664548958e-05,0.5725934210448214
2024-05-07 17:00:00+00:00,63410.484375,125.90301513671876,-0.0028421815869596576,-0.007887497317693698,0.0019855236303218788,0.0019439333138419241,9.084333007935729e-05,0.4578246575023496
2024-05-07 18:00:00+00:00,63153.7578125,125.88499450683594,-0.004056863299873333,-0.00014314128730044177,0.0019933096440687107,0.001944289193515109,9.099666879684886e-05,0.5387059900295957
2024-05-07 19:00:00+00:00,62989.28515625,125.6614990234375,-0.0026077181203653134,-0.0017769720346445985,0.0019949662662740817,0.0019450069789750534,9.122727919363528e-05,0.5476353974449552
2024-05-08 13:00:00+00:00,62349.28125,124.5719985961914,-0.010212490648696539,-0.008707925374911087,0.0019979700823927527,0.0019458859523619537,9.148318877294354e-05,0.5693300674080034
2024-05-08 14:00:00+00:00,62596.13671875,124.0,0.003951418050491214,-0.00460228512501776,0.00198095292297579,0.0019466757426125005,9.157952261812488e-05,0.37428869886362326
2024-05-08 15:00:00+00:00,62276.8046875,124.1760025024414,-0.0051145223897696435,0.0014183686591215869,0.0019939366370119115,0.0019477205840510742,9.175794862624662e-05,0.503673563465188
2024-05-08 16:00:00+00:00,62401.16015625,124.26600646972656,0.0019948273962208155,0.0007245471214385549,0.00199140538667181,0.0019489215183013766,9.185181935980979e-05,0.46252614990686153
2024-05-08 17:00:00+00:00,62579.421875,124.875,0.0028526325727836186,0.004888755583120624,0.001995464263786793,0.0019494512075477325,9.202985336592452e-05,0.4999796756831241
2024-05-08 18:00:00+00:00,62502.55859375,124.11800384521484,-0.0012290066184888241,-0.006080479976653454,0.0019858067675588907,0.0019501602549594982,9.214518942174285e-05,0.38685158523295865
2024-05-08 19:00:00+00:00,62233.46875,123.42899322509766,-0.00431455557651623,-0.005566719916193866,0.00198332176727812,0.001950183590517886,9.215354616006795e-05,0.35959741259087397
2024-05-09 13:00:00+00:00,61136.19140625,123.8499984741211,-0.017788916301107596,0.003405106539119306,0.0020258049385369434,0.0019505537948970688,9.24159831847995e-05,0.8142654662819396
2024-05-09 14:00:00+00:00,61450.328125,128.39999389648438,0.005125154178051249,0.03607920010570141,0.002089492404911131,0.0019521548385408511,9.399007423280728e-05,1.461192232172345
2024-05-09 15:00:00+00:00,62121.359375,129.56100463867188,0.010860705385126826,0.009001504787259708,0.0020856112284434675,0.0019538201422473742,9.546792116680444e-05,1.380475080899938
2024-05-09 16:00:00+00:00,61915.5390625,127.85400390625,-0.0033186979680604927,-0.01326283004368687,0.0020649744125976048,0.0019547968801508684,9.631074733220223e-05,1.1439796232366861
2024-05-09 17:00:00+00:00,61959.0234375,125.91300201416016,0.000702071125960701,-0.015297810195290803,0.002032197975831116,0.0019543432952870876,9.587278661797196e-05,0.8120623514810189
2024-05-09 18:00:00+00:00,62199.58203125,126.8000030517578,0.0038750257198392163,0.00701985780164247,0.002038598956952019,0.001954007651348841,9.553577458295163e-05,0.8854411446649144
2024-05-09 19:00:00+00:00,62414.9375,126.21700286865234,0.0034563497729279496,-0.00460839549313191,0.00202222429316143,0.0019537453087988,9.532269364733791e-05,0.7183912009031053
2024-05-10 13:00:00+00:00,63035.0,123.26600646972656,0.009885497942571809,-0.023657996150124996,0.0019555168790311188,0.0019519205984809033,9.419816915752381e-05,0.03817781791705045
2024-05-10 14:00:00+00:00,61223.125,121.98699951171876,-0.02916515005874214,-0.010430196751523813,0.0019924987414758517,0.001950993191118798,9.350614990186158e-05,0.4438804335395645
2024-05-10 15:00:00+00:00,60913.7109375,119.97599792480467,-0.005066689701720579,-0.016622772193209952,0.0019696057928223257,0.0019499498056420876,9.293206184404415e-05,0.2115092121083485
2024-05-10 16:00:00+00:00,61110.2890625,119.51033782958984,0.0032219611725066762,-0.0038888288185257454,0.001955650016764963,0.0019482636059236433,9.187186630970873e-05,0.08039905074333958
2024-05-10 17:00:00+00:00,60385.109375,119.88199615478516,-0.011937708075383057,0.003105016920216462,0.001985290701558577,0.0019505903857825007,9.099352993061201e-05,0.38134926518992607
2024-05-10 18:00:00+00:00,60648.94140625,119.91314697265624,0.004359640075218347,0.0002598119181234026,0.0019771680130314514,0.0019535458206593813,8.88692356453067e-05,0.2658084341621956
2024-05-10 19:00:00+00:00,60725.43359375,118.0198745727539,0.001260434051699881,-0.01591466663661534,0.0019434999075066428,0.0019562139486693007,8.603261776314053e-05,-0.14778163786276316
2024-05-13 13:00:00+00:00,62726.21875,126.1550064086914,0.03241690696872646,0.06665832159065625,0.002011200562104525,0.0019599723788014936,8.334065807086645e-05,0.6146841708337732
2024-05-13 14:00:00+00:00,62767.84765625,124.95689392089844,0.0006634402560860151,-0.009542531260954536,0.0019907786962081067,0.0019629774892814494,8.107864948327196e-05,0.3428918353208779
2024-05-13 15:00:00+00:00,62983.953125,125.26399993896484,0.0034370192736329656,0.002454680482780762,0.0019888240372966403,0.0019658610772829077,7.880049903896989e-05,0.29140627653102263
2024-05-13 16:00:00+00:00,63163.375,122.20100402832033,0.002844642033356017,-0.024756246703530868,0.001934681356534864,0.0019680809904527824,7.591466156026152e-05,-0.4399628903226483
2024-05-13 17:00:00+00:00,62793.69140625,123.3219985961914,-0.005870010564924087,0.009131546497896636,0.0019639233788366975,0.001970517919343659,7.330779550551024e-05,-0.08995687923074899
2024-05-13 18:00:00+00:00,62767.8125,124.59200286865234,-0.0004122108418797329,0.010245612386328344,0.0019849664645976367,0.001973823853717664,6.923296137299413e-05,0.16094372765512446
2024-05-13 19:00:00+00:00,63077.30078125,124.5050048828125,0.0049185685024511335,-0.000698506900283003,0.0019738480141151212,0.0019762896576393323,6.645409155723075e-05,-0.03674180877347961
2024-05-14 13:00:00+00:00,61745.5,127.7979965209961,-0.021339872415576413,0.026104950187314728,0.002069754014802635,0.001980425568703535,6.435241692137275e-05,1.3881133044038352
2024-05-14 14:00:00+00:00,61785.6640625,127.51200103759766,0.0006502660963342439,-0.0022403791920253355,0.0020637797290421842,0.0019836964393578336,6.34986726653728e-05,1.2611805305974806
2024-05-14 15:00:00+00:00,61777.7890625,128.31700134277344,-0.00012746487430539386,0.00629328930303557,0.002077073383331287,0.001988428558969348,5.951201125049919e-05,1.4895282901600058
2024-05-14 16:00:00+00:00,61372.28515625,127.36000061035156,-0.006585548151088743,-0.007486048368636252,0.002075203820195076,0.001992891350541026,5.5622190504144446e-05,1.4798494792814219
2024-05-14 17:00:00+00:00,61258.078125,127.60250091552734,-0.0018626229461113251,0.0019022434816808574,0.002083031411059753,0.0019970869122002384,5.264083910969283e-05,1.6326582234075653
2024-05-14 18:00:00+00:00,61374.19140625,128.3800048828125,0.0018936829008006375,0.0060746835476032475,0.0020917587986297934,0.0020004407938918373,5.214468518544545e-05,1.7512428047690012
2024-05-14 19:00:00+00:00,61562.84765625,129.76300048828125,0.0030691547401704104,0.010715059550453454,0.002107813485380698,0.0020045319739946357,5.073670214256563e-05,2.0356370639906847
2024-05-15 13:00:00+00:00,64161.84375,136.74729919433594,0.04135013377275285,0.05242497768890247,0.002131286933199078,0.002008397972585432,5.141729311949306e-05,2.390031702525715
2024-05-15 14:00:00+00:00,64453.45703125,139.93099975585938,0.00453466701375512,0.02301475107067669,0.0021710394787360188,0.002012923041644512,5.35760436243036e-05,2.951252582222791
2024-05-15 15:00:00+00:00,64655.17578125,140.39700317382812,0.0031247935903771008,0.0033247042204278742,0.002171473535990962,0.0020175938208444075,5.498419865583935e-05,2.798617037409752
2024-05-15 16:00:00+00:00,64802.5703125,141.13699340820312,0.002277107386569992,0.005256856702676891,0.002177953632511683,0.002022113563223855,5.6834569319125844e-05,2.7419943734030388
2024-05-15 17:00:00+00:00,65122.19921875,144.06500244140625,0.004920225022793161,0.020533600415304644,0.002212225695226936,0.002025511293081786,6.18692947607e-05,3.0178847660593124
2024-05-15 18:00:00+00:00,65786.9453125,145.72000122070312,0.010155926230674526,0.011422376951276784,0.002215029144893512,0.002029830176821121,6.584423670365836e-05,2.8126830432541294
2024-05-15 19:00:00+00:00,65999.5078125,150.36199951171875,0.003225865470848585,0.03135873625268343,0.0022782291034485697,0.0020349675146330913,7.275799834381789e-05,3.343434321350429
2024-05-16 13:00:00+00:00,66312.7734375,150.0439910888672,0.0047352552218709616,-0.002117191744446901,0.0022626710256702523,0.0020396050971437105,7.814945087560934e-05,2.8543505555988666
2024-05-16 14:00:00+00:00,65686.1015625,149.42098999023438,-0.009495180671910741,-0.004160766946235668,0.002274773299615917,0.0020444301895178496,8.349236335834834e-05,2.758852436712532
2024-05-16 15:00:00+00:00,65843.171875,147.68399047851562,0.0023883715474116475,-0.011692966573222267,0.0022429659184537215,0.0020489567815123204,8.676256419030788e-05,2.2360927060184053
2024-05-16 16:00:00+00:00,65144.30078125,144.31399536132812,-0.010670909380428546,-0.02308334247839771,0.0022152973265600687,0.0020530822619376104,8.869995842627606e-05,1.828806546254304
2024-05-16 17:00:00+00:00,65035.328125,145.96949768066406,-0.0016741894660317143,0.01140623085827263,0.002244464691561269,0.0020558994661249268,9.204317155768151e-05,2.048660669174925
2024-05-16 18:00:00+00:00,65128.28125,147.40150451660156,0.0014282508182984189,0.009762506849657458,0.002263248802018732,0.0020590703673515624,9.584088178168035e-05,2.130389775965079
2024-05-16 19:00:00+00:00,65241.1484375,143.6999969482422,0.001731498188944162,-0.025432414887747234,0.0022025975996713873,0.0020618065260328464,9.756942518296102e-05,1.4429835306965393
2024-05-17 13:00:00+00:00,65955.8828125,154.0229949951172,0.010895695414050164,0.06937413756892268,0.0023352427172110665,0.0020666102710225945,0.00010372975512644619,2.5897337351371363
2024-05-17 14:00:00+00:00,66739.8125,157.31700134277344,0.011815587625172382,0.021160977087690807,0.002357168764038308,0.0020717637651913637,0.00011026276211850433,2.588407848337835
2024-05-17 15:00:00+00:00,67205.8046875,156.13999938964844,0.006957959167270575,-0.007509849721443172,0.00232331120973379,0.002076980774219002,0.00011462384096120339,2.1490331631633546
2024-05-17 16:00:00+00:00,66996.4375,153.89950561523438,-0.0031201767413894976,-0.014453208320113852,0.002297129688652988,0.0020818227398252025,0.00011769581141887578,1.8293509873644933
2024-05-17 17:00:00+00:00,66795.3671875,152.00799560546875,-0.003005721678515836,-0.01236670633266701,0.002275726626051325,0.0020861381298186684,0.00011999574583085932,1.5799601470863154
2024-05-17 18:00:00+00:00,66845.0,155.3000030517578,0.0007427817780886643,0.021425627675005523,0.0023232852577119876,0.002090952695620748,0.00012362546332368748,1.8793261181389884
2024-05-17 19:00:00+00:00,66924.3671875,158.40200805664062,0.0011866273793720405,0.019777406619860275,0.0023668809241460657,0.0020965832782607777,0.00012836083885743897,2.105764096676619
2024-05-20 13:00:00+00:00,67058.5546875,159.14300537109375,0.0020030544637783454,0.004667046422462851,0.0023731946820613283,0.0021028770806710896,0.00013251456984423349,2.039908530118524
2024-05-20 14:00:00+00:00,66960.96875,162.75100708007812,-0.0014562946090783068,0.022418266117868294,0.0024305354315842112,0.0021102939440254616,0.00013816804635208304,2.3177680803469047
2024-05-20 15:00:00+00:00,67405.4921875,166.48397827148438,0.006616607390686563,0.022677609227171935,0.0024698874360026997,0.0021182369072243615,0.00014486527031750136,2.427431557664755
2024-05-20 16:00:00+00:00,68199.6015625,166.56900024414062,0.011712221580424302,0.0005105612619475721,0.002442374976215839,0.002125693719056724,0.00014984197554014547,2.1134348770933684
2024-05-20 17:00:00+00:00,68321.1484375,166.61502075195312,0.0017806363811417511,0.0002762467897924626,0.0024387034551149574,0.0021330392752687607,0.00015421362995298886,1.9820827765961848
2024-05-20 18:00:00+00:00,68662.6171875,171.3000030517578,0.004985546363512649,0.027730536900885134,0.0024948073648865064,0.002141603515967273,0.00015979191421816065,2.210398759207624
2024-05-20 19:00:00+00:00,69881.765625,172.69000244140625,0.017599846090073708,0.008081670588730484,0.002471174002215349,0.0021495574720539964,0.0001641355975364573,1.95945629704072
2024-05-21 13:00:00+00:00,70553.1171875,166.61474609375,0.009561109937036611,-0.03581385595101034,0.002361550456388189,0.0021557265565492695,0.00016504414691514548,1.2470839086752963
2024-05-21 14:00:00+00:00,70272.859375,169.1959991455078,-0.003980205773519814,0.01537356339735363,0.002407700506999724,0.002162597160602819,0.00016683033158385827,1.4691773616340407
2024-05-21 15:00:00+00:00,69692.6328125,168.7314910888672,-0.008291041987930238,-0.0027491598796915524,0.0024210807409560755,0.002169851726826105,0.00016846819380044925,1.4912548681298952
2024-05-21 16:00:00+00:00,69715.9296875,167.17599487304688,0.00033422445220135616,-0.009261522290939241,0.002397959772212883,0.002176762360241684,0.000169189736552607,1.3073926142229124
2024-05-21 17:00:00+00:00,69831.9140625,167.6529998779297,0.0016622886974184668,0.0028492474371271826,0.00240080774139857,0.0021830124069560446,0.00017044056844521663,1.277837409422451
2024-05-21 18:00:00+00:00,69788.21875,166.48800659179688,-0.0006259170944240403,-0.006973092102591997,0.002385617652575448,0.00218794782775045,0.00017196721440628304,1.149462271093087
2024-05-21 19:00:00+00:00,69363.8515625,165.89999389648438,-0.006099348750717444,-0.0035381139382654266,0.002391735610975998,0.002193049900792659,0.00017341463288810804,1.1457263258258976
2024-05-22 13:00:00+00:00,69450.75,165.6999969482422,0.0012520073230501913,-0.0012062543909193897,0.002385863319665262,0.002198398049243787,0.00017434346489737657,1.0752641088773953
2024-05-22 14:00:00+00:00,70118.2421875,169.44000244140625,0.009565122828354058,0.022319990246623893,0.0024164895918000117,0.0022048029095099353,0.0001751910871418856,1.2083187891780898
2024-05-22 15:00:00+00:00,70434.546875,170.39999389648438,0.004500874348793861,0.005649682314687741,0.0024192672694962145,0.0022111473813856714,0.00017596124247170204,1.1827598236243007
2024-05-22 16:00:00+00:00,70245.1484375,168.15899658203125,-0.002692621014152361,-0.013238638508729212,0.0023938876964812628,0.0022173417714410016,0.00017573955275198143,1.0045884507821512
2024-05-22 17:00:00+00:00,69812.765625,162.89999389648438,-0.006174362784548392,-0.031773461927600645,0.0023333840514427316,0.0022236395576478623,0.0001729461973495567,0.6345585822454084
2024-05-22 18:00:00+00:00,69579.6328125,164.8699951171875,-0.0033449891455951375,0.012020776816818518,0.002369515164897055,0.002229923164704882,0.0001712465482177658,0.8151521980732765
2024-05-22 19:00:00+00:00,69718.234375,164.8260040283203,0.0019900033078505287,-0.00026685849535485785,0.0023641735265663103,0.002236499293600615,0.00016863664346324179,0.7570966211357545
2024-05-23 13:00:00+00:00,68118.6484375,159.8011932373047,-0.02321088112691464,-0.03095989609031099,0.0023459243085823256,0.0022430038651309048,0.0001651101165248152,0.6233442602891773
2024-05-23 14:00:00+00:00,67674.4765625,161.46798706054688,-0.006541913798469278,0.010376400107430501,0.0023859510300227433,0.002249681537271974,0.00016259349451775343,0.8380992926865837
2024-05-23 15:00:00+00:00,68048.7421875,160.81600952148438,0.005515144381493346,-0.004045986989012158,0.002363247348178391,0.002256116192857757,0.00015923074122286377,0.6728044754290888
2024-05-23 16:00:00+00:00,67807.1328125,160.8249969482422,-0.0035568521379086768,5.588483171837398e-05,0.002371800580227375,0.0022632545374031018,0.00015450894801119524,0.7025226967205062
2024-05-23 17:00:00+00:00,67623.7109375,154.83399963378906,-0.0027087180744161158,-0.0379632254050317,0.0022896406820514716,0.002267895206068884,0.00015095070245577954,0.14405680549222952
2024-05-23 18:00:00+00:00,67341.9375,153.74850463867188,-0.004175489839801856,-0.007035392204396235,0.0022831018878640354,0.0022727672592631498,0.00014650702700425133,0.07054015641574467
2024-05-23 19:00:00+00:00,67128.03125,154.5647430419922,-0.003181475126594658,0.005294876664856915,0.002302536513641493,0.0022779958005355646,0.00014172164322295884,0.17316136440304036
2024-05-24 13:00:00+00:00,67065.15625,158.82901000976562,-0.0009370819155927339,0.02721515743288052,0.0023682791316804786,0.0022852224301213244,0.00013480489650766227,0.6161252573969622
2024-05-24 14:00:00+00:00,67831.6640625,160.79998779296875,0.011364479315904919,0.012333066020759705,0.0023705741266321855,0.0022919999425845827,0.00012845001655683084,0.611710190109931
2024-05-24 15:00:00+00:00,68279.0078125,160.3509979248047,0.006573259165681882,-0.0027961312943850162,0.002348467018811144,0.0022980582851548077,0.00012214063592214434,0.4127105878871313
2024-05-24 16:00:00+00:00,68343.4296875,164.08200073242188,0.0009430644183109288,0.023001157793500045,0.0024008452821681035,0.002305174906289024,0.00011517090107342332,0.8306818387926663
2024-05-24 17:00:00+00:00,68853.4140625,166.5,0.007434379829178999,0.014629002090893805,0.0024181807433523005,0.002310982018431518,0.00011183521630595527,0.9585417586845948
2024-05-24 18:00:00+00:00,68964.8046875,167.48300170898438,0.0016164865612960625,0.005886554360520479,0.00242852861641383,0.002317061166554379,0.00010801841408224024,1.0319300723540044
2024-05-24 19:00:00+00:00,69073.0859375,168.39549255371094,0.0015688630378137072,0.005433471360853448,0.0024379320869793147,0.002323075478281846,0.00010441572837918811,1.0999933676693257
2024-05-28 13:00:00+00:00,67685.765625,166.70199584960938,-0.020289259344566487,-0.010107572753680776,0.0024628811436246405,0.002329536767005672,0.00010074774554447205,1.3235470024498708
2024-05-28 14:00:00+00:00,67920.109375,165.47900390625,0.0034562511879777415,-0.007363440233873707,0.002436377170605079,0.0023354258629980943,9.6324441161559e-05,1.048034189346247
2024-05-28 15:00:00+00:00,68316.984375,165.3675079345703,0.0058262564437338024,-0.0006740042400943103,0.0024205914451207113,0.0023409064071062764,9.14573936403091e-05,0.8712804382751872
2024-05-28 16:00:00+00:00,67677.7109375,165.4770050048828,-0.009401515915394284,0.0006619246807971007,0.0024450739056127344,0.002346527414110144,8.71513052732951e-05,1.1307517563111829
2024-05-28 17:00:00+00:00,67695.7578125,164.60549926757812,0.0002666235160190522,-0.005280545022068277,0.002431548217888238,0.0023515317688549632,8.310939381801064e-05,0.9627846547466239
2024-05-28 18:00:00+00:00,67756.28125,166.00030517578125,0.0008936512428576387,0.008437929190221637,0.002449961864986226,0.0023561804752924662,8.060549439220956e-05,1.1634615034731874
2024-05-28 19:00:00+00:00,68398.1171875,167.60000610351562,0.009428130111681877,0.009590597701965548,0.002450359936722719,0.002360828581971329,7.776478241224649e-05,1.1513097828367427
2024-05-29 13:00:00+00:00,67780.6328125,164.01199340820312,-0.009068795344021599,-0.021640668777024762,0.002419747154941821,0.002364858474011831,7.4315870849077e-05,0.7385862575903802
2024-05-29 14:00:00+00:00,67588.09375,163.01300048828125,-0.002844662829095997,-0.006109600465003172,0.002411859714393576,0.002368185707664609,7.17925676426046e-05,0.6083360459592945
2024-05-29 15:00:00+00:00,67310.6171875,162.53500366210938,-0.004113856268924324,-0.002936569498666687,0.0024147008370069313,0.0023715135691998322,6.915206017353151e-05,0.624526119666198
2024-05-29 16:00:00+00:00,67540.4296875,163.3800048828125,0.003408393598804527,0.005185420075509211,0.00241899563918602,0.0023738596781287895,6.831640495116762e-05,0.6606899336915247
2024-05-29 17:00:00+00:00,67568.7890625,163.91000366210938,0.0004197992657918723,0.0032387132435104226,0.002425824199846106,0.0023765788976983873,6.705101595804666e-05,0.7344452793754984
2024-05-29 18:00:00+00:00,67321.3203125,164.59750366210938,-0.0036691945582317978,0.0041856029976783254,0.0024449535882252664,0.0023794152358418766,6.626634948617804e-05,0.9890140756442289
2024-05-29 19:00:00+00:00,67286.78125,161.74000549316406,-0.0005131795613647762,-0.017512980410538764,0.002403741158196121,0.0023820948231709164,6.386227744757721e-05,0.33895338359916266
2024-05-30 13:00:00+00:00,68622.453125,169.04800415039062,0.019655984154324322,0.04419258118557293,0.0024634503205890838,0.002386230706404734,6.084100126263757e-05,1.2692035400766901
2024-05-30 14:00:00+00:00,68346.2734375,168.50799560546875,-0.004032746287779462,-0.0031995224850521723,0.0024655037814104485,0.002389914691235553,5.876819320843014e-05,1.286224504245135
2024-05-30 15:00:00+00:00,68515.515625,166.05648803710938,0.002473185173531496,-0.014655180479704214,0.0024236333408913084,0.0023925877668834294,5.651343192437448e-05,0.5493485875963736
2024-05-30 16:00:00+00:00,68643.75,165.05349731445312,0.0018698614603787982,-0.006058372352578348,0.002404494179214468,0.0023959527098758138,5.0723317243884634e-05,0.1683933504897894
2024-05-30 17:00:00+00:00,69430.015625,162.5,0.011389189257447339,-0.015591645729050002,0.002340486294539848,0.002396040102831294,5.0621359729400736e-05,-1.097438089146798
2024-05-30 18:00:00+00:00,69351.4296875,159.7989959716797,-0.0011325137264926266,-0.01676125148814662,0.002304191805298602,0.002395157153518965,5.17600648365514e-05,-1.7574427023539252
2024-05-30 19:00:00+00:00,68504.6953125,153.61898803710938,-0.012284474458346163,-0.039441317175136215,0.002242459255330468,0.002393809620945577,5.4634845190712975e-05,-2.770216792722527
2024-05-31 13:00:00+00:00,68035.109375,153.61318969726562,-0.006878401357171523,-3.7745654684928325e-05,0.002257851734323983,0.0023931549883734267,5.6030384800104084e-05,-2.414819290143306
2024-05-31 14:00:00+00:00,67427.5078125,152.3209991455078,-0.008970823831285342,-0.008447556914081115,0.002259033502603664,0.002392876769649299,5.666125115401247e-05,-2.362165753838227
2024-05-31 15:00:00+00:00,67202.5546875,144.75,-0.0033417994491279543,-0.05098201408463855,0.002153935972718671,0.002390054281566077,6.393734819035572e-05,-3.6929637454532713
2024-05-31 16:00:00+00:00,67124.234375,151.60000610351562,-0.0011661161845941711,0.04623739701582292,0.002258498849410759,0.002388247913653822,6.609765944427406e-05,-1.962990298505991
2024-05-31 17:00:00+00:00,67280.1328125,151.59100341796875,0.002319842884252138,-5.938623024293373e-05,0.0022531317505039856,0.0023862468647945323,6.834045634428742e-05,-1.947823023304611
2024-05-31 18:00:00+00:00,67345.421875,152.02099609375,0.0009699357268399036,0.0028325162639421192,0.002257332300567016,0.002383360145944246,7.007407211765047e-05,-1.7984946724037414
2024-05-31 19:00:00+00:00,67738.0859375,152.3489990234375,0.0058136655587279875,0.002155291664234965,0.00224908922233211,0.002379680175716403,7.124097772860842e-05,-1.8330876069918327
2024-06-03 13:00:00+00:00,69828.109375,163.05300903320312,0.03038805083528017,0.06790142156364032,0.0023350626344120907,0.002377891636686341,7.098692792369764e-05,-0.6033364666842056
2024-06-03 14:00:00+00:00,68688.6484375,161.58114624023438,-0.01645269004075945,-0.009067886755380256,0.0023523704413438494,0.0023764527531234887,7.060735583988128e-05,-0.34107369541286375
2024-06-03 15:00:00+00:00,69557.921875,159.99880981445312,0.012575861982995833,-0.009841093428629873,0.0023002241225949954,0.002373209699085297,6.953970567301369e-05,-1.0495525654579385
2024-06-03 16:00:00+00:00,69032.7265625,159.53700256347656,-0.007579123591526403,-0.0028904902337586386,0.0023110343529461628,0.0023705407049308107,6.87850775145449e-05,-0.8651055451971413
2024-06-03 17:00:00+00:00,69245.03125,161.2362823486328,0.0030707014299426755,0.010594995038277608,0.0023284888379429074,0.0023699896779567223,6.899043701073195e-05,-0.601544820006853
2024-06-03 18:00:00+00:00,69262.5625,160.3050079345703,0.0002531449665534557,-0.005792581209331154,0.0023144539004685298,0.002368435567847869,6.917655427216959e-05,-0.7803462885264939
2024-06-03 19:00:00+00:00,69084.828125,162.54800415039062,-0.002569393928969712,0.01389506815937346,0.0023528755670677963,0.0023672988149497313,6.885644744633353e-05,-0.20946837103637117
2024-06-04 13:00:00+00:00,69649.9375,163.96299743652344,0.00814666025326459,0.008667408678856073,0.002354101142395475,0.0023665678377861074,6.87581656838901e-05,-0.18131221603477404
2024-06-04 14:00:00+00:00,69650.234375,164.2337646484375,4.262378086160026e-06,0.0016500301320859989,0.002357978635997052,0.0023658540193627494,6.861885231987032e-05,-0.1147699662621261
2024-06-04 15:00:00+00:00,70428.234375,168.10000610351562,0.01110817396578188,0.023268269611411672,0.0023868269252421627,0.0023658741739071938,6.862493295220647e-05,0.30532272213018236
2024-06-04 16:00:00+00:00,70782.0703125,166.39999389648438,0.0050114852288068445,-0.010164585016080824,0.0023508777457601207,0.0023651932094869293,6.856665198684249e-05,-0.20878172277619336
2024-06-04 17:00:00+00:00,70559.4453125,169.14999389648438,-0.003150174003992061,0.016391367435940447,0.002397269325847698,0.0023653833095899704,6.864070241080295e-05,0.46453511018717497
2024-06-04 18:00:00+00:00,70760.171875,165.5,0.002840747823704331,-0.021814664326148862,0.0023388863482745746,0.0023640899221978795,6.83920752471765e-05,-0.36851599885244507
2024-06-04 19:00:00+00:00,70427.25,164.25999450683594,-0.004716036140066196,-0.007520689946957057,0.0023323357721171272,0.0023626410639082285,6.812363093473305e-05,-0.4448572598858646
2024-06-05 13:00:00+00:00,70765.9765625,167.57699584960938,0.004798066034433312,0.019992417490071475,0.0023680447015608777,0.002362210347326222,6.800431599693609e-05,0.08579388159596364
2024-06-05 14:00:00+00:00,70934.140625,169.9199981689453,0.0023735215578539522,0.013884804917360938,0.002395461433264461,0.0023632449703565846,6.803053718003831e-05,0.4735588493534548
2024-06-05 15:00:00+00:00,71622.203125,170.25399780273438,0.009653275680699317,0.001963699430718972,0.002377111990056985,0.0023633715841092496,6.8049471334392e-05,0.20191789411876104
2024-06-05 16:00:00+00:00,71341.0703125,169.77999877929688,-0.0039329426099618415,-0.002787952588401363,0.0023798353183600743,0.0023636326139724793,6.808262995862887e-05,0.2379858768299749
2024-06-05 17:00:00+00:00,71639.0546875,168.84500122070312,0.0041681989916944025,-0.005522332578783287,0.002356884829891037,0.002363815289327624,6.804900675697364e-05,-0.1018451226090332
2024-06-05 18:00:00+00:00,71122.859375,168.48001098632812,-0.007231586455817027,-0.0021640279469637416,0.0023688587954261804,0.0023635304187510147,6.799052137065392e-05,0.07836940455446303
2024-06-05 19:00:00+00:00,71339.0078125,169.81399536132812,0.003034476630497476,0.007886579509188333,0.00238038067206723,0.002363815974149162,6.802528283394997e-05,0.24350796098125194
2024-06-06 13:00:00+00:00,71258.5,170.51300048828125,-0.0011291616843662558,0.004107849911527728,0.0023928794528130853,0.002364167288692257,6.812158045742489e-05,0.42148411601772734
2024-06-06 14:00:00+00:00,71452.5546875,172.3199920654297,0.0027195483563115896,0.010541624347641169,0.0024116701329865197,0.002366201112874508,6.767902215949059e-05,0.6718332898613782
2024-06-06 15:00:00+00:00,71264.640625,170.74899291992188,-0.0026333781389437784,-0.009158566908974253,0.002395984760779419,0.0023680824940897644,6.689427037813777e-05,0.4171099637073473
2024-06-06 16:00:00+00:00,70970.390625,170.68399047851562,-0.004137523888294206,-0.0003807625235535178,0.0024050028325247877,0.0023697902660711526,6.649934469981553e-05,0.5295174954368043
2024-06-06 17:00:00+00:00,71075.2421875,169.9969940185547,0.0014763084153661004,-0.004033083279859963,0.0023917891629562683,0.002370182099925749,6.655952653683198e-05,0.3246276551946745
2024-06-06 18:00:00+00:00,71067.7734375,168.3249969482422,-0.00010508782262755338,-0.009884138348940493,0.0023685137271997735,0.002370147759935209,6.655985235990191e-05,-0.02454982511980121
2024-06-06 19:00:00+00:00,70462.375,166.13299560546875,-0.008555097787855194,-0.013107970370504277,0.0023577546968217965,0.00237030255456872,6.651936364177242e-05,-0.18863466305085907
2024-06-07 13:00:00+00:00,71456.8203125,170.5,0.014014476145684702,0.02594665079288317,0.0023860563519949164,0.0023700560723991662,6.643161353508468e-05,0.2408533941042978
2024-06-07 14:00:00+00:00,71353.0390625,169.531005859375,-0.0014534188146865879,-0.00569946120784061,0.0023759465341185865,0.002369352168911938,6.613614388022148e-05,0.09970894611865021
2024-06-07 15:00:00+00:00,71063.2890625,169.99998474121094,-0.004069061512868837,0.002762511776944072,0.0023922335566497117,0.0023687472512492033,6.575057292481153e-05,0.35720305323218854
2024-06-07 16:00:00+00:00,70774.9140625,167.30001831054688,-0.004066258469016901,-0.01600962985252149,0.0023638321646396823,0.0023675122525435425,6.512195024639118e-05,-0.056510713974880875
2024-06-07 17:00:00+00:00,69805.0859375,161.7530059814453,-0.013797745214033324,-0.033718200111607914,0.0023172094670332604,0.0023650843912670196,6.421530390104161e-05,-0.7455376105910273
2024-06-07 18:00:00+00:00,69095.9765625,160.9250030517578,-0.010210368771993179,-0.005132080426014677,0.0023290068547796683,0.0023632948860032627,6.368879561932828e-05,-0.5383683407759192
2024-06-07 19:00:00+00:00,69229.375,159.79200744628906,0.0019287639951479335,-0.007065420801866719,0.002308153257866174,0.002361420916215687,6.362848954967559e-05,-0.8371667900104126
2024-06-10 13:00:00+00:00,69386.8046875,162.10000610351562,0.002271448477989105,0.014340450293745454,0.002336179145783865,0.0023596060035518725,6.27489193803705e-05,-0.37334280812071163
2024-06-10 14:00:00+00:00,69612.1484375,163.1929168701172,0.0032423833756238217,0.0067195736625786685,0.002344316624800583,0.0023581521436670783,6.206058364593247e-05,-0.22293568725407792
2024-06-10 15:00:00+00:00,70054.5390625,162.31500244140625,0.006334969525138595,-0.005394133324104425,0.0023169805213705706,0.00235593578794015,6.109325881662623e-05,-0.6376360882385619
2024-06-10 16:00:00+00:00,69973.75,163.10400390625,-0.0011538964305706288,0.0048491513741904775,0.002330931297897426,0.0023539453106263958,5.989855474191909e-05,-0.38421649450690004
2024-06-10 17:00:00+00:00,69988.2734375,163.6009979248047,0.000207533975223062,0.003042465827838654,0.0023375487047969756,0.002352575336457315,5.930511896104614e-05,-0.25337832422542755
2024-06-10 18:00:00+00:00,69844.7890625,163.8199920654297,-0.002052224599722827,0.0013376917178556853,0.0023454862454926565,0.002351469111975633,5.8797400604256656e-05,-0.10175392826027833
2024-06-10 19:00:00+00:00,69400.390625,160.18600463867188,-0.006382984995552516,-0.02243254664081771,0.0023081426948189008,0.002349693142939166,5.846346217551494e-05,-0.7107079631296113
2024-06-11 13:00:00+00:00,66705.875,152.802001953125,-0.03959946609702544,-0.04719269057789101,0.0022906828214625022,0.0023475545959771075,5.8231796782054213e-05,-0.9766446796663484
2024-06-11 14:00:00+00:00,66867.71875,152.13900756835938,0.0024232907816046554,-0.0043483520335487885,0.002275223537042818,0.002345044584930386,5.804633291107616e-05,-1.2028502815936706
2024-06-11 15:00:00+00:00,66246.6015625,152.33999633789062,-0.009332154403027634,0.0013202145050776502,0.002299589605274563,0.002342621851881207,5.6826437689980973e-05,-0.757257508228975
2024-06-11 16:00:00+00:00,66435.8125,152.88198852539062,0.0028520895869572536,0.003551466041462279,0.0023011984466268193,0.0023409128066883855,5.649815895930303e-05,-0.7029319325285169
2024-06-11 17:00:00+00:00,66750.6875,154.58399963378906,0.0047283408850535185,0.011071328596639342,0.0023158413107548753,0.0023384526565244823,5.424059291200286e-05,-0.4168712869029752
2024-06-11 18:00:00+00:00,67079.1015625,154.6510009765625,0.004907946489868202,0.000433336095135798,0.0023055019726593777,0.0023357859597119644,5.176504222000332e-05,-0.5850277668832689
2024-06-11 19:00:00+00:00,67486.09375,155.55099487304688,0.006049014792580949,0.005802647525234047,0.0023049340424010963,0.0023338076380704604,5.060605731763955e-05,-0.5705561191644097
2024-06-12 13:00:00+00:00,69344.8203125,168.4048614501953,0.027169896759092215,0.07939735069657358,0.0024285139205968767,0.002334207967093501,5.1265425334417566e-05,1.8395624904737236
2024-06-12 14:00:00+00:00,69928.65625,167.05799865722656,0.008384070992609223,-0.008029920388980922,0.0023889776754751606,0.0023350161567757557,5.174605521284289e-05,1.0428141522566194
2024-06-12 15:00:00+00:00,69726.5859375,165.00099182128906,-0.002893847024317,-0.012389564551022495,0.0023663999836330586,0.0023360529597479967,5.174119197872417e-05,0.5865157474056748
2024-06-12 16:00:00+00:00,69626.6484375,168.39300537109375,-0.0014343049528931617,0.02034908022385506,0.0024185137321703896,0.002338987201028662,5.133395431375031e-05,1.5491993984267398
2024-06-12 17:00:00+00:00,69799.953125,165.80599975585938,0.0024859642967700385,-0.015482136391985925,0.00237544571783492,0.002340947100753845,5.042045323115108e-05,0.6842187023372667
2024-06-12 18:00:00+00:00,68794.1953125,161.08599853515625,-0.01451396728443487,-0.02888005398436945,0.0023415638165897217,0.002342322605986945,4.9260312700856426e-05,-0.01540366586447159
2024-06-12 19:00:00+00:00,67500.0390625,160.4029998779297,-0.01899119434004142,-0.00424897702974634,0.0023763393637359007,0.002346029329170566,4.278669095379957e-05,0.7083986606504072
2024-06-13 13:00:00+00:00,67555.34375,151.7969970703125,0.0008189927634069832,-0.05514531511802692,0.002247002067402144,0.0023458377161370892,4.3208984705371934e-05,-2.2873865102101707
2024-06-13 14:00:00+00:00,67367.4453125,150.5800018310547,-0.0027852753456720355,-0.008049566038367642,0.002235204276079542,0.002345538924896682,4.391709651642664e-05,-2.5123393295335688
2024-06-13 15:00:00+00:00,66391.078125,152.00100708007812,-0.014599212132580721,0.009392629769168652,0.0022894794206217467,0.0023460747102309275,4.300946015526813e-05,-1.3158800274373728
2024-06-13 16:00:00+00:00,66965.8046875,150.6824951171875,0.0086194294382032,-0.008712204617512587,0.0022501408863875604,0.0023460922379651846,4.296946124253683e-05,-2.233012674653665
2024-06-13 17:00:00+00:00,66887.484375,149.52999877929688,-0.0011702412691780267,-0.0076779083014926865,0.0022355452619651143,0.0023444336150910683,4.526195344070925e-05,-2.4057369346330115
2024-06-13 18:00:00+00:00,66862.59375,147.35049438476562,-0.00037219604857469276,-0.014682969080913585,0.0022037807108666887,0.002341957119583116,4.875088626445102e-05,-2.8343363434847966
2024-06-13 19:00:00+00:00,66687.46875,148.3880157470703,-0.002622613529324085,0.00701650669970715,0.0022251259273815263,0.002340705482996225,5.076302113451535e-05,-2.276845487750382
2024-06-14 13:00:00+00:00,67104.234375,150.6999969482422,0.006230086967912985,0.01546051433095441,0.0022457598741993275,0.0023396175750171107,5.2091746737651165e-05,-1.8017768014283977
2024-06-14 14:00:00+00:00,66946.1484375,153.00100708007812,-0.0023586058833924683,0.015153418211605573,0.0022854340488746377,0.002338899995199306,5.254224532459823e-05,-1.0175801584870152
2024-06-14 15:00:00+00:00,66339.578125,147.0989990234375,-0.009101867329634401,-0.03933868074456517,0.0022173641012046682,0.002337281831878242,5.475628899886966e-05,-2.190026622805819
2024-06-14 16:00:00+00:00,65236.2421875,148.39749145507812,-0.016771497943035278,0.00878860379994447,0.0022747706869527926,0.002335980083876325,5.530495207266624e-05,-1.1067615942078395
2024-06-14 17:00:00+00:00,65359.04296875,148.6479949951172,0.0018806317134084831,0.0016866346122095307,0.0022743294308362194,0.0023346505553503375,5.581840975608077e-05,-1.0806671988276557
2024-06-14 18:00:00+00:00,65476.671875,149.05300903320312,0.0017981166393877623,0.0027209467383985356,0.002276429219215002,0.00233329139840397,5.6232068083003095e-05,-1.0112055474295325
2024-06-14 19:00:00+00:00,65513.09375,149.55099487304688,0.000556102620152566,0.0033354294986488705,0.002282764960600672,0.002331557032326612,5.615762774977078e-05,-0.8688413966371505
2024-06-17 13:00:00+00:00,65231.2265625,145.03244018554688,-0.00431173795558955,-0.0306799946828018,0.0022233590847258854,0.002329431721309375,5.780293218717254e-05,-1.835073629829264
2024-06-17 14:00:00+00:00,65364.19140625,146.16400146484375,0.0020362872107246655,0.007771846170599906,0.0022361479323810287,0.0023267463647515967,5.8338116663302184e-05,-1.5529886385166656
2024-06-17 15:00:00+00:00,65302.8203125,147.42234802246094,-0.0009393510642887474,0.008572294083316754,0.0022575188531978605,0.0023253902398336517,5.8993182622769415e-05,-1.1504954236796023
2024-06-17 16:00:00+00:00,65826.0390625,149.447998046875,0.00798026504981843,0.013646910100076742,0.002270347725236487,0.0023243571057189744,5.9410798566234707e-05,-0.9090835636938035
2024-06-17 17:00:00+00:00,66475.6328125,154.88150024414062,0.009819966156231248,0.03571181680569628,0.002329898847010553,0.0023237213414764686,5.9138846862616364e-05,0.10445765958938953
2024-06-17 18:00:00+00:00,67022.5234375,152.9499969482422,0.00819327696721192,-0.012549259330767322,0.0022820686107241465,0.0023218314611007968,5.861694086494073e-05,-0.6783508281039058
2024-06-17 19:00:00+00:00,66610.546875,150.73599243164062,-0.006165807112235518,-0.014581138547320146,0.0022629448263577347,0.002319928675039143,5.8645048746657784e-05,-0.9716736518981189
2024-06-18 13:00:00+00:00,64797.24609375,149.15219116210938,-0.027599822593074187,-0.010562710247721005,0.0023018291695037917,0.0023186285725582045,5.815709773584779e-05,-0.2888624726549542
2024-06-18 14:00:00+00:00,64688.7578125,149.0,-0.0016756761868072943,-0.0010208959037620038,0.0023033368554065555,0.002317736106316797,5.7970644037198466e-05,-0.24838866549424052
2024-06-18 15:00:00+00:00,64622.93359375,148.78549194335938,-0.0010180707362120395,-0.0014406886805881439,0.0023023636295853513,0.002316627853552783,5.7611237851907415e-05,-0.2475944711359733
2024-06-18 16:00:00+00:00,64595.890625,148.80450439453125,-0.0004185608297911057,0.00012777614457281145,0.002303621839636664,0.00231534853967894,5.702077598962717e-05,-0.20565661969260507
2024-06-18 17:00:00+00:00,64599.48828125,149.2239990234375,5.569326521409698e-05,0.0028151327885452835,0.0023099873233322463,0.002313967004187593,5.610733456140876e-05,-0.07092977926069707
2024-06-18 18:00:00+00:00,64664.97265625,147.3852996826172,0.0010131846004222428,-0.01239828219898517,0.0022792138251738997,0.0023117593990573827,5.478825454874194e-05,-0.5940246527570807
2024-06-18 19:00:00+00:00,64511.13671875,146.78298950195312,-0.0023818028112171687,-0.004095009859948016,0.002275312402909357,0.0023097481930928815,5.385089149262433e-05,-0.6394655544048099
2024-06-20 13:00:00+00:00,65174.91796875,147.22500610351562,0.010236829984655436,0.003006836148637363,0.0022589212336885014,0.0023073134997789436,5.276257371799888e-05,-0.9171703099451751
2024-06-20 14:00:00+00:00,64927.89453125,146.91400146484375,-0.00379736194156281,-0.0021146787509792432,0.002262725482252217,0.002305162438433876,5.188379971164836e-05,-0.8179230591727734
2024-06-20 15:00:00+00:00,64807.93359375,144.8000030517578,-0.0018493113802427168,-0.014493890509422912,0.002234294399192542,0.002302925449633755,5.199941944634958e-05,-1.3198426284744076
2024-06-20 16:00:00+00:00,64793.11328125,144.15150451660156,-0.00022870667979861173,-0.004488639837433094,0.0022247966985453763,0.002300709482995815,5.245428399458346e-05,-1.447218009081538
2024-06-20 17:00:00+00:00,64927.7109375,145.3260040283203,0.0020751904000518764,0.008114661221584904,0.00223827395005828,0.0022982464429635377,5.184490828780564e-05,-1.1567672677195882
2024-06-20 18:00:00+00:00,65092.609375,145.75698852539062,0.0025365039174596034,0.0029612503858863167,0.00223922485094554,0.0022959677482439866,5.137441056418489e-05,-1.104497291069738
2024-06-20 19:00:00+00:00,64928.515625,146.80149841308594,-0.0025241104031659928,0.007140550504602839,0.0022609711156951454,0.002293780040894744,4.998151661809048e-05,-0.6564211616524546
2024-06-21 13:00:00+00:00,63605.390625,145.50900268554688,-0.020588680091889223,-0.00884336447703998,0.0022876835006552854,0.002292510896495004,4.913216218794581e-05,-0.09825327493734418
2024-06-21 14:00:00+00:00,64144.953125,146.322998046875,0.008447189925788324,0.005578534706603635,0.002281130329329787,0.00229190957753328,4.904546406353435e-05,-0.21978073628845907
2024-06-21 15:00:00+00:00,63624.9453125,145.9980010986328,-0.0081397995929736,-0.0022235630221381386,0.0022946660367494176,0.0022913372305661092,4.880499599191921e-05,0.06820625871702897
2024-06-21 16:00:00+00:00,63565.6875,145.4051055908203,-0.0009317952977695875,-0.004069251921745541,0.002287477903716849,0.0022909926413302866,4.875721963360737e-05,-0.07208650615948453
2024-06-21 17:00:00+00:00,63633.53515625,146.98699951171875,0.0010667936685092244,0.01082046558440134,0.0023098983759239074,0.002290554628499287,4.846155506136442e-05,0.39915655616346274
2024-06-21 18:00:00+00:00,64107.53515625,147.31300354003906,0.00742129644485125,0.002215454694406571,0.002297904656308989,0.002289781095691094,4.7956651736566136e-05,0.16939382387492624
2024-06-21 19:00:00+00:00,64149.23828125,148.73800659179688,0.0006503068080066786,0.009626814354404004,0.0023186246723567267,0.00228980849820753,4.797292393205505e-05,0.600675793495718
2024-06-24 13:00:00+00:00,61525.79296875,140.81297302246094,-0.04175573220980456,-0.0547538357977072,0.002288681969429996,0.0022891043427330725,4.7668189073216005e-05,-0.008860695388029033
2024-06-24 14:00:00+00:00,61305.82421875,141.05349731445312,-0.0035816346016631353,0.0017066545736025647,0.002300817240645022,0.0022884921516638738,4.7269685668562405e-05,0.26073981256332107
2024-06-24 15:00:00+00:00,60699.25,137.24000549316406,-0.009943508013276498,-0.027407973980501762,0.002260983545812577,0.002287083773335872,4.6799310566902745e-05,-0.5577053851249185
2024-06-24 16:00:00+00:00,60090.58984375,133.97000122070312,-0.010078087837864637,-0.024115354615558523,0.0022294672355365024,0.0022857725156811655,4.729879350567265e-05,-1.1904168366981767
2024-06-24 17:00:00+00:00,60185.12890625,136.0,0.0015720393600988016,0.015038982335392729,0.0022596944207238694,0.0022852560423355216,4.7413315623994945e-05,-0.5391232668553559
2024-06-24 18:00:00+00:00,60335.7265625,138.8150177001953,0.002499114929860292,0.020487353171098805,0.00230071013657888,0.002285680818994456,4.7436072800800745e-05,0.31683309129608367
2024-06-24 19:00:00+00:00,59198.53515625,137.1999969482422,-0.01902761099121887,-0.01170254585849893,0.0023176248632861152,0.002285981406627982,4.758261782351907e-05,0.6650213482473117
2024-06-25 13:00:00+00:00,61143.96484375,147.04949951171875,0.03233436536420864,0.0693295684210362,0.00240497160901318,0.0022877109593344215,4.9971153445014995e-05,2.346566800940154
2024-06-25 14:00:00+00:00,61756.4453125,147.36599731445312,0.009967184625727868,0.002150008597134371,0.002386244813294412,0.0022888843510434137,5.144766095387963e-05,1.8924176618695498
2024-06-25 15:00:00+00:00,61841.7421875,147.39999389648438,0.0013802287924505059,0.00023066828057274666,0.0023835032565799573,0.00229018437244209,5.284130957178905e-05,1.7660214119236826
2024-06-25 16:00:00+00:00,61375.54296875,148.58799743652344,-0.007567143567049429,0.008027419722051411,0.002420964283968593,0.002292118209801548,5.544908868402567e-05,2.323682448620006
2024-06-25 17:00:00+00:00,61436.94921875,147.62632751464844,0.0010000001469466933,-0.006493091113785629,0.0024028915724479726,0.002291691170665733,5.44708740273138e-05,2.0414653476365983
2024-06-25 18:00:00+00:00,62157.3671875,148.34361267089844,0.011657916785083692,0.004847023046344335,0.002386581339962718,0.002291651231740526,5.4399164285825977e-05,1.7450655624672284
2024-06-25 19:00:00+00:00,62134.64453125,149.46499633789062,-0.0003656334174486648,0.007530937206016395,0.002405501752934608,0.002292302927895552,5.5532241088557866e-05,2.038434300869228
2024-06-26 13:00:00+00:00,61784.55078125,148.55899047851562,-0.0056503704782957164,-0.0060801055655267736,0.0024044682465118677,0.0022920688364679097,5.501841939266349e-05,2.0429414600548497
2024-06-26 14:00:00+00:00,61760.04296875,147.42799377441406,-0.00039674439937150595,-0.007642242860780629,0.002387109637359081,0.0022922632351266453,5.5337691190710714e-05,1.7139566214565372
2024-06-26 15:00:00+00:00,61409.796875,147.5150146484375,-0.005687220804018242,0.0005900860441739851,0.0024021413871259853,0.0022932728613022503,5.678607554407022e-05,1.9171693902186457
2024-06-26 16:00:00+00:00,61231.62109375,146.5709991455078,-0.0029056400286090853,-0.006420017961256026,0.002393714171328195,0.0022935624414287883,5.7259182625325366e-05,1.749094648359689
2024-06-26 17:00:00+00:00,61182.875,146.5189971923828,-0.0007964105213354,-0.00035485314627197785,0.002394771366863404,0.0022960252630864764,5.838935275988454e-05,1.6911662676413455
2024-06-26 18:00:00+00:00,60922.94921875,145.60000610351562,-0.004257391906037496,-0.006291916036025845,0.0023899040996968827,0.0022986035934800977,5.9069744854458914e-05,1.54563908210098
2024-06-26 19:00:00+00:00,61048.73828125,145.8780059814453,0.002062595175546071,0.0019075192686818913,0.002389533511886667,0.0023002711616678466,6.020909937206415e-05,1.4825392033722429
2024-06-27 13:00:00+00:00,61844.52734375,150.4980010986328,0.012951078834022215,0.03117910541305168,0.002433489389645115,0.002303326970055473,6.224020950251823e-05,2.091291475880643
2024-06-27 14:00:00+00:00,61680.80859375,148.53500366210938,-0.0026507735376384233,-0.013129157001346021,0.0024081234836010263,0.0023062032737494044,6.303729579120412e-05,1.6168239543334484
2024-06-27 15:00:00+00:00,61536.6875,150.98699951171875,-0.00233929699988849,0.01637309179685061,0.002453609475026077,0.0023103670864853946,6.439369186611348e-05,2.2244785846183506
2024-06-27 16:00:00+00:00,61673.41015625,152.69200134277344,0.0022193426507977634,0.011229092178800646,0.0024758157681880606,0.002314545250498837,6.685502825518794e-05,2.412242158864232
2024-06-27 17:00:00+00:00,61795.03515625,151.41949462890625,0.001970139642275114,-0.008368734213979698,0.0024503504892591935,0.002317955094083168,6.848482527241921e-05,1.9332077529493963
2024-06-27 18:00:00+00:00,61746.46484375,150.89999389648438,-0.0007862995835803991,-0.003436769798011083,0.002443864507520199,0.002320595601727261,7.024139146682209e-05,1.7549325720741624
2024-06-27 19:00:00+00:00,61440.515625,152.58900451660156,-0.004967243237158941,0.011130736646167295,0.0024835241528232467,0.00232503160258757,7.199406935092685e-05,2.2014667550339846
2024-06-28 13:00:00+00:00,61227.58203125,145.49899291992188,-0.003471706363559678,-0.047578896897521025,0.0023763635291960497,0.002326724816624958,7.198662821957387e-05,0.6895546270021656
2024-06-28 14:00:00+00:00,60843.7265625,143.82350158691406,-0.006289057410239281,-0.011582300687510545,0.0023638180912402764,0.002328216294298359,7.180948996980495e-05,0.49578122553004716
2024-06-28 15:00:00+00:00,61025.53125,143.41700744628906,0.0029836043253315576,-0.0028303418160361147,0.002350114853711971,0.0023294443882066417,7.153838853460242e-05,0.2889422857957031
2024-06-28 16:00:00+00:00,60740.7578125,142.06800842285156,-0.004677385816391446,-0.009450647066519756,0.0023389238715361403,0.0023303803700555664,7.128423042559842e-05,0.11985121294801583
2024-06-28 17:00:00+00:00,60696.10546875,140.77149963378906,-0.0007354001833687695,-0.009167869643839333,0.0023192838905663673,0.0023319791168195736,6.990565867899816e-05,-0.18160513030142414
2024-06-28 18:00:00+00:00,60741.21484375,141.4949951171875,0.0007429244479161518,0.0051263404000741475,0.0023294725909115844,0.002333534527795083,6.876621834814741e-05,-0.05906878378761749
2024-06-28 19:00:00+00:00,60111.64453125,137.7480010986328,-0.010418884764489439,-0.02683840941416577,0.0022915360604886183,0.002334101481249929,6.82672932914144e-05,-0.6235111824283217
2024-07-01 13:00:00+00:00,62625.75,140.5,0.040972960007836075,0.01978155192676883,0.002243486105954819,0.002333653787595235,6.87786372682741e-05,-1.3109838348310523
2024-07-01 14:00:00+00:00,62767.1875,140.5909881591797,0.0022559095081856055,0.0006473929523920068,0.0022398803221696,0.002332153478847886,6.983562581959618e-05,-1.3212906105638917
2024-07-01 15:00:00+00:00,62954.140625,140.68199157714844,0.0029740898476256217,0.0006470825688941322,0.002234674164089559,0.002331363571403976,7.06747322511878e-05,-1.3680901820861453
2024-07-01 16:00:00+00:00,63022.84375,140.4720001220703,0.0010907251376444961,-0.0014937827690560098,0.0022289060880733473,0.002330796259099236,7.136647477294482e-05,-1.4277035730019751
2024-07-01 17:00:00+00:00,63612.8125,141.5989990234375,0.009317644584702151,0.007990930665082559,0.0022259509281001765,0.002329531621742509,7.255094554437097e-05,-1.427695984733712
2024-07-01 18:00:00+00:00,63607.05859375,139.28298950195312,-9.045609313159754e-05,-0.016491352990008548,0.002189741085050567,0.0023276383589032426,7.46965504136306e-05,-1.8460996269449146
2024-07-01 19:00:00+00:00,63068.75,136.66700744628906,-0.008499047135545392,-0.018960394664537444,0.0021669528482218064,0.0023253815125471836,7.746736043688498e-05,-2.045102136330744
2024-07-02 13:00:00+00:00,62573.69140625,135.49949645996094,-0.007880476536645156,-0.008579440386366464,0.0021654387557264515,0.00232307846114868,8.013339338623904e-05,-1.9672161474856429
2024-07-02 14:00:00+00:00,61978.4921875,135.91099548339844,-0.009557500034371884,0.0030323023682488066,0.0021928735386500635,0.0023211265647373105,8.186529172640653e-05,-1.5666349362788332
2024-07-02 15:00:00+00:00,61944.0546875,133.25900268554688,-0.0005557907217840403,-0.019705603386647893,0.002151279947007374,0.0023189943334345348,8.459595340067743e-05,-1.9825343847453805
2024-07-02 16:00:00+00:00,61855.34375,133.00100708007812,-0.001433140286676536,-0.001937922908052865,0.002150194292309274,0.0023169090315912004,8.719318881589939e-05,-1.9120156235360288
2024-07-02 17:00:00+00:00,62058.88671875,132.56700134277344,0.0032852264190328154,-0.0032685120942231843,0.00213614855747518,0.0023148628203209782,8.997335046505231e-05,-1.9863021875040066
2024-07-02 18:00:00+00:00,62267.875,131.80648803710938,0.003361922649670329,-0.00575334089098726,0.002116765475570017,0.0023124301535429417,9.331795545046357e-05,-2.0967527313303638
2024-07-02 19:00:00+00:00,61887.84765625,132.05099487304688,-0.006121804496154686,0.0018533255394320941,0.002133714450799957,0.0023107538210697318,9.56203393567406e-05,-1.8514823463371735
2024-07-03 13:00:00+00:00,60532.96484375,129.49949645996094,-0.022135748126202292,-0.019511179986007397,0.002139321885095666,0.0023093292408455698,9.754010254400801e-05,-1.7429482983493896
2024-07-03 14:00:00+00:00,60222.69140625,129.44850158691406,-0.005138875145802373,-0.0003938618880295394,0.0021494971175180606,0.0023078496269699,9.929380496137006e-05,-1.5947874040424357
2024-07-03 15:00:00+00:00,60104.15625,130.61700439453125,-0.001970220227699443,0.008986279564916353,0.002173177572799406,0.002306748839000797,0.00010042712348523677,-1.3300317839037443
2024-07-05 13:00:00+00:00,55817.203125,120.802001953125,-0.07399687312021723,-0.07811655264581276,0.0021642431936726497,0.002305136706967089,0.00010193942548107748,-1.3821297562697457
2024-07-05 14:00:00+00:00,55735.9609375,127.23814392089844,-0.0014565647249229574,0.05190762172185466,0.0022828734228441494,0.0023050565390035703,0.00010195527395711488,-0.21757693641970605
2024-07-05 15:00:00+00:00,56583.421875,129.07559204101562,0.015090485691721105,0.014337738008795824,0.0022811556417736646,0.0023050569608776346,0.00010195517332872347,-0.23442968437616685
2024-07-05 16:00:00+00:00,56446.21484375,129.2449951171875,-0.002427807478241752,0.0013115725875335006,0.002289701718263189,0.0023049742222361973,0.00010196576246353692,-0.14978070681783956
2024-07-05 17:00:00+00:00,56519.234375,127.71099853515624,0.0012927765422898652,-0.011939902893307213,0.0022596024158396295,0.0023045096307715775,0.00010211023580488905,-0.4397915113794869
2024-07-05 18:00:00+00:00,56570.2265625,128.99600219726562,0.0009018027061593352,0.01001152591466481,0.0022802808126417538,0.0023040160047168748,0.00010215532309520113,-0.23234415354940988
2024-07-05 19:00:00+00:00,56523.53515625,128.24000549316406,-0.0008257114838741322,-0.005877862026253563,0.0022687895429517224,0.0023035307528275874,0.00010225394766982845,-0.3397542165124241
2024-07-08 13:00:00+00:00,57172.28125,126.40000915527344,0.011412084543908723,-0.014451996992609984,0.0022108617391451988,0.0023017347039407288,0.00010292851651639251,-0.8828745217663512
2024-07-08 14:00:00+00:00,56215.99609375,130.25,-0.016867842997442952,0.030004126489761085,0.002316956187750998,0.002302205940912745,0.00010293246815742692,0.143300234632416
2024-07-08 15:00:00+00:00,55790.640625,128.23300170898438,-0.007595219819323689,-0.015606745647660202,0.00229846799162802,0.0023021667867624616,0.00010293345216086033,-0.035933849072324525
2024-07-08 16:00:00+00:00,55790.890625,129.11199951171875,4.481028306337867e-06,0.00683130596586274,0.0023142129129923483,0.0023030539428821246,0.0001028017893660257,0.10854840347663838
2024-07-08 17:00:00+00:00,56305.09375,130.20999145507812,0.009174400573799793,0.008468225164795912,0.0023125792496363285,0.002304439143117121,0.00010235240444989976,0.07953019338389647
2024-07-08 18:00:00+00:00,56277.84375,129.32400512695312,-0.0004840875737880077,-0.006827543069529502,0.002297955936290703,0.002305076835043235,0.00010218796322306437,-0.06968432022652374
2024-07-08 19:00:00+00:00,56482.82421875,129.18600463867188,0.00363567719544343,-0.0010676607959224675,0.0022871732500193815,0.002304851220267244,0.00010221270825600646,-0.17295276242544413
2024-07-09 13:00:00+00:00,57263.16796875,130.29998779296875,0.013721028366407022,0.008586128195725793,0.002275458945339469,0.002304148454968133,0.00010226833540285168,-0.2805316964987351
2024-07-09 14:00:00+00:00,57288.55859375,128.2519989013672,0.0004433041068473552,-0.015842320541757122,0.0022387017940325537,0.002301377291385123,0.00010174137445786348,-0.6160276257966854
2024-07-09 15:00:00+00:00,57483.55078125,130.10519409179688,0.0033979052258059144,0.014346238658169027,0.0022633465108462753,0.0022993289863443207,0.00010123970883869626,-0.3554185991919015
2024-07-09 16:00:00+00:00,57666.578125,128.3000030517578,0.0031789369169186853,-0.013972013155460749,0.0022248589603088716,0.0022966849147398024,0.00010107559264032012,-0.710616208667953
2024-07-09 17:00:00+00:00,57528.4140625,129.30258178710938,-0.0023987870675287746,0.007783957588471786,0.002247629869417789,0.002293796007830622,9.99339221597619e-05,-0.46196664170778773
2024-07-09 18:00:00+00:00,57899.96875,130.28599548339844,0.006437861498805003,0.007576746336075647,0.0022501911192032973,0.002291251000276544,9.904899142033678e-05,-0.4145411324684772
2024-07-09 19:00:00+00:00,57797.8671875,130.18499755859375,-0.0017649697278698383,-0.0007755023212901131,0.0022524187118577446,0.0022890149564747946,9.837247951483744e-05,-0.3720171006925795
2024-07-10 13:00:00+00:00,57688.8671875,132.30674743652344,-0.0018876632533820616,0.016166573841367656,0.002293453726635,0.002287147489369801,9.71799677477439e-05,0.06489235807906928
2024-07-10 14:00:00+00:00,57738.578125,130.3310089111328,0.0008613365814134145,-0.015045634135540501,0.0022572604512181658,0.002284694026114906,9.601913014128051e-05,-0.28570947118949275
2024-07-10 15:00:00+00:00,57739.58203125,131.8249969482422,1.7386945698911477e-05,0.011397825549680251,0.002283095795132279,0.002282960462077793,9.507303259588467e-05,0.0014234641600383475
2024-07-10 16:00:00+00:00,57684.5625,130.8769989013672,-0.0009533453445215215,-0.0072173198295181415,0.002268839239291573,0.0022807387596138857,9.378962831776244e-05,-0.12687458662269896
2024-07-10 17:00:00+00:00,57630.83203125,130.8050079345703,-0.0009318872446609714,-0.000550217185228277,0.002269705352573116,0.002278671945967968,9.261686687174276e-05,-0.09681382773689594
2024-07-10 18:00:00+00:00,57605.71875,130.60000610351562,-0.0004358561841240492,-0.001568461674965566,0.002267136127062309,0.002276544691971283,9.136234850445614e-05,-0.10298076902560266
2024-07-10 19:00:00+00:00,57451.97265625,130.55099487304688,-0.002672505999018937,-0.0003753478321805453,0.0022723500836806286,0.002274585458371012,9.014250190872632e-05,-0.02479823216629729
2024-07-11 13:00:00+00:00,58509.765625,138.6999969482422,0.018244333437927123,0.06054938957363403,0.0023705443948826652,0.002274268973087612,8.976462829513412e-05,1.0725318382482731
2024-07-11 14:00:00+00:00,57889.171875,136.74949645996094,-0.010663321225705043,-0.014162546216964575,0.0023622638229346916,0.002273081880309105,8.807845330695964e-05,1.0125284820202438
2024-07-11 15:00:00+00:00,57328.76953125,135.69998168945312,-0.00972776906302785,-0.00770432719444969,0.0023670485656504953,0.002272397298343263,8.716596350836421e-05,1.0858741588756684
2024-07-11 16:00:00+00:00,57647.09765625,136.0,0.005537317459129389,0.0022084538292602867,0.002359182084256329,0.0022708235084971,8.465498710721155e-05,1.043749208151519
2024-07-11 17:00:00+00:00,57824.9765625,135.3000030517578,0.003080901562650456,-0.00516032800381978,0.0023398194187855673,0.0022685569026737254,8.08065174698831e-05,0.8818906982150513
2024-07-11 18:00:00+00:00,57828.8125,136.38198852539062,6.63348348981385e-05,0.007965130023815168,0.002358374357512367,0.0022670239671446117,7.812735976215628e-05,1.1692496795726077
2024-07-11 19:00:00+00:00,57410.5234375,135.9010009765625,-0.007259515964779931,-0.003533001088455173,0.0023671792702693473,0.0022657458798570973,7.57772912025453e-05,1.3385723981757074
2024-07-12 13:00:00+00:00,57936.33984375,136.11898803710938,0.009117197183971063,0.0016027285935855404,0.0023494578429395464,0.002263511441359036,7.107771200888079e-05,1.2091891980114946
2024-07-12 14:00:00+00:00,57809.89453125,139.1959991455078,-0.0021848721642378248,0.02235359045531175,0.002407823094544193,0.0022640357674481716,7.203391291320227e-05,1.9961060184149513
2024-07-12 15:00:00+00:00,58248.3515625,140.156005859375,0.007555845999649456,0.006873124057660522,0.0024061797819117468,0.0022647417956260297,7.322622158447911e-05,1.9315210210941156
2024-07-12 16:00:00+00:00,58098.45703125,142.44924926757812,-0.002576686305275947,0.01622966100900831,0.0024518594218596464,0.0022664375384284906,7.63482883057711e-05,2.428631833742629
2024-07-12 17:00:00+00:00,58169.94921875,142.00799560546875,0.0012297785583540912,-0.0031024276863158653,0.002441260436233888,0.0022681431478401197,7.908896914747759e-05,2.188892967753263
2024-07-12 18:00:00+00:00,58324.4296875,141.63699340820312,0.0026521547348587428,-0.0026159630750244014,0.0024284334054715763,0.0022699623064218735,8.150365160334239e-05,1.944343546973103
2024-07-12 19:00:00+00:00,57729.24609375,139.51600646972656,-0.010257129865857077,-0.015088063624255249,0.002416730096269716,0.002271416598177842,8.334127109154894e-05,1.7435958941908818
2024-07-15 13:00:00+00:00,62904.98046875,153.30850219726562,0.08586143150377624,0.0942729091116697,0.0024371441029764945,0.002273843398885973,8.601416240744865e-05,1.8985327476301737
2024-07-15 14:00:00+00:00,63215.26953125,159.29800415039062,0.004920537162771561,0.0383244424544016,0.0025199292090598907,0.002278450783937724,9.158405538625671e-05,2.636686310774607
2024-07-15 15:00:00+00:00,63043.515625,159.7165069580078,-0.0027206663200715787,0.0026237242076651924,0.002533432746803733,0.002283343324348293,9.715989064200695e-05,2.573998599657892
2024-07-15 16:00:00+00:00,63564.171875,163.0,0.008224764156680251,0.020349788635463086,0.002564337663684854,0.0022888377160082147,0.00010347688252599232,2.6624299162417895
2024-07-15 17:00:00+00:00,63196.125,162.45150756835938,-0.005806990332453037,-0.003370658535517862,0.0025705928578430935,0.0022945324955043777,0.0001093578155068558,2.5243770740958986
2024-07-15 18:00:00+00:00,63578.4296875,162.25997924804688,0.006031270980867348,-0.001179683197549037,0.0025521231028445552,0.002299968698416784,0.00011390340305398495,2.213756548680655
2024-07-15 19:00:00+00:00,63365.671875,161.2310028076172,-0.0033519952339837343,-0.006361722383982565,0.0025444534562132294,0.0023058805712694946,0.00011724165858935671,2.034881524316756
2024-07-16 13:00:00+00:00,63633.3828125,159.10549926757812,0.004215957901259325,-0.013270637093679715,0.0025003463942250732,0.0023114371303695493,0.00011844002323588107,1.5949782741877612
2024-07-16 14:00:00+00:00,63850.79296875,164.47500610351562,0.0034107820156739255,0.03319112048510596,0.002575927384081406,0.002318278607508799,0.00012167513899280406,2.117513723060917
2024-07-16 15:00:00+00:00,64916.21484375,165.03900146484375,0.01654843436784464,0.00342319840206479,0.002542338641618033,0.0023241030258915976,0.00012391403280992075,1.7611856444152711
2024-07-16 16:00:00+00:00,64466.69921875,164.99000549316406,-0.006948636718224793,-0.00029691918593006766,0.002559305928372661,0.0023309034589143528,0.0001254554009138305,1.8205869798717331
2024-07-16 17:00:00+00:00,64542.60546875,165.50999450683594,0.0011767563423920452,0.0031466834658565113,0.0025643525436383563,0.0023378060964365037,0.00012673128434459395,1.7876126512365493
2024-07-16 18:00:00+00:00,64724.8046875,166.8000030517578,0.0028189524209309533,0.007763925457426024,0.002577064602312676,0.002345154697183796,0.00012762013556550842,1.8171889890356592
2024-07-16 19:00:00+00:00,65092.40234375,166.4290008544922,0.005663326875703478,-0.0022267110378135775,0.0025568114689574406,0.002352488797073586,0.00012691493563323189,1.609918256384899
2024-07-17 13:00:00+00:00,65248.25390625,164.2729949951172,0.0023914508528759043,-0.013039149646832067,0.0025176611657861054,0.0023588879089900218,0.0001253672186439018,1.266465496431485
2024-07-17 14:00:00+00:00,65051.15234375,165.10000610351562,-0.0030253662470021273,0.005021740358769472,0.002538002789421426,0.0023655325907287845,0.00012409149337393174,1.3898631888724835
2024-07-17 15:00:00+00:00,64768.36328125,156.36300659179688,-0.0043566563690698185,-0.05437111850426431,0.002414188018196577,0.0023699441057400935,0.00012094623837127911,0.3658147045521505
2024-07-17 16:00:00+00:00,64252.58203125,156.0550079345703,-0.007995352946550512,-0.0019717093297308514,0.0024287741130569838,0.0023742040480777197,0.00011837219645675421,0.46100407538860294
2024-07-17 17:00:00+00:00,64299.91796875,157.1219940185547,0.0007364452599427831,0.0068139755198958945,0.0024435800072858034,0.0023788596616379385,0.00011543107238330287,0.5606839156180847
2024-07-17 18:00:00+00:00,64506.4609375,159.97299194335938,0.00320703287413841,0.017982465050858876,0.0024799530096428083,0.0023821443214179163,0.00011545743829513677,0.8471406404745414
2024-07-17 19:00:00+00:00,64623.66796875,159.052001953125,0.0018153325553080396,-0.005773795573502172,0.00246120356445935,0.0023851451201293444,0.00011512750089831866,0.6606453170314255
2024-07-18 13:00:00+00:00,64599.25,158.0,-0.0003779201000015615,-0.006636172030970794,0.0024458488295142746,0.0023877475719835295,0.00011469748555432235,0.5065608653053469
2024-07-18 14:00:00+00:00,63964.609375,153.8310089111328,-0.009872848919000012,-0.02674037786979728,0.0024049393940527414,0.002390169854953748,0.00011347347997288166,0.13015851018689983
2024-07-18 15:00:00+00:00,63526.14453125,154.1999969482422,-0.0068784058302587435,0.0023957861811527673,0.002427347009425192,0.0023926209582334716,0.00011264491032678809,0.30827891904728205
2024-07-18 16:00:00+00:00,63887.76953125,156.44000244140625,0.005676396862431547,0.014422124155014105,0.002448669026782745,0.0023956189496306553,0.00011168293217109316,0.47500612780133084
2024-07-18 17:00:00+00:00,63571.60546875,154.7949981689453,-0.00496102716566294,-0.010570916429860357,0.0024349707236045524,0.0023993540993716444,0.00010911724510934479,0.3264069230965016
2024-07-18 18:00:00+00:00,63537.5078125,153.8489990234375,-0.0005365100296538272,-0.006130053501592077,0.0024213886304361807,0.002401094640083064,0.00010861236885556503,0.18684787531062824
2024-07-18 19:00:00+00:00,63630.78515625,155.34500122070312,0.0014669908402582628,0.009676862229391561,0.002441349746655526,0.0024034760026668558,0.00010788805755396861,0.3510466760394175
2024-07-19 13:00:00+00:00,65269.28125,164.9010009765625,0.025424104063979956,0.05969684195938663,0.002526471838182874,0.0024070136514200316,0.00010839032757970683,1.1021111332558398
2024-07-19 14:00:00+00:00,65748.2890625,165.13601684570312,0.007312148220047575,0.0014241790839989248,0.002511639758241095,0.0024103313265634446,0.00010849726010320028,0.9337418436307778
2024-07-19 15:00:00+00:00,65800.3515625,170.71600341796875,0.0007915323559536222,0.03323189828759521,0.0025944542751540674,0.0024152729655445007,0.00011003354770819139,1.6284243609481266
2024-07-19 16:00:00+00:00,66437.3125,173.47755432128906,0.009633652684732066,0.01604684398953487,0.002611146474675493,0.002420672519288769,0.00011157904390429808,1.7070764251223935
2024-07-19 17:00:00+00:00,66794.5546875,174.447998046875,0.005362726668878119,0.005578470656205275,0.0026117098746003225,0.002426276701443117,0.00011260151554549504,1.6468088574019593
2024-07-19 18:00:00+00:00,66794.1875,175.3874969482422,-5.497282091096844e-06,0.005371102552030702,0.002625789810651446,0.0024327281683867645,0.00011276124666353771,1.7121275968218757
2024-07-19 19:00:00+00:00,67310.109375,177.84500122070312,0.007694375681934961,0.013914596964244328,0.002642173707219639,0.0024390419549929873,0.00011371807840005732,1.7862749272990643
2024-07-22 13:00:00+00:00,67130.21875,175.68600463867188,-0.0026761424175270228,-0.012214054137645942,0.00261709268806266,0.002445579183788884,0.00011246392013984723,1.52505358216663
2024-07-22 14:00:00+00:00,66682.625,175.1154022216797,-0.006689872313759093,-0.0032531392922206517,0.002626102410060787,0.0024518870594662672,0.0001117849943759355,1.5584860165455614
2024-07-22 15:00:00+00:00,67095.5390625,177.60000610351562,0.0061731356033563264,0.014088667070306485,0.002646971893885224,0.0024585000723776327,0.00011138649592600837,1.692052702984649
2024-07-22 16:00:00+00:00,67077.515625,178.51950073242188,-0.00026865957028984213,0.005163978128558995,0.002661391064786053,0.002465316278259771,0.00011107469809790418,1.7652515818990262
2024-07-22 17:00:00+00:00,67467.6484375,179.88900756835938,0.005799300311181966,0.007642193025565052,0.0026663002451464296,0.0024715303869016284,0.00011172443661023931,1.743305799108867
2024-07-22 18:00:00+00:00,67470.5078125,179.03399658203125,4.238052571482298e-05,-0.004764323232276374,0.002653514882081002,0.002478134627416009,0.0001105493544200147,1.5864430469549722
2024-07-22 19:00:00+00:00,68237.1484375,179.78599548339844,0.011298533947839267,0.004191516743621434,0.002634723161799011,0.002483995083527121,0.00010934842091580638,1.3784202552677387
2024-07-23 13:00:00+00:00,66094.734375,178.52999877929688,-0.031900032865341245,-0.007010582102833658,0.0027011228726085165,0.0024911998107490702,0.00010917297005693916,1.922848318131868
2024-07-23 14:00:00+00:00,67241.84375,176.70599365234375,0.017206646411982746,-0.010269348802930178,0.0026279171390558983,0.00249717000719045,0.00010661976986166636,1.226293510435128
2024-07-23 15:00:00+00:00,66569.625,175.90000915527344,-0.010047336170094803,-0.004571594892733434,0.0026423464028116944,0.002503423511786273,0.00010386700793060287,1.3375073932835408
2024-07-23 16:00:00+00:00,65988.0625,174.60000610351562,-0.008774537973518114,-0.0074180254290476255,0.0026459332110791347,0.0025096498972429146,0.00010093637679886533,1.3501902699340018
2024-07-23 17:00:00+00:00,65969.8515625,173.031005859375,-0.0002760112986779769,-0.009026875303005244,0.0026228800241492886,0.002513855491064025,0.00010029705685432285,1.0870162745016234
2024-07-23 18:00:00+00:00,65862.3515625,174.4770050048828,-0.001630861371930978,0.008322153423252725,0.002649115934454801,0.0025186363595893603,9.978404042369363e-05,1.3076196785719487
2024-07-23 19:00:00+00:00,65560.09375,172.0030059814453,-0.004599797922121173,-0.014281003185834574,0.002623593044838276,0.0025229121009091564,9.866864229350058e-05,1.020394540644768
2024-07-24 13:00:00+00:00,66372.7109375,174.7259979248047,0.01231880828768923,0.015707067452350745,0.0026324975348578994,0.002527467358419183,9.728091283095132e-05,1.0796586234879524
2024-07-24 14:00:00+00:00,66902.9296875,172.10000610351562,0.007956766065604866,-0.015143282066969285,0.0025723837043816395,0.0025313434298457837,9.426389904940594e-05,0.4353763736671414
2024-07-24 15:00:00+00:00,66240.25,172.25204467773438,-0.00995447399122654,0.0008830415486319434,0.0026004135654339225,0.002535377416644477,9.188527093310536e-05,0.70779732299852
2024-07-24 16:00:00+00:00,66360.609375,172.5469970703125,0.0018153639217943808,0.0017108659178871244,0.0026001418416045476,0.00253926012616673,8.954977464080225e-05,0.679864529888806
2024-07-24 17:00:00+00:00,66599.0234375,171.0,0.003586266191972543,-0.009006089646289392,0.0025676052166211617,0.00254289591572809,8.607406799048819e-05,0.28707021138819916
2024-07-24 18:00:00+00:00,65761.1953125,168.7740020751953,-0.012659986862263616,-0.013103002344714915,0.002566467979682761,0.002545539997147066,8.427230588677104e-05,0.24833760409752823
2024-07-24 19:00:00+00:00,65725.203125,167.21099853515625,-0.0005474663360875655,-0.009304074958142899,0.002544092533531539,0.0025478385430073957,8.226366226287271e-05,-0.04553662422524557
2024-07-25 13:00:00+00:00,63782.140625,157.06600952148438,-0.030009237483998225,-0.06259031940080424,0.002462539011428552,0.002548016536166878,8.206378411183584e-05,-1.0415986255500735
2024-07-25 14:00:00+00:00,64742.19140625,159.81900024414062,0.014939873608999506,0.01737576661618147,0.0024685448047517314,0.0025484712756421754,8.153608944575686e-05,-0.9802588207718286
2024-07-25 15:00:00+00:00,64689.265625,166.12350463867188,-0.0008178194917032882,0.03868958915512478,0.0025680227319580407,0.0025507977644169495,8.003053603787967e-05,0.2152299408932909
2024-07-25 16:00:00+00:00,64876.15234375,163.5500030517578,0.002884826079200243,-0.015612742926432308,0.002520957195259959,0.0025525348827334536,7.818097002127216e-05,-0.4039050355208245
2024-07-25 17:00:00+00:00,65051.86328125,163.0,0.0027047445275698366,-0.003368571837109536,0.002505693023661349,0.0025536773647448683,7.695743839492198e-05,-0.623517909175695
2024-07-25 18:00:00+00:00,64553.9375,162.39999389648438,-0.007683733722274458,-0.003687810662409795,0.002515725611570702,0.0025536073047867152,7.699058881372665e-05,-0.4920301792686035
2024-07-25 19:00:00+00:00,64781.13671875,160.48300170898438,0.0035133463034229795,-0.011874361538205432,0.0024773106777321308,0.002552671936968855,7.757851822617745e-05,-0.9714191629313071
2024-07-26 13:00:00+00:00,67900.8671875,174.60000610351562,0.04703434506101898,0.08430964975648819,0.0025713958206362653,0.0025527895729180452,7.760185513102047e-05,0.23976550156959373
2024-07-26 14:00:00+00:00,67334.8125,175.9029998779297,-0.008371429708534783,0.007435027686444728,0.00261236340233263,0.002553485748659537,7.795085716404929e-05,0.755317591302216
2024-07-26 15:00:00+00:00,67551.75,176.27401733398438,0.0032165944927973777,0.0021069949211942494,0.002609466332611433,0.0025544414691556516,7.828468221491981e-05,0.7028816097728849
2024-07-26 16:00:00+00:00,67403.0859375,177.14498901367188,-0.0022031685133959505,0.004928843255677063,0.0026281436012874967,0.00255583630490689,7.884725703469655e-05,0.9170553180916392
2024-07-26 17:00:00+00:00,67363.6953125,174.51300048828125,-0.0005845747113105847,-0.014969303993049955,0.00259060907627938,0.002557340682941128,7.863137908342211e-05,0.42309309242760157
2024-07-26 18:00:00+00:00,67527.390625,176.09800720214844,0.0024270750245484764,0.009041458919871095,0.002607801154054269,0.0025578719124406757,7.886639573697204e-05,0.6330863880240313
2024-07-26 19:00:00+00:00,67976.9921875,175.35800170898438,0.006635995132717428,-0.004211090821961716,0.0025796669735738942,0.002558494051306607,7.888901375652364e-05,0.26838873068731023
2024-07-29 13:00:00+00:00,69247.125,174.4250030517578,0.018512330221192537,-0.005334741009407558,0.002518877181569023,0.0025578202388598795,7.905444474771197e-05,-0.4926105978624773
2024-07-29 14:00:00+00:00,68180.265625,170.79998779296875,-0.015526465320744502,-0.021001657436674464,0.0025051235313806207,0.0025568330886555843,7.934077038476779e-05,-0.6517400451772154
2024-07-29 15:00:00+00:00,68098.109375,169.30545043945312,-0.0012057123509557218,-0.008788727291892388,0.0024861989854538915,0.0025553186617079376,7.981384760710091e-05,-0.8660110786075754
2024-07-29 16:00:00+00:00,66937.0390625,168.00900268554688,-0.017196988191947343,-0.007686917211362331,0.0025099556992455945,0.00255453773221274,8.00279341863985e-05,-0.5570808920708425
2024-07-29 17:00:00+00:00,67024.6796875,169.28900146484375,0.0013084430137407371,0.007589756879704199,0.002525771137648807,0.002554672898410452,7.997142332571869e-05,-0.36140110504135964
2024-07-29 18:00:00+00:00,67388.3046875,169.5,0.005410576794554442,0.0012456045593265907,0.002515273247873246,0.0025542940727179826,8.01054510270065e-05,-0.48711822159994184
2024-07-29 19:00:00+00:00,67271.28125,168.31199645996094,-0.0017380636683919186,-0.007033547950386737,0.002501988862594481,0.002555757420124614,7.82838987194953e-05,-0.6868405688734894
2024-07-30 13:00:00+00:00,66330.0859375,162.65150451660156,-0.014089839094460987,-0.03420947596832195,0.002452152778301254,0.0025561470645453516,7.769713160202551e-05,-1.338457213282587
2024-07-30 14:00:00+00:00,65845.6015625,162.87100219726562,-0.007330947982299056,0.0013485870218088879,0.0024735289576277935,0.002556646213717718,7.705525988805833e-05,-1.0786707644704958
2024-07-30 15:00:00+00:00,66244.6171875,162.49899291992188,0.006041580405738471,-0.0022866855888825696,0.002453014294881978,0.002556197235138371,7.75863546945994e-05,-1.3299109187762277
2024-07-30 16:00:00+00:00,66187.375,160.46701049804688,-0.0008644767796562335,-0.012583424959561875,0.0024244353322374072,0.0025555844312680053,7.848931413018354e-05,-1.6709166143695973
2024-07-30 17:00:00+00:00,65834.375,161.53201293945312,-0.005347616453017223,0.006614966179372843,0.002453612006485261,0.0025557138175508554,7.831155100202023e-05,-1.303789923187198
2024-07-30 18:00:00+00:00,65753.03125,160.6199951171875,-0.001236345675922238,-0.005662049193997043,0.0024427770410537157,0.002556344445000871,7.722157964899875e-05,-1.470669267105933
2024-07-30 19:00:00+00:00,65955.3046875,160.40699768066406,0.0030715382604553703,-0.0013269754416727459,0.002432056048269075,0.002556422928981603,7.709053306853449e-05,-1.6132575007876024
2024-07-31 13:00:00+00:00,66507.453125,163.9029998779297,0.008336707532081253,0.02156046776244228,0.00246443055893113,0.0025566856211840755,7.674320146728898e-05,-1.2021268397601066
2024-07-31 14:00:00+00:00,66392.2734375,165.52650451660156,-0.0017333326307994502,0.009856541450032836,0.002493159157630353,0.0025576554284178392,7.55372041043347e-05,-0.8538344985393084
2024-07-31 15:00:00+00:00,66358.2890625,166.18887329101562,-0.000512003491396243,0.003993602341423632,0.0025044176942912062,0.0025590392461487563,7.37376248786719e-05,-0.7407555091098268
2024-07-31 16:00:00+00:00,66373.1953125,165.38699340820312,0.00022460759981492506,-0.004836790168689569,0.0024917738648790946,0.002559879648119149,7.265292915113985e-05,-0.9374127655386633
2024-07-31 17:00:00+00:00,66646.3984375,164.5,0.004107718291001111,-0.005377572098646724,0.0024682504059730347,0.0025589092909156516,7.34906634685234e-05,-1.2336109195890832
2024-07-31 18:00:00+00:00,66512.578125,162.85000610351562,-0.002009933704892445,-0.010081001003813393,0.0024484091685254552,0.0025578554477537247,7.462459864014509e-05,-1.466624695109471
2024-07-31 19:00:00+00:00,65178.96875,161.54885864257812,-0.020254222799821073,-0.008021941997362518,0.0024785427223037817,0.002555923588539553,7.515950519629654e-05,-1.0295552908933217
2024-08-01 13:00:00+00:00,64725.56640625,157.58999633789062,-0.006980575148283354,-0.02481092680848008,0.002434741093631797,0.0025529834988554916,7.640271362844706e-05,-1.5476204915798877
2024-08-01 14:00:00+00:00,63975.05859375,153.60000610351562,-0.011662978634391166,-0.02564483994576967,0.0024009357627774253,0.002549470596991776,7.847426463667345e-05,-1.892784021641357
2024-08-01 15:00:00+00:00,63003.41015625,153.53199768066406,-0.015304443539672589,-0.0004428612005597291,0.0024368839289794146,0.0025463221656305763,7.914701838598058e-05,-1.3827209019733158
2024-08-01 16:00:00+00:00,62868.734375,150.6385040283203,-0.002139883024042806,-0.01902604572308681,0.002396079792696166,0.0025422206003885184,8.046124058982008e-05,-1.8162882727269587
2024-08-01 17:00:00+00:00,63148.12890625,150.0067596435547,0.004434247636002204,-0.004202596155098723,0.0023754743369555,0.002538193627870065,8.266659188246348e-05,-1.9683802998183542
2024-08-01 18:00:00+00:00,62868.78125,151.5050048828125,-0.004433502035140375,0.009938302562622446,0.0024098606950936,0.002534589599287279,8.347883175518945e-05,-1.4941381134736005
2024-08-01 19:00:00+00:00,63345.38671875,151.3260040283203,0.007552365028618977,-0.0011821832644075031,0.002388903310357854,0.0025302884562284898,8.423523664519588e-05,-1.6784560891798639
2024-08-02 13:00:00+00:00,65189.34375,154.49600219726562,0.028693934161442683,0.020731743587692825,0.0023699579303905114,0.0025254312373218977,8.494677889985042e-05,-1.8302437001723681
2024-08-02 14:00:00+00:00,63206.56640625,147.1201629638672,-0.030887821568980865,-0.04891853226821522,0.0023276088439652945,0.0025197863806355448,8.666310350220876e-05,-2.2175242854688713
2024-08-02 15:00:00+00:00,63560.1953125,146.3990020751953,0.005579219958911672,-0.004913902911230848,0.002303312652760271,0.002513949676813533,8.925801991982365e-05,-2.359866645512275
2024-08-02 16:00:00+00:00,63275.60546875,147.05364990234375,-0.004487539315970744,0.004461700439441693,0.0023240180605615746,0.0025087712584595753,9.112586529854203e-05,-2.027450683653005
2024-08-02 17:00:00+00:00,63049.6796875,144.81600952148438,-0.00357689312710656,-0.015333448683504183,0.0022968555944970974,0.002502033470491052,9.160681587979966e-05,-2.239766484877884
2024-08-02 18:00:00+00:00,62853.4296875,144.54251098632812,-0.003117479145908873,-0.001890378870631412,0.00229967579661089,0.0024965627814503015,9.373808969085009e-05,-2.1003946793533825
2024-08-02 19:00:00+00:00,62631.4921875,144.7030029296875,-0.003537281262118469,0.0011097282558124874,0.002310387280834534,0.0024910301294173488,9.477849077804932e-05,-1.9059477218923124
2024-08-05 13:00:00+00:00,51981.109375,122.55777740478516,-0.18638785036776995,-0.16610081514307123,0.0023577368562997343,0.0024862268568376926,9.409539181041163e-05,-1.3655291514896584
2024-08-05 14:00:00+00:00,54065.2578125,131.02499389648438,0.03931142362293784,0.06680552702963108,0.0024234600776506634,0.0024829031910627154,9.269828934661457e-05,-0.6412536178503166
2024-08-05 15:00:00+00:00,54280.30078125,134.85400390625,0.003969581290099769,0.0288046425949891,0.0024844004540378766,0.002480157933055767,9.009493836856912e-05,0.047089448740771145
2024-08-05 16:00:00+00:00,54134.64453125,132.0,-0.0026870158393257123,-0.021390818114014578,0.00243836458413985,0.0024770707920441265,8.825137475306398e-05,-0.43859042437106915
2024-08-05 17:00:00+00:00,54733.25390625,130.0,0.010997096781906716,-0.01526747213078842,0.002375155700091773,0.00247278176146469,8.681125739209648e-05,-1.124578358909996
2024-08-05 18:00:00+00:00,53258.2421875,131.07350158691406,-0.027318881708674338,0.008223796214719458,0.002461093273139941,0.0024709269209439956,8.583045150374484e-05,-0.11457061720834123
2024-08-05 19:00:00+00:00,53406.13671875,130.8979949951172,0.002773083714397972,-0.001339890944962204,0.0024509916469797953,0.002468436555636427,8.41612281198376e-05,-0.20727963512832717
2024-08-06 13:00:00+00:00,55275.77734375,132.80999755859375,0.034409130661167096,0.014501161304120585,0.002402679870654239,0.0024651455227872546,8.277306450391233e-05,-0.7546615859566651
2024-08-06 14:00:00+00:00,56100.6484375,131.12600708007812,0.01481258121124568,-0.012760770036844097,0.002337334963715465,0.0024613076852388264,8.327870732824805e-05,-1.4886484853170867
2024-08-06 15:00:00+00:00,56371.8125,134.83900451660156,0.004821884141819487,0.02792276064502419,0.002391957940266717,0.0024583991845818927,8.258825578238803e-05,-0.804487801392027
2024-08-06 16:00:00+00:00,56855.76171875,136.97235107421875,0.008548309350932223,0.01569758084619267,0.0024091199718998357,0.0024561496418880314,8.20510221386583e-05,-0.5731759186219526
2024-08-06 17:00:00+00:00,56594.1875,139.10000610351562,-0.004611278965893118,0.015414054324180176,0.0024578496882478543,0.0024560714865016855,8.20470662180703e-05,0.02167294734759452
2024-08-06 18:00:00+00:00,56787.8125,137.12820434570312,0.0034154484525628728,-0.014276856422179325,0.0024147470787979925,0.00245517485773579,8.220225468471723e-05,-0.491808638252762
2024-08-06 19:00:00+00:00,56796.2578125,136.906005859375,0.00014870593195550382,-0.0016216846419121085,0.0024104758153493003,0.0024525490757923113,8.104456899637885e-05,-0.5191373211558555
2024-08-07 13:00:00+00:00,56792.40625,132.406005859375,-6.781596620167123e-05,-0.03342159779417254,0.00233140334425212,0.0024493898449421806,8.202137802686839e-05,-1.438484740544238
2024-08-07 14:00:00+00:00,56204.9921875,130.02259826660156,-0.010397042094077245,-0.018164735781328656,0.00231336387046983,0.0024461843590556556,8.35280720256801e-05,-1.5901299451158266
2024-08-07 15:00:00+00:00,56098.8046875,130.35150146484375,-0.0018910764301864067,0.002526390862385569,0.0023236056844877628,0.0024429823602709396,8.449388384722603e-05,-1.4128439876077021
2024-08-07 16:00:00+00:00,56166.625,130.17098999023438,0.001208213800793516,-0.0013857652173385228,0.0023175861107950562,0.0024403202841553214,8.589847723595548e-05,-1.4288282785633708
2024-08-07 17:00:00+00:00,55528.93359375,126.46949768066406,-0.011418508361562496,-0.028847739775251475,0.0022775423458681133,0.0024354227262425193,8.667209309969107e-05,-1.8215826424407509
2024-08-07 18:00:00+00:00,54804.171875,127.23600006103516,-0.013137890760570576,0.006042476173145666,0.0023216480736401083,0.002430577470764311,8.471678943269514e-05,-1.2858064836220418
2024-08-07 19:00:00+00:00,54799.23046875,124.6999969482422,-9.016884782186922e-05,-0.020132801998168522,0.00227557934448284,0.002425012687628834,8.372719177127652e-05,-1.784764781723618
2024-08-08 13:00:00+00:00,57167.484375,133.22999572753906,0.04230913045713052,0.06616609769061672,0.002330520525507015,0.002420052303032493,8.023214111124345e-05,-1.1159091142954836
2024-08-08 14:00:00+00:00,58961.26953125,133.25999450683594,0.030895497954656456,0.00022514000917780392,0.0022601276323639358,0.0024145442789672354,7.966674010007688e-05,-1.9382824803590857
2024-08-08 15:00:00+00:00,59515.77734375,132.1300048828125,0.009360663116517473,-0.00851574253225408,0.002220083661508086,0.0024080823207581325,7.944957647833587e-05,-2.366263831517208
2024-08-08 16:00:00+00:00,59634.63671875,131.67999267578125,0.0019951154238398434,-0.003411642073321062,0.0022081125990053886,0.002401889747848657,8.032429988134205e-05,-2.4124349559164915
2024-08-08 17:00:00+00:00,59527.953125,134.5,-0.0017905556163722329,0.02118951773448104,0.0022594427145440337,0.0023975658400649078,8.090074719142321e-05,-1.7073158198904415
2024-08-08 18:00:00+00:00,59388.7890625,135.26499938964844,-0.0023405304159765995,0.005671613752975467,0.0022776184112341014,0.0023937740880624653,8.110539372634005e-05,-1.4321572400016698
2024-08-08 19:00:00+00:00,59359.70703125,135.99000549316406,-0.0004898088445426113,0.005345581219879832,0.0022909480570982594,0.0023905199059232047,8.125107117949205e-05,-1.2254835213800541
2024-08-09 13:00:00+00:00,60510.421875,133.72999572753906,0.019199949208460125,-0.016758584078454916,0.0022100324470352086,0.0023855211850530313,8.298601464470874e-05,-2.114678464427404
2024-08-09 14:00:00+00:00,60502.22265625,132.2050018310547,-0.0001355101162247805,-0.011469047901203677,0.0021851263644013853,0.0023798437721655745,8.485961416775361e-05,-2.2945827608792175
2024-08-09 15:00:00+00:00,59900.8046875,130.1199951171875,-0.009990163602551783,-0.01589669795539774,0.002172257881943625,0.002374126849400081,8.710580547112968e-05,-2.31751450278895
2024-08-09 16:00:00+00:00,60384.13671875,132.56939697265625,0.008036494459565903,0.01864919497406734,0.0021954341682505476,0.002369017604494349,8.845893199456803e-05,-1.9623053583154317
2024-08-09 17:00:00+00:00,60210.1484375,132.8699951171875,-0.002885516535819279,0.0022649108006599647,0.002206770761495642,0.0023649279042142553,9.020532307603284e-05,-1.7533016603167066
2024-08-09 18:00:00+00:00,60291.00390625,135.08999633789062,0.0013419868492863132,0.016570026018505987,0.0022406327243770885,0.0023610463003267434,9.046341243443547e-05,-1.331074881095451
2024-08-09 19:00:00+00:00,60716.93359375,135.32000732421875,0.007039727398191882,0.0017012021647559276,0.002228702922147375,0.0023573077774478334,9.123002914909399e-05,-1.4096767972120692
2024-08-12 13:00:00+00:00,58216.01953125,133.39999389648438,-0.04206206450949067,-0.014290310309649876,0.0022914653899495153,0.0023550916117430353,9.118677078891618e-05,-0.6977571553751499
2024-08-12 14:00:00+00:00,60309.453125,132.1300048828125,0.03532829314742141,-0.009565764347297981,0.0021908672361686666,0.0023507125322377587,9.267213941134969e-05,-1.724847371436809
2024-08-12 15:00:00+00:00,60133.79296875,131.72999572753906,-0.002916897152714264,-0.0030319825724682277,0.0021906151138012496,0.0023465098334502174,9.413252008738378e-05,-1.6561196864192074
2024-08-12 16:00:00+00:00,59661.109375,132.125,-0.007891588667229388,0.002994103382135906,0.0022145917396461418,0.002342885428306502,9.496573858426272e-05,-1.3509470949517846
2024-08-12 17:00:00+00:00,59364.8125,132.19000244140625,-0.004978705182376616,0.000491855869824382,0.0022267399975601076,0.0023389239189503183,9.476696911759465e-05,-1.1837871616533784
2024-08-12 18:00:00+00:00,58514.8515625,132.1699981689453,-0.014421073805288911,-0.00015134114429512624,0.0022587427745206514,0.0023350169792318233,9.311834861714786e-05,-0.8191103670101592
2024-08-12 19:00:00+00:00,58996.375,131.39999389648438,0.00819540645940121,-0.00584289931531242,0.0022272553846992187,0.0023303976074052902,9.143175906070607e-05,-1.1280787306912723
2024-08-13 13:00:00+00:00,59417.59765625,134.3300018310547,0.007114437992235195,0.022053413105321575,0.0022607780713080517,0.0023265476775124394,8.93613397099353e-05,-0.7359961972131822
2024-08-13 14:00:00+00:00,59659.46484375,133.2899932861328,0.0040623696125300784,-0.007772317460388829,0.0022341801696549486,0.002322646506907138,8.817167752911881e-05,-1.0033418863214134
2024-08-13 15:00:00+00:00,59514.125,135.36000061035156,-0.00243912960911987,0.0154107451214603,0.0022744180580719546,0.0023197466550662466,8.681615351501442e-05,-0.5221216923236828
2024-08-13 16:00:00+00:00,61170.15625,137.22000122070312,0.02744574827207886,0.013647585791689449,0.0022432507881766793,0.0023158251228307947,8.481268972191305e-05,-0.855701368416386
2024-08-13 17:00:00+00:00,61226.2109375,138.09950256347656,0.0009159535157306473,0.006388972247716129,0.0022555618002304467,0.0023128388012741054,8.370184382139324e-05,-0.6842979608176732
2024-08-13 18:00:00+00:00,60842.0234375,136.3249969482422,-0.00629465594405513,-0.012932739980192131,0.0022406387763924734,0.0023101671848343563,8.339993880720365e-05,-0.8336745738220778
2024-08-13 19:00:00+00:00,60869.98046875,135.16000366210938,0.0004593964579404746,-0.008582429485512218,0.002220470626428065,0.0023065602964585006,8.250168960853563e-05,-1.0434897811053914
2024-08-14 13:00:00+00:00,59529.6015625,131.10719299316406,-0.022266427548559987,-0.03044403321419942,0.0022023865363102572,0.0023033320755187353,8.272871183779815e-05,-1.2201995772205023
2024-08-14 14:00:00+00:00,59500.17578125,130.6199951171875,-0.0004944272350349276,-0.003722948633816652,0.002195287550030216,0.0023003289624033136,8.33337519142185e-05,-1.260490617069833
2024-08-14 15:00:00+00:00,59531.51953125,130.0200958251953,0.0005266454559376692,-0.004603285313143709,0.0021840547133513636,0.002296565529374276,8.340213315917482e-05,-1.3490160474454913
2024-08-14 16:00:00+00:00,59176.0703125,129.8249969482422,-0.005988669832171447,-0.0015016555558742893,0.0021938766170625347,0.0022933150844860212,8.354272798090956e-05,-1.1902707731331121
2024-08-14 17:00:00+00:00,59209.8359375,130.75540161132812,0.000570433204173714,0.007141048382953038,0.0022083391980573857,0.0022906214389471356,8.3635132547667e-05,-0.9838238833764505
2024-08-14 18:00:00+00:00,59007.48828125,129.8699951171875,-0.003423319808641258,-0.0067945020823273385,0.002200907018752983,0.002288509741860264,8.428244902096031e-05,-1.0393946085441235
2024-08-14 19:00:00+00:00,58998.50390625,130.30999755859375,-0.00015226981021581253,0.003382295897138732,0.002208700033574739,0.002286932864873838,8.488373029600822e-05,-0.9216469519692886
2024-08-15 13:00:00+00:00,59410.9609375,136.94500732421875,0.006966650849796225,0.049663230429006305,0.00230504615921436,0.0022866166665180517,8.477851435494032e-05,0.2173840015543303
2024-08-15 14:00:00+00:00,59434.8671875,135.41000366210938,0.00040230693326971683,-0.011272198811116447,0.0022782923571601425,0.002286307279229102,8.477438737444854e-05,-0.09454414614118838
2024-08-15 15:00:00+00:00,59727.2265625,136.96429443359375,0.004906928913670018,0.011413027247997603,0.0022931634752916415,0.0022861987405404477,8.476114914482404e-05,0.08216895147674089
2024-08-15 16:00:00+00:00,59538.609375,135.03500366210938,-0.003162973592018369,-0.014186236071811312,0.0022680241456699184,0.0022854926882877047,8.473268151502248e-05,-0.20616062545700561
2024-08-15 17:00:00+00:00,58935.875,133.47349548339844,-0.01017501073423364,-0.011631108790917687,0.0022647240833091635,0.002283942475404528,8.4237953645536e-05,-0.22814409970395758
2024-08-15 18:00:00+00:00,57916.39453125,131.3426971435547,-0.01744949140876417,-0.016093006288991716,0.002267798232375912,0.002281348111316616,8.224164157973811e-05,-0.16475691244035445
2024-08-15 19:00:00+00:00,57130.7421875,131.9499969482422,-0.013658133168488388,0.004613123685584967,0.0023096146119577694,0.002278435013948614,7.790880609605517e-05,0.4002063383016476
2024-08-16 13:00:00+00:00,58188.828125,132.10000610351562,0.01835101583998551,0.0011362179108356605,0.002270195334055211,0.00227563219311387,7.502951041985452e-05,-0.07246294195757251
2024-08-16 14:00:00+00:00,58004.609375,128.3404998779297,-0.0031709003247955966,-0.028872370466882704,0.0022125914002490373,0.0022729227881164915,7.430639491541319e-05,-0.8119272632743451
2024-08-16 15:00:00+00:00,58111.3671875,130.2100067138672,0.0018388140158070007,0.01446169603732797,0.0022406976985025386,0.002269249528539201,7.017964044006726e-05,-0.406839218007188
2024-08-16 16:00:00+00:00,58589.01171875,131.12069702148438,0.00818587228097868,0.006969667024127766,0.002237974206680847,0.0022656992378675524,6.60992330933747e-05,-0.419445580367622
2024-08-16 17:00:00+00:00,59284.9765625,133.72500610351562,0.011808761905634534,0.019667247733002432,0.0022556305805829023,0.002263248416366363,6.361359795678428e-05,-0.11975168876056895
2024-08-16 18:00:00+00:00,59466.21484375,134.0,0.0030524059560655087,0.0020543018913056995,0.00225338034970093,0.0022618491727994542,6.287542029289261e-05,-0.13469211114731483
2024-08-16 19:00:00+00:00,59647.03125,133.0,0.003036044286766191,-0.007490671729157626,0.002229784068255702,0.0022591462749326037,6.063328647381085e-05,-0.4842588680985293
2024-08-19 13:00:00+00:00,58237.31640625,133.27000427246094,-0.02391805317928966,0.0020280494285662234,0.0022883953536388993,0.0022571341979615877,5.749396753723816e-05,0.5437293165942001
2024-08-19 14:00:00+00:00,58537.0234375,135.1999969482422,0.005133108690275122,0.014377963386370369,0.0023096493297544464,0.002254664191986698,5.160687399073009e-05,1.0654615076593268
2024-08-19 15:00:00+00:00,58610.63671875,132.6300048828125,0.0012567607554575854,-0.019191807715135054,0.0022628999155776637,0.0022521334059330263,4.715461423094231e-05,0.22832356536537116
2024-08-19 16:00:00+00:00,58715.10546875,134.19000244140625,0.0017808330151810083,0.01169339098496359,0.0022854425853467354,0.002250049518766317,4.257924389368522e-05,0.8312281605749133
2024-08-19 17:00:00+00:00,59008.8671875,134.4149932861328,0.004990696828347651,0.0016752547489780648,0.0022778778799299893,0.0022491574276942814,4.1389991379631084e-05,0.6938984831449353
2024-08-19 18:00:00+00:00,59057.60546875,134.60000610351562,0.0008256075229815294,0.0013754835007136915,0.0022791307746931676,0.002248586876098003,4.0720451340888555e-05,0.7500874275549715
2024-08-19 19:00:00+00:00,59132.34375,135.36000061035156,0.00126471483753134,0.00563043781080103,0.002289102579505849,0.0022480118243483047,3.987799482966605e-05,1.0304117680203926
2024-08-20 13:00:00+00:00,60917.6328125,133.64999389648438,0.029744623671943256,-0.01271350344999052,0.0021939459517057933,0.0022459511550301505,3.941366226046771e-05,-1.3194714812512873
2024-08-20 14:00:00+00:00,59533.08984375,132.72999572753906,-0.022990380163806407,-0.006907439468023438,0.00222951632572576,0.002245150721361111,3.924854055935964e-05,-0.3983433629004727
2024-08-20 15:00:00+00:00,58821.69921875,132.08999633789062,-0.012021468634677485,-0.004833476737575775,0.002245599805722471,0.0022438832502291507,3.7942506911536296e-05,0.04524096147158892
2024-08-20 16:00:00+00:00,58811.2109375,131.27999877929688,-0.00017832222740836275,-0.0061510432280563335,0.0022322274390644855,0.002243160718472178,3.774092963828659e-05,-0.2896929013799713
2024-08-20 17:00:00+00:00,58992.87109375,133.57000732421875,0.00308410875259145,0.017293302339956622,0.002264172006681157,0.0022420549098250806,3.607305628834873e-05,0.6131195726606633
2024-08-20 18:00:00+00:00,59327.1484375,133.02330017089844,0.005650408687386435,-0.004101437690538457,0.002242199459679676,0.002241756106947009,3.5994985200167745e-05,0.012317069452911967
2024-08-20 19:00:00+00:00,59476.6171875,133.83999633789062,0.002516230492797449,0.006120727183939139,0.0022502960435016018,0.002242259646646901,3.589785912726789e-05,0.22386841583531888
2024-08-21 13:00:00+00:00,59389.17578125,136.9250030517578,-0.0014712630074502442,0.02278832364086776,0.0023055548633323006,0.002243883684385683,3.652552735923674e-05,1.6884404799982156
2024-08-21 14:00:00+00:00,59322.53125,138.0,-0.0011227963933474496,0.007820332199613991,0.002326266211035963,0.0022449974093272152,3.799712501756863e-05,2.1388144937589817
2024-08-21 15:00:00+00:00,59643.4296875,137.10499572753906,0.005394807275207533,-0.006506660685779888,0.002298744328518609,0.002245349507948624,3.840027193963764e-05,1.390480271960519
2024-08-21 16:00:00+00:00,59894.4765625,137.41000366210938,0.004200295152662817,0.0022221595232247812,0.0022942015950122175,0.002245403733580523,3.8467991210394684e-05,1.2685315738168408
2024-08-21 17:00:00+00:00,59941.1796875,139.9499969482422,0.0007794529412363046,0.01831601016075473,0.0023347888326166366,0.002247483006673547,3.9869822056908074e-05,2.1897721494335745
2024-08-21 18:00:00+00:00,60763.2578125,140.07000732421875,0.013621551173122966,0.0008571557852529991,0.002305176061435667,0.0022494838349574517,3.9699399910750674e-05,1.4028480683188742
2024-08-21 19:00:00+00:00,61563.75390625,141.4499969482422,0.013087992737745049,0.009803926232102059,0.0022976181271149236,0.002251573172376973,3.885602308187233e-05,1.1850146022646357
2024-08-22 13:00:00+00:00,60873.21875,138.94540405273438,-0.011279966550825546,-0.01786519679803353,0.0022825374919530498,0.0022530248944386817,3.8346854276312784e-05,0.7696223867989677
2024-08-22 14:00:00+00:00,60582.68359375,137.85000610351562,-0.004784217231249514,-0.00791489762842033,0.0022754027706646013,0.002254168761258164,3.7965464099350584e-05,0.5592980333618627
2024-08-22 15:00:00+00:00,60397.9296875,137.4741973876953,-0.0030542753068219337,-0.002729937611365952,0.0022761408892488424,0.0022547605640060265,3.8027587594440146e-05,0.5622319635637832
2024-08-22 16:00:00+00:00,60326.51953125,137.6300048828125,-0.0011830273824506925,0.001132716334321909,0.002281417956020456,0.002255639147903911,3.8024311791709856e-05,0.6779559419183262
2024-08-22 17:00:00+00:00,60180.19921875,136.4499969482422,-0.0024284186960634897,-0.00861073568030685,0.00226735701642093,0.002255237341678435,3.776581515739712e-05,0.32091654031519556
2024-08-22 18:00:00+00:00,60342.7734375,134.55999755859375,0.00269781459535857,-0.013948046707942448,0.0022299272952371703,0.00225588834266291,3.696558424738303e-05,-0.7023031815756458
2024-08-22 19:00:00+00:00,60321.08984375,133.80999755859375,-0.00035940493522683176,-0.00558931300943485,0.0022182954237929455,0.002256349681162772,3.6303960155818935e-05,-1.0482122943749146
2024-08-23 13:00:00+00:00,61038.12109375,143.0050048828125,0.01181681370735665,0.06645876375637977,0.002342880192251781,0.002258487822039532,3.7559033475635374e-05,2.2469260362355916
2024-08-23 14:00:00+00:00,60998.17578125,140.55999755859375,-0.0006546464445328193,-0.01724520231825521,0.00230433116660187,0.002259781008190228,3.778250128508167e-05,1.179121468838072
2024-08-23 15:00:00+00:00,61550.59765625,141.1300048828125,0.0090156041760087,0.004047059514190015,0.002292910390098898,0.0022603504684498656,3.8023308577439214e-05,0.8563147939301513
2024-08-23 16:00:00+00:00,61744.6484375,142.5,0.003147744095963283,0.009660513684813184,0.0023078923211336004,0.0022616944173904385,3.825807081755521e-05,1.20753354144463
2024-08-23 17:00:00+00:00,62947.8671875,149.11740112304688,0.019299572087283008,0.045391922985549206,0.0023689031540795103,0.0022634965021032963,4.068380387190482e-05,2.5908750398092733
2024-08-23 18:00:00+00:00,63209.359375,151.58990478515625,0.0041455027049623755,0.01644495716979169,0.0023982192872075165,0.002266230487395839,4.405263471506475e-05,2.99616131169882
2024-08-23 19:00:00+00:00,63598.3828125,150.00999450683594,0.00613566098142906,-0.010476957941900336,0.00235870768835575,0.002267635314567236,4.563377185997219e-05,1.995723125144477
2024-08-26 13:00:00+00:00,63774.51171875,150.69000244140625,0.0027655651409371896,0.004522840709431923,0.002362856231749128,0.0022696287386267766,4.713809868107021e-05,1.9777525129538152
2024-08-26 14:00:00+00:00,63445.73046875,148.69500732421875,-0.005168705487582902,-0.013327485221950364,0.002343656637343911,0.0022710969859120007,4.8055569266816046e-05,1.5099113908950244
2024-08-26 15:00:00+00:00,63584.94921875,150.12860107421875,0.002191892636974669,0.009594989874981103,0.0023610713371451223,0.0022731041952578786,4.926181773504794e-05,1.785706373247741
2024-08-26 16:00:00+00:00,63697.49609375,151.2301025390625,0.0017684591784156351,0.007310267511683431,0.002374192265210582,0.0022756662225709204,5.0460849195266685e-05,1.9525244662133727
2024-08-26 17:00:00+00:00,63409.8984375,147.91000366210938,-0.004525277984010555,-0.022198529353974737,0.002332601175948846,0.002277836466564897,5.005431283116756e-05,1.0941057081068992
2024-08-26 18:00:00+00:00,63643.1328125,148.0800018310547,0.003671453324597837,0.0011486751882324874,0.00232672395727777,0.0022800270733523563,4.92500292331222e-05,0.9481595169086388
2024-08-26 19:00:00+00:00,63309.484375,146.9199981689453,-0.005256279280795095,-0.00786447214201952,0.0023206633195540904,0.0022823038834557355,4.7876595632964026e-05,0.8012147812770465
2024-08-27 13:00:00+00:00,62267.59375,142.4600067138672,-0.016594024140491215,-0.030826902810236527,0.0022878675428800745,0.0022838703988860274,4.645067928998386e-05,0.08605135716301567
2024-08-27 14:00:00+00:00,61831.3125,139.2899932861328,-0.007031215029810181,-0.022503263178994475,0.0022527419790115697,0.002284610445235264,4.557233529178744e-05,-0.6992941226217387
2024-08-27 15:00:00+00:00,61659.8828125,140.75,-0.0027763889917168274,0.010427224520501209,0.0022826835469020135,0.002285973387371081,4.422964332088247e-05,-0.07438089530137401
2024-08-27 16:00:00+00:00,61597.00390625,140.00010681152344,-0.0010202904418345018,-0.005342081471333404,0.002272839552790622,0.0022870423793580124,4.309079521846513e-05,-0.32960233143491374
2024-08-27 17:00:00+00:00,61912.19921875,140.58999633789062,0.005104008264725734,0.004204641495199586,0.002270796355354038,0.0022864715492936735,4.3075107387473964e-05,-0.36390376926126033
2024-08-27 18:00:00+00:00,62103.2734375,140.3300018310547,0.0030814601734961444,-0.0018510222324160392,0.0022596232704590225,0.002286160397848655,4.320243042622265e-05,-0.6142507985737087
2024-08-27 19:00:00+00:00,61884.26171875,140.0,-0.0035328058785785966,-0.002354382201945538,0.0022622876335871697,0.002285645800486914,4.3301373298446365e-05,-0.5394324733941485
2024-08-28 13:00:00+00:00,59400.36328125,135.0417938232422,-0.04096555183484803,-0.03605810820620685,0.002273416968577173,0.002285735680868701,4.326976157618981e-05,-0.28469563600061093
2024-08-28 14:00:00+00:00,59207.0,132.91900634765625,-0.0032605640528351174,-0.01584434651148153,0.0022449880309364815,0.0022854067466624903,4.3506565961705174e-05,-0.9290256500957966
2024-08-28 15:00:00+00:00,59007.1484375,131.36019897460938,-0.0033811816189502344,-0.011796807461107225,0.00222617432722995,0.0022847130149100574,4.4119636954885526e-05,-1.3268170755794266
2024-08-28 16:00:00+00:00,59194.60546875,132.21249389648438,0.003171817375176604,0.006467270059224336,0.002233522680817291,0.0022834448160577157,4.4483830733348676e-05,-1.1222535113865335
2024-08-28 17:00:00+00:00,58663.00390625,132.0500030517578,-0.009021142894446334,-0.001229768635968875,0.002250992861920068,0.0022831247748554633,4.4649538418444404e-05,-0.7196471469483703
2024-08-28 18:00:00+00:00,59391.37109375,133.36000061035156,0.012339677029424463,0.0098715811654956,0.0022454440460692713,0.0022836723189524673,4.396612480543674e-05,-0.8694937989729042
2024-08-28 19:00:00+00:00,59155.9140625,132.02000427246094,-0.003972378457447815,-0.01009878439641073,0.0022317295973649878,0.002283522850600175,4.412963867581588e-05,-1.173661393778218
2024-08-29 13:00:00+00:00,60623.84375,134.76499938964844,0.02451170733404408,0.02057905769611952,0.002222970221838638,0.0022832727841861377,4.4433585073047776e-05,-1.3571392505998257
2024-08-29 14:00:00+00:00,60836.171875,136.3800048828125,0.003496267313929198,0.011912626576532805,0.0022417584913632027,0.0022830415826991433,4.4615571368755964e-05,-0.9253067946777634
2024-08-29 15:00:00+00:00,60816.8828125,135.0,-0.00031711596081484167,-0.010170364457072053,0.0022197783535898813,0.002282481549430626,4.520125101083352e-05,-1.3872004521670493
2024-08-29 16:00:00+00:00,60334.00390625,134.3699951171875,-0.007971571259754173,-0.00467762588967318,0.0022271022378355385,0.0022824368522569565,4.5255537397684986e-05,-1.222714779302314
2024-08-29 17:00:00+00:00,60514.83984375,132.37989807128906,0.002992764628308939,-0.01492134782889795,0.002187560909243013,0.002280756278183692,4.68738366753117e-05,-1.9882172135007758
2024-08-29 18:00:00+00:00,59190.5390625,132.4499969482422,-0.02212690564745727,0.0005293879573910989,0.002237688641564603,0.0022795569333805277,4.704234380558234e-05,-0.8900128783752563
2024-08-29 19:00:00+00:00,59216.83984375,132.50999450683594,0.0004442422748562135,0.0004528801445811901,0.002237707970511054,0.0022791370676294173,4.7305220041778176e-05,-0.8757827800351548
2024-08-30 13:00:00+00:00,59626.6640625,132.42999267578125,0.006896899364202571,-0.0006039241893002976,0.002220986110122975,0.0022780627930423544,4.7887894705608155e-05,-1.1918812315776184
2024-08-30 14:00:00+00:00,58493.59765625,129.4600067138672,-0.0191855511489746,-0.022682143654614566,0.0022132337879893506,0.002276985391510011,4.8613818074730764e-05,-1.311388532014897
2024-08-30 15:00:00+00:00,58034.6484375,129.38499450683594,-0.007877087439745844,-0.0005795917153306122,0.00222944392686683,0.002276157277379572,4.8998328745454755e-05,-0.9533662006191437
2024-08-30 16:00:00+00:00,58495.13671875,130.06539916992188,0.007903398733876967,0.005244981233297949,0.0022235250050835556,0.002275064317805867,4.943412644289013e-05,-1.0425856878821005
2024-08-30 17:00:00+00:00,58630.8359375,131.22500610351562,0.002317150951044536,0.00887605915431489,0.0022381568334348912,0.0022758011658346854,4.8525658939617654e-05,-0.7757613852629284
2024-08-30 18:00:00+00:00,59321.30078125,132.05999755859375,0.011707676516198865,0.006342892629128552,0.002226181756289718,0.002275745589677418,4.858144463612652e-05,-1.0202214808335033
2024-08-30 19:00:00+00:00,58793.48046875,132.1699981689453,-0.008937472860955002,0.0008326126366043343,0.0022480383388630396,0.002275786231896427,4.855681162624348e-05,-0.5714521218355828
2024-09-03 13:00:00+00:00,58392.3515625,128.89500427246094,-0.0068460575137519655,-0.02509080633580313,0.002207395332152341,0.0022753723634478915,4.903781710385397e-05,-1.3862165020842299
2024-09-03 14:00:00+00:00,57690.8046875,127.5999984741211,-0.012087118215661592,-0.010097793627736905,0.0022117909286463546,0.0022744993454806447,4.970236227203266e-05,-1.261678800920411
2024-09-03 15:00:00+00:00,57679.83984375,126.41000366210938,-0.00019008030730112424,-0.009369737474832648,0.00219158035120319,0.0022736556936727033,5.067990879900425e-05,-1.6194848099475245
2024-09-03 16:00:00+00:00,57710.1015625,126.4250030517578,0.0005245122594740243,0.00011864962736735239,0.0021906910511124227,0.0022726622771328834,5.171908841305898e-05,-1.5849317637965779
2024-09-03 17:00:00+00:00,57730.16015625,123.47000122070312,0.0003475146998668134,-0.023651049638635898,0.0021387434382049947,0.002269882086714095,5.433816711777159e-05,-2.413380050616592
2024-09-03 18:00:00+00:00,57910.390625,123.9499969482422,0.0031170832975473046,0.0038800123940318687,0.002140375770401604,0.0022667839127035226,5.6331696754424135e-05,-2.243996712064082
2024-09-03 19:00:00+00:00,58018.109375,122.38999938964844,0.0018583658203249382,-0.012665571453014127,0.002109513748519118,0.0022636300697035307,5.970804339508759e-05,-2.581165156671208
2024-09-04 13:00:00+00:00,56442.36328125,122.03500366210938,-0.0275351938550026,-0.0029047435631719253,0.0021621171858806462,0.002261428662884672,6.098311133552765e-05,-1.6285078742148165
2024-09-04 14:00:00+00:00,57558.50390625,123.55500030517578,0.019581891220580884,0.012378484687145416,0.002146598537488386,0.0022582921579658672,6.197750215521776e-05,-1.8021639561683778
2024-09-04 15:00:00+00:00,58139.38671875,124.4583969116211,0.010041456940367517,0.007285095176694807,0.002140689882294255,0.0022555507216468437,6.34879812573255e-05,-1.80917454103702
2024-09-04 16:00:00+00:00,58399.09765625,123.36000061035156,0.004457091901220001,-0.008864583945229538,0.002112361415864262,0.002252463109792666,6.586763974301961e-05,-2.127018585681923
2024-09-04 17:00:00+00:00,57913.08203125,124.0,-0.008357137747472045,0.005174650842290919,0.002141139715774225,0.0022501064801896857,6.728757149222714e-05,-1.6194188911699452
2024-09-04 18:00:00+00:00,57659.67578125,123.62000274658205,-0.0043852316217965065,-0.0030691991559674246,0.002143959380132021,0.0022479157570141424,6.857740496334876e-05,-1.5158983769899297
2024-09-04 19:00:00+00:00,58127.19140625,124.87000274658205,0.008075495555801752,0.010060851673515735,0.002148220131158026,0.002245783744379296,6.966488779179832e-05,-1.4004703992756038
2024-09-05 13:00:00+00:00,56949.1484375,124.23999786376952,-0.02047482783782085,-0.005058056476539495,0.0021815953578325975,0.0022441200344094983,6.999066220381107e-05,-0.8933288328495955
2024-09-05 14:00:00+00:00,56690.24609375,120.9000015258789,-0.00455656760173082,-0.027251391404298737,0.002132642030269964,0.0022418747846403154,7.137960044603772e-05,-1.5303077306089734
2024-09-05 15:00:00+00:00,55987.69140625,121.62999725341795,-0.012470299110749521,0.006019856807145436,0.00217244173135955,0.0022409166919090213,7.192638940932723e-05,-0.9520144290822931
2024-09-05 16:00:00+00:00,56325.55859375,121.09500122070312,0.006016533342142976,-0.004408255453262875,0.002149912122383107,0.0022397769702188573,7.282706426590484e-05,-1.2339485154535041
2024-09-05 17:00:00+00:00,56586.953125,122.27999877929688,0.004630044876999163,0.009738115444152288,0.002160922121203126,0.0022367443357013805,7.224711554602842e-05,-1.0494843140131769
2024-09-05 18:00:00+00:00,56560.7421875,120.88099670410156,-0.0004633048494087193,-0.011506923708053552,0.0021371890118304783,0.002233958633121857,7.281701829472483e-05,-1.3289423758015784
2024-09-05 19:00:00+00:00,55971.80859375,119.55999755859376,-0.010466997620137307,-0.010988246335916399,0.002136075295089611,0.002231344714871702,7.347692536946741e-05,-1.2965896341340255
2024-09-06 13:00:00+00:00,55981.3515625,118.58999633789062,0.00017048145420452056,-0.008146181899531622,0.0021183839444371333,0.0022281862419267612,7.420022130893194e-05,-1.4798109163646171
2024-09-06 14:00:00+00:00,54642.703125,117.3499984741211,-0.02420294188338113,-0.01051122580205057,0.002147587724671538,0.0022244976514366284,7.25694556054106e-05,-1.0598112680255
2024-09-06 15:00:00+00:00,54016.6328125,115.36180114746094,-0.011523671396178999,-0.01708762260398304,0.002135671831820754,0.0022201218605135157,6.977872946368742e-05,-1.2102546054053474
2024-09-06 16:00:00+00:00,54034.484375,116.2490005493164,0.000330428099719688,0.007661160315025758,0.002151385395714094,0.0022166664889694877,6.790789979411277e-05,-0.9613181007411055
2024-09-06 17:00:00+00:00,53948.703125,114.82520294189452,-0.0015887893297176832,-0.012323449393326642,0.0021284145176917913,0.0022127591270685323,6.607371452686811e-05,-1.276522895385929
2024-09-06 18:00:00+00:00,53406.15234375,115.12999725341795,-0.010107701194194586,0.002650903217273004,0.00215574408941466,0.0022096272512697117,6.41907178057369e-05,-0.8394229523670484
2024-09-06 19:00:00+00:00,53554.32421875,114.27999877929688,0.002770592924505283,-0.007410334148332914,0.0021339079606812797,0.002205841194995314,6.176012829670871e-05,-1.164719638671273
2024-09-09 13:00:00+00:00,55747.11328125,120.72010040283205,0.040129084607105285,0.05482307947842834,0.002165495095571793,0.0022023629088346675,5.787249424314866e-05,-0.6370524330258867
2024-09-09 14:00:00+00:00,54857.9609375,121.06999969482422,-0.01607831294669842,0.0028942420396791007,0.002206972290362013,0.0022002690940748867,5.529589226288033e-05,0.12122412737746778
2024-09-09 15:00:00+00:00,55400.25,124.2313995361328,0.00983679003404116,0.02577706364882112,0.0022424339156616223,0.002198864260047951,5.305403906426527e-05,0.8212316419659315
2024-09-09 16:00:00+00:00,56500.5703125,123.9499969482422,0.01966662574956424,-0.0022677179874929726,0.0021937831116161303,0.0021967495899156515,5.058834025031572e-05,-0.058639565655697695
2024-09-09 17:00:00+00:00,56512.0859375,123.76000213623048,0.00020379354705869302,-0.0015340103344371702,0.0021899740574627497,0.002195118031825363,4.9158225610827254e-05,-0.104641172432395
2024-09-09 18:00:00+00:00,56524.75390625,124.87999725341795,0.00022413876432744975,0.009009030687521827,0.002209297495758046,0.0021943939571044705,4.861199168913853e-05,0.30658152722644705
2024-09-09 19:00:00+00:00,57163.04296875,124.83999633789062,0.011228923187626466,-0.0003203661452507752,0.0021839284589194874,0.002192748038971429,4.7224015475234755e-05,-0.18676048538410994
2024-09-10 13:00:00+00:00,56769.28515625,125.33000183105467,-0.006912162451611397,0.003917385165142816,0.0022077079442888933,0.0021916625121630668,4.608665321938442e-05,0.3481578939882257
2024-09-10 14:00:00+00:00,56912.96875,125.87999725341795,0.002527811779277138,0.004378777143857455,0.002211798119447388,0.002190679208231289,4.498588498743547e-05,0.4694563910879437
2024-09-10 15:00:00+00:00,56684.12109375,123.4000015258789,-0.0040291166992616,-0.01989792654056113,0.0021769765349591882,0.002189301762639625,4.409556247994157e-05,-0.2795117464720681
2024-09-10 16:00:00+00:00,56873.08984375,125.77400207519533,0.003328171286868498,0.019055538302953815,0.0022114852985962237,0.002188455057056443,4.314792382298511e-05,0.5337508621333088
2024-09-10 17:00:00+00:00,57150.4453125,127.41999816894533,0.004864890662927737,0.013002040178563967,0.0022295538988753236,0.0021877240058947455,4.2041419996771e-05,0.9949686043856479
2024-09-10 18:00:00+00:00,57574.66796875,127.43000030517578,0.007395496550473746,7.849430092583821e-05,0.002213299786189673,0.002187195868482298,4.150548155578457e-05,0.628926992987432
2024-09-10 19:00:00+00:00,58011.03515625,129.66000366210938,0.007550575007999225,0.01734847137175198,0.0022350920529667544,0.0021873444972445788,4.166309462349365e-05,1.1460395862013328
2024-09-11 13:00:00+00:00,55838.640625,123.20999908447266,-0.03816713971405775,-0.05102545878483852,0.002206536507790794,0.002186894727694137,4.130021644679715e-05,0.4755854033346146
2024-09-11 14:00:00+00:00,55826.7109375,126.5199966430664,-0.00021366856197488425,0.0265101626986666,0.002266298596467739,0.0021871498232699316,4.1747681144248364e-05,1.8958842989225924
2024-09-11 15:00:00+00:00,56716.01171875,128.33999633789062,0.015804119009224914,0.01428259188331586,0.002262852983639224,0.002187439972229431,4.221754893915883e-05,1.786295351216941
2024-09-11 16:00:00+00:00,57257.5859375,128.58999633789062,0.009503574617913136,0.0019460560154540248,0.0022458158902866447,0.0021876747437781247,4.2506197897215165e-05,1.3678275024529816
2024-09-11 17:00:00+00:00,57676.71484375,130.6999969482422,0.007293397381209453,0.016275577477455137,0.002266079080653554,0.002188393224758374,4.346639674140129e-05,1.7872623847190199
2024-09-11 18:00:00+00:00,57500.859375,129.23500061035156,-0.0030536431522074203,-0.011272140062912927,0.002247531637180015,0.0021884894438553206,4.359273686825765e-05,1.354404370230913
2024-09-11 19:00:00+00:00,57673.984375,129.3000030517578,0.0030063011114740915,0.0005028521620300217,0.0022419120935193377,0.0021888583395208113,4.395415453190678e-05,1.2070247867016541
2024-09-12 13:00:00+00:00,57544.05859375,133.43499755859375,-0.00225530364816875,0.031479140207880986,0.0023188318797709283,0.002190387166886401,4.680945525162615e-05,2.743990764132317
2024-09-12 14:00:00+00:00,57687.07421875,130.00999450683594,0.002482240605331751,-0.026003121265622656,0.002253711013559756,0.0021914896686250135,4.7515451933905035e-05,1.3094970667919505
2024-09-12 15:00:00+00:00,57506.4296875,130.50010681152344,-0.0031363692084149975,0.003762716919301609,0.002269313318887711,0.002192016746580399,4.820698292230026e-05,1.6034310305604176
2024-09-12 16:00:00+00:00,58058.40234375,131.5050048828125,0.009552678682650534,0.007670865597380183,0.0022650469109398263,0.002192472395587545,4.877206392431439e-05,1.4880345327379259
2024-09-12 17:00:00+00:00,58391.359375,131.91639709472656,0.005718482093426023,0.0031234557502669244,0.002259176674540754,0.0021931089049945078,4.9395714355952766e-05,1.33752027696476
2024-09-12 18:00:00+00:00,58148.8125,130.92999267578125,-0.0041624655480983815,-0.007505593289465006,0.0022516365691179203,0.0021937489513466505,4.990705873778923e-05,1.1599084224820848
2024-09-12 19:00:00+00:00,58387.02734375,130.82000732421875,0.004088273201831006,-0.0008403847796413844,0.0022405663257014964,0.002193934324660562,5.006230519211113e-05,0.9314793008829045
2024-09-13 13:00:00+00:00,58122.23046875,134.16000366210938,-0.0045455157109616,0.025210756291474033,0.002308239077890203,0.002195346225874006,5.2065504701344706e-05,2.1682849837674065
2024-09-13 14:00:00+00:00,58404.33984375,139.0836944580078,0.004841984543268559,0.03604272552153807,0.0023813931435592026,0.002197733497709411,5.710189427532649e-05,3.216349443054297
2024-09-13 15:00:00+00:00,59621.0390625,139.63999938964844,0.020618316718139084,0.0039918075328691455,0.0023421262290190138,0.002199665905588233,5.9970735643847654e-05,2.3754973471864655
2024-09-13 16:00:00+00:00,59476.13671875,140.902099609375,-0.0024333476306030223,0.008997642342678382,0.002369052655112269,0.002201682810859053,6.355309579029541e-05,2.6335435303652592
2024-09-13 17:00:00+00:00,59604.53125,141.09500122070312,0.0021564303122421076,0.0013681108128315756,0.0023671858206368015,0.0022043459856671277,6.704840478009392e-05,2.4286906676416486
2024-09-13 18:00:00+00:00,59752.8203125,141.63999938964844,0.0024847927145815727,0.0038551919130760245,0.0023704320339841436,0.002206990004089424,7.039158326688586e-05,2.3218973392747557
2024-09-13 19:00:00+00:00,59700.98046875,141.47000122070312,-0.0008679480546512462,-0.0012009338349783575,0.002369642845225205,0.0022099577123231243,7.34193407867578e-05,2.174973667577276
2024-09-16 13:00:00+00:00,58434.578125,134.9499969482422,-0.02144063772697608,-0.04718337224952515,0.0023094202316232123,0.0022119365319983046,7.448355766288096e-05,1.308794889553039
2024-09-16 14:00:00+00:00,57609.5859375,135.33999633789062,-0.014218829417669198,0.002885786895466038,0.0023492617441256995,0.0022154451704303165,7.592174535565282e-05,1.7625592387072222
2024-09-16 15:00:00+00:00,57914.42578125,135.97000122070312,0.0052775271002972485,0.004644178399842663,0.002347774313333931,0.0022189018128125214,7.715725284190778e-05,1.670257762876345
2024-09-16 16:00:00+00:00,57847.79296875,134.6699981689453,-0.0011512014986986862,-0.009606954279987158,0.0023280058107263573,0.0022225433471826424,7.706298829114356e-05,1.3685228912390246
2024-09-16 17:00:00+00:00,58182.09375,135.32000732421875,0.005762337889462225,0.004815070172335584,0.0023258016101254304,0.0022252714209200553,7.778152262114493e-05,1.2924687743004644
2024-09-16 18:00:00+00:00,57807.7890625,135.2449951171875,-0.006454114406302285,-0.0005544856746164225,0.002339563531325593,0.002228487504150675,7.845981621265371e-05,1.41570593122297
2024-09-16 19:00:00+00:00,57978.54296875,134.52999877929688,0.0029494678178660877,-0.00530069893944961,0.0023203411450302834,0.002231481691862943,7.848041774356903e-05,1.1322500022576916
2024-09-17 13:00:00+00:00,58949.078125,137.06350708007812,0.016600995324525133,0.01865716032496708,0.0023251170576313084,0.002235027619225727,7.781060314003527e-05,1.1578041394107712
2024-09-17 14:00:00+00:00,60249.859375,138.2899932861328,0.02182624973479969,0.008908507178795336,0.0022952749553389776,0.002237596539885139,7.720035013454807e-05,0.7471263453250441
2024-09-17 15:00:00+00:00,61137.2734375,133.8300018310547,0.014621481729327111,-0.032782529437150085,0.002189008346403732,0.0022383473559896678,7.64900371226789e-05,-0.6450383794010061
2024-09-17 16:00:00+00:00,60929.80078125,131.1320037841797,-0.0033993254505991534,-0.020365873165456547,0.0021521817255725066,0.0022384133825632422,7.641259087410716e-05,-1.1285006306461434
2024-09-17 17:00:00+00:00,60930.546875,130.36000061035156,1.2245061898516596e-05,-0.005904619673364205,0.002139485156399256,0.0022377115458726863,7.713328878787341e-05,-1.2734630017341246
2024-09-17 18:00:00+00:00,60565.4140625,131.74000549316406,-0.0060106345752856775,0.010530466258148503,0.002175168906749585,0.0022384203271473475,7.634277589618237e-05,-0.8285187387445448
2024-09-17 19:00:00+00:00,60024.77734375,131.05999755859375,-0.00896657239996786,-0.005175109926362032,0.0021834316320415337,0.0022386034921587136,7.619483444640356e-05,-0.7240892446060562
2024-09-18 13:00:00+00:00,59439.79296875,130.41000366210938,-0.009793515334184032,-0.004971853232876288,0.002193984823107836,0.0022393380371707925,7.553490697765857e-05,-0.6004272180592042
2024-09-18 14:00:00+00:00,59456.51171875,131.68499755859375,0.0002812324597325241,0.009729326756219684,0.002214812032389482,0.0022402362023572317,7.490444479430542e-05,-0.3394213792995418
2024-09-18 15:00:00+00:00,59476.66796875,132.60000610351562,0.0003389508335005214,0.006924435274753457,0.0022294457748235964,0.0022417738150737835,7.369034269979513e-05,-0.167295194981111
2024-09-18 16:00:00+00:00,59944.921875,133.7324981689453,0.007842071213196598,0.008504398620963685,0.002230922886976326,0.0022433546082718954,7.239034500085224e-05,-0.1717317591927925
2024-09-18 17:00:00+00:00,60003.48046875,137.0800018310547,0.0009763964714498577,0.024723187961716398,0.002284534176354093,0.002246123778803845,7.068662671605963e-05,0.5433898791710445
2024-09-18 18:00:00+00:00,60654.56640625,133.8957061767578,0.010792355320677823,-0.023503525568931226,0.0022075123788694805,0.002247122523040477,6.968707165938463e-05,-0.5684001813794446
2024-09-18 19:00:00+00:00,60063.84765625,132.6300048828125,-0.009786799629061075,-0.00949785147348412,0.002208150327662393,0.002248330497971171,6.833752383429844e-05,-0.5879664356321249
2024-09-19 13:00:00+00:00,63033.53515625,145.07749938964844,0.04825876479160932,0.08970474486553286,0.0023015923036844538,0.0022508339464373437,6.747170712850287e-05,0.7522909884351752
2024-09-19 14:00:00+00:00,62952.72265625,146.12379455566406,-0.0012828781882472694,0.007186092165910374,0.002321167193253345,0.0022540464910300365,6.611936650763992e-05,1.015144363422673
2024-09-19 15:00:00+00:00,63177.40625,146.30999755859375,0.00356273054437208,0.0012734713505420092,0.0023158595175564642,0.002256715081499066,6.531081782775067e-05,0.9055840674570094
2024-09-19 16:00:00+00:00,63540.38671875,146.40989685058594,0.005728973856498235,0.0006825589772249354,0.002304202168278308,0.00225955331829235,6.356029724893283e-05,0.7024644615976456
2024-09-19 17:00:00+00:00,63768.5703125,147.6708984375,0.0035847255907600056,0.008575937875933129,0.0023157316796320482,0.0022620572613600213,6.274614539640291e-05,0.8554217622920934
2024-09-19 18:00:00+00:00,63615.94140625,145.5800018310547,-0.002396350658802609,-0.014260362288933981,0.00228842014458898,0.002263414725597137,6.241437959008194e-05,0.40063554514313077
2024-09-19 19:00:00+00:00,63283.08984375,145.1199951171875,-0.00524593958767461,-0.003164823547662015,0.00229318757152184,0.002264260619861474,6.24691147742186e-05,0.4630600539949479
2024-09-20 13:00:00+00:00,62849.16796875,145.80880737304688,-0.006880453808870924,0.004735272252556247,0.0023199799151763833,0.002266363899920812,6.217977779360085e-05,0.8622741533999047
2024-09-20 14:00:00+00:00,63057.3359375,145.02999877929688,0.003306710169419682,-0.0053556158174008685,0.00229997028296668,0.002268197170345877,6.150726694627321e-05,0.5165749381866848
2024-09-20 15:00:00+00:00,63204.3828125,146.7100067138672,0.002329240294487132,0.011517285759140022,0.002321199894461309,0.002270062210324265,6.138747511996464e-05,0.8330312337673075
2024-09-20 16:00:00+00:00,62938.046875,144.55099487304688,-0.004222787430580242,-0.014825543922653337,0.002296718790148298,0.0022719420491780786,6.04245469348357e-05,0.4100442986678855
2024-09-20 17:00:00+00:00,62695.21484375,144.92999267578125,-0.0038657331718123713,0.0026184657064288975,0.002311659558659749,0.0022736745760842596,6.004063423825786e-05,0.6326545856386923
2024-09-20 18:00:00+00:00,62915.5859375,145.75999450683594,0.0035087957161899835,0.005710579127112559,0.0023167549397319948,0.002275423856422336,5.973549192960177e-05,0.6919016145103019
2024-09-20 19:00:00+00:00,62952.44140625,144.63999938964844,0.0005856208376515732,-0.007713503401217423,0.0022976074661861866,0.002277434371942786,5.8380562972710794e-05,0.345544702143933
2024-09-23 13:00:00+00:00,63183.52734375,150.02000427246094,0.0036640808855204466,0.03652075459669692,0.002374353104034174,0.0022801488353667515,5.904479475927911e-05,1.595471185080511
2024-09-23 14:00:00+00:00,63398.52734375,148.7899932861328,0.0033970092724943447,-0.008232776304268209,0.002346899833798757,0.0022821046009488095,5.928347964268571e-05,1.0929728356109043
2024-09-23 15:00:00+00:00,63651.41015625,149.24400329589844,0.003980846451902532,0.0030467018270662195,0.0023447085135983275,0.00228429474640562,5.912564468015748e-05,1.0217861897239022
2024-09-23 16:00:00+00:00,63252.2578125,149.13999938964844,-0.006290655997910807,-0.0006971145203886651,0.0023578604866840843,0.0022863408869675753,5.951705086849995e-05,1.2016657188631223
2024-09-23 17:00:00+00:00,63315.2578125,149.60000610351562,0.0009955161858385424,0.003079648316102361,0.002362779703851745,0.0022889449402352584,5.938409441309481e-05,1.2433424193163274
2024-09-23 18:00:00+00:00,63466.71875,149.52000427246094,0.0023893145329004087,-0.000534914617458898,0.002355880486927819,0.0022904379717429263,5.9928705018512964e-05,1.0920061624004138
2024-09-23 19:00:00+00:00,63281.14453125,150.02999877929688,-0.002928244256717377,0.003405074240710164,0.002370848376568282,0.0022922378949584103,6.070295132120339e-05,1.2950026300024908
2024-09-24 13:00:00+00:00,63626.65625,148.61000061035156,0.005445095893202068,-0.009509837084981121,0.00233565630144758,0.002293735235144426,6.064647257246936e-05,0.6912366791499832
2024-09-24 14:00:00+00:00,63195.6796875,148.94500732421875,-0.00679656652485638,0.0022517305807824503,0.002356885914681915,0.0022952486823782318,6.107613997584153e-05,1.009186767992598
2024-09-24 15:00:00+00:00,63191.19140625,147.48500061035156,-7.102448558220308e-05,-0.009850679626590468,0.0023339487249446665,0.0022966889671743097,6.095062036657266e-05,0.6113105583875461
2024-09-24 16:00:00+00:00,63313.8828125,150.3000030517578,0.0019397078809087287,0.018906837231632483,0.0023738869956350904,0.002298888548876239,6.132055941237438e-05,1.223055488690093
2024-09-24 17:00:00+00:00,63813.24609375,151.5800018310547,0.00785616498866231,0.00848023340030201,0.0023753689258867016,0.0022998308329781683,6.20621185605099e-05,1.2171368728717256
2024-09-24 18:00:00+00:00,63744.48828125,152.03500366210938,-0.0010780658577269487,0.002997231121283429,0.002385069011634523,0.0023020201329460813,6.272101455604067e-05,1.324099733977327
2024-09-24 19:00:00+00:00,64284.71875,153.9199981689453,0.008439225510564944,0.012322193436293786,0.00239434816176971,0.0023041040469941143,6.36856397224279e-05,1.417024546961016
2024-09-25 13:00:00+00:00,63741.55078125,155.61000061035156,-0.00848530898797341,0.010919905932483306,0.002441264743375608,0.002307041010868044,6.587942672248673e-05,2.0374150047324115
2024-09-25 14:00:00+00:00,63878.47265625,155.5500030517578,0.002145774994366898,-0.00038563799094472323,0.002435092709383033,0.002309972944782082,6.760507222767901e-05,1.8507452248490353
2024-09-25 15:00:00+00:00,63490.2890625,155.4600067138672,-0.006095447430085566,-0.000578735973612953,0.0024485635363989595,0.002313255060903433,6.947919867329607e-05,1.947467415848759
2024-09-25 16:00:00+00:00,63459.734375,152.94410705566406,-0.0004813656155807352,-0.01631596570159542,0.002410096867911198,0.0023160805699402607,6.991882183113166e-05,1.3446493448932226
2024-09-25 17:00:00+00:00,63166.65625,153.51499938964844,-0.0046290294920510715,0.003725736859258848,0.002430317013806607,0.0023181152022055344,7.14463114218302e-05,1.5704353292448572
2024-09-25 18:00:00+00:00,63316.73828125,152.8300018310547,0.0023731510724039786,-0.004472073626105268,0.0024137377568659796,0.002318654279093981,7.205131038877731e-05,1.3196634073543365
2024-09-25 19:00:00+00:00,63219.828125,151.94000244140625,-0.0015317339161311989,-0.005840482377433501,0.002403359941773114,0.002319674840973216,7.281898994026716e-05,1.1492208401756763
2024-09-26 13:00:00+00:00,64359.4921875,162.24949645996094,0.017866443802070982,0.06564952995356094,0.002520987828606163,0.002322207093864781,7.708214027767754e-05,2.578817012933246
2024-09-26 14:00:00+00:00,64512.68359375,164.1199951171875,0.0023774174289511217,0.011462585725645036,0.002543995784622537,0.0023251539265978765,8.205040128740878e-05,2.6671637748375434
2024-09-26 15:00:00+00:00,65273.96484375,164.90109252929688,0.011731406737855204,0.00474801712617309,0.0025262919591912333,0.0023277515920179944,8.588575008015467e-05,2.3116799584092473
2024-09-26 16:00:00+00:00,65353.51953125,165.72999572753906,0.0012180391854956717,0.0050140774071247484,0.0025359000848958436,0.0023305225460125054,8.985068487450942e-05,2.2857648683499763
2024-09-26 17:00:00+00:00,65185.9375,166.44000244140625,-0.0025675321029005444,0.004274966427321807,0.002553311478283276,0.002334587400123506,9.428713871582617e-05,2.3197657828920555
2024-09-26 18:00:00+00:00,65269.0234375,166.27999877929688,0.001273787491668504,-0.0009617917399407008,0.0025476097239071223,0.0023378931997865295,9.820605132373332e-05,2.135474558785268
2024-09-26 19:00:00+00:00,64819.99609375,165.72000122070312,-0.006903413195756371,-0.003373482467927206,0.0025566185005784347,0.0023413739362406053,0.00010218274355168328,2.1064668735280163
2024-09-27 13:00:00+00:00,65637.671875,175.8000030517578,0.012535660059033718,0.059047378035076925,0.002678340014657289,0.002347212839639454,0.00011103208693008038,2.982265615041117
2024-09-27 14:00:00+00:00,66297.2890625,177.5,0.009999209894709257,0.00962360630513445,0.0026773342094375324,0.002353071716294655,0.00011888047175118651,2.7276346431527427
2024-09-27 15:00:00+00:00,66046.8671875,177.15499877929688,-0.003784408484196552,-0.0019455602245315603,0.0026822619500842144,0.0023587833566072994,0.00012622604126555904,2.562693008777553
2024-09-27 16:00:00+00:00,66331.6796875,176.14500427246094,0.004303007491561001,-0.00571750495042199,0.0026555185260242237,0.0023643696462905314,0.00013179011017866427,2.2091861015897907
2024-09-27 17:00:00+00:00,65877.7578125,174.4375,-0.0068667360998552075,-0.009741032443976026,0.00264789673771959,0.002369749307625336,0.00013665865900654153,2.0353443544396232
2024-09-27 18:00:00+00:00,65887.46875,173.9777069091797,0.00014739757629423083,-0.0026393415018464484,0.002640528012531665,0.0023755035252452147,0.00014067921030219897,1.8838923442713391
2024-09-27 19:00:00+00:00,65692.9921875,176.36000061035156,-0.002956011899119359,0.013600194155869934,0.0026846090387691183,0.0023837635367846373,0.00014405271350291654,2.0884403678962284
2024-09-30 13:00:00+00:00,63894.74609375,170.13999938964844,-0.027755118740698997,-0.03590573999017525,0.002662816738327896,0.0023922741203305604,0.00014521839916200644,1.863005098241833
2024-09-30 14:00:00+00:00,63779.2734375,174.8433074951172,-0.0018088674290902152,0.027268563123681366,0.0027413812994664093,0.0024023057227150132,0.0001482182428506385,2.2876777529543855
2024-09-30 15:00:00+00:00,63585.37109375,171.85000610351562,-0.003044840179473142,-0.01726814827169857,0.0027026657727630575,0.002411097337148571,0.0001501489475598878,1.9418613340475983
2024-09-30 16:00:00+00:00,63478.3125,169.93499755859375,-0.00168511751046206,-0.011206042185516856,0.00267705600331757,0.0024193244100031716,0.00015098428113887745,1.7070094407863101
2024-09-30 17:00:00+00:00,63606.078125,170.0,0.0020107216538243432,0.00038244042340655754,0.002672700550188182,0.0024273030054545106,0.0001515222753541102,1.6195476484244518
2024-09-30 18:00:00+00:00,63338.07421875,170.71380615234375,-0.004222397006564653,0.0041900691066395065,0.0026952793917091856,0.0024353107947765055,0.00015279278337000193,1.7014455211745307
2024-09-30 19:00:00+00:00,63588.3828125,168.55999755859375,0.003944156704530363,-0.012696751144868169,0.002650798622377589,0.002442333342235739,0.00015285353970287375,1.3638237004329619
2024-10-01 13:00:00+00:00,62926.0625,163.2100067138672,-0.010470367421258956,-0.03225399871305795,0.002593678997694591,0.0024483792774143767,0.00015151808071804974,0.9589596145333511
2024-10-01 14:00:00+00:00,62581.765625,158.88999938964844,-0.005486474330639721,-0.02682562124004608,0.0025389184501719377,0.0024526190153113404,0.0001504107145649548,0.5737585590907421
2024-10-01 15:00:00+00:00,62702.33203125,161.25999450683594,0.0019246886991183558,0.01480580013392525,0.002571834081489443,0.0024586910436883405,0.00014767706392493222,0.766151728603
2024-10-01 16:00:00+00:00,62447.99609375,158.47000122070312,-0.004064492541861996,-0.01745262653508231,0.0025376314875308436,0.0024641823963528144,0.00014428984738248243,0.5090385256512954
2024-10-01 17:00:00+00:00,62178.11328125,164.66000366210938,-0.00433108657137968,0.038317455452938826,0.0026481987788420577,0.0024699591709387747,0.0001446080773885904,1.2325702071559812
2024-10-01 18:00:00+00:00,61968.29296875,163.2899932861328,-0.0033802108110690962,-0.008355044112710978,0.0026350571471845828,0.0024751906701709616,0.00014481165094990488,1.103961428275714
2024-10-01 19:00:00+00:00,61726.2265625,162.60000610351562,-0.003913944064528447,-0.004234485347293787,0.0026342126379437325,0.0024804965555107494,0.00014470700179175101,1.0622573927293244
2024-10-02 13:00:00+00:00,61362.6328125,163.21009826660156,-0.005907842665475,0.0037450825986086542,0.0026597636181176785,0.002486422579674739,0.0001446454911627125,1.1983853561529072
2024-10-02 14:00:00+00:00,61141.76171875,168.14419555664062,-0.0036059332226048486,0.02978360090398896,0.0027500711597107414,0.0024936615710093838,0.00014681059972893902,1.7465332147322783
2024-10-02 15:00:00+00:00,61830.18359375,172.57000732421875,0.011196522346142778,0.025981075548199322,0.002791031779204723,0.002502038431586313,0.00014922071409515528,1.93668385365134
2024-10-02 16:00:00+00:00,61825.45703125,170.32000732421875,-7.644717990074897e-05,-0.013123930113586322,0.0027548523780120157,0.002509732845027816,0.00015016863059400022,1.632295187181343
2024-10-02 17:00:00+00:00,61639.11328125,169.43499755859375,-0.0030185808126607745,-0.005209705550047991,0.002748822761052505,0.0025168802257924177,0.00015118622200384745,1.534151275069131
2024-10-02 18:00:00+00:00,60814.66015625,165.9188995361328,-0.013465744006657005,-0.02097024607543517,0.002728271425176765,0.002524018578162586,0.00015088204513543594,1.3537253344547129
2024-10-02 19:00:00+00:00,60341.5078125,164.6300048828125,-0.00781065887314484,-0.00779855064319154,0.0027283044599145513,0.0025308036542534738,0.0001507603985610081,1.310031066156641
2024-10-03 13:00:00+00:00,60429.72265625,161.76829528808594,0.0014608588336138162,-0.017535525907392126,0.0026769657078900212,0.002537141102882502,0.00014873198484811586,0.940111201704913
2024-10-03 14:00:00+00:00,60230.4375,161.55999755859375,-0.0033032500072862465,-0.001288459828090036,0.0026823646691690353,0.00254331952139099,0.0001468948996933183,0.9465621207294378
2024-10-03 15:00:00+00:00,60608.80078125,160.3000030517578,0.006262279092891268,-0.00782949693046208,0.0026448304699232456,0.0025487874468941778,0.00014440336938236433,0.6651023687318297
2024-10-03 16:00:00+00:00,60117.07421875,160.39999389648438,-0.008146211933049001,0.0006235787272728541,0.00266812708337787,0.002554962773847373,0.00014137041971172326,0.8004808202540316
2024-10-03 17:00:00+00:00,60580.15625,161.42999267578125,0.007673486818729404,0.006400909418001467,0.0026647338446866625,0.0025598024528582478,0.00014004688223410693,0.7492590349352296
2024-10-03 18:00:00+00:00,60732.05859375,162.40499877929688,0.0025043219816773617,0.006021641115985883,0.002674123066791781,0.002565256173408131,0.0001379714854895697,0.7890535714488636
2024-10-03 19:00:00+00:00,60984.953125,163.42999267578125,0.0041554568517624384,0.006291511374775766,0.0026798412444591223,0.0025708417189224775,0.00013565586362546825,0.8035002883294541
2024-10-04 13:00:00+00:00,61568.7734375,165.5240020751953,0.009527653630517358,0.01273149265697666,0.0026884407928513122,0.0025763513906919317,0.00013355602104881108,0.8392688047992606
2024-10-04 14:00:00+00:00,61168.41796875,168.63009643554688,-0.006523807235465796,0.018591325612195005,0.0027568163773942526,0.0025829186685843064,0.00013256034330529271,1.311838099343569
2024-10-04 15:00:00+00:00,61833.66796875,171.48500061035156,0.010816995199939958,0.016788265224690964,0.002773327318978037,0.0025898761157851437,0.00013139197317907415,1.396213168538596
2024-10-04 16:00:00+00:00,62241.8203125,172.6699981689453,0.006579120850325017,0.006886445036783818,0.002774179760521369,0.002596598305517695,0.00013030931904485713,1.3627686515846513
2024-10-04 17:00:00+00:00,62040.1015625,174.25,-0.0032461507529154827,0.009108801820653538,0.0028086672267043002,0.0026044818209386405,0.00012855152024546012,1.5883546563726514
2024-10-04 18:00:00+00:00,62319.83203125,175.08999633789062,0.004498730940828558,0.004809056882009197,0.002809538964259283,0.0026120260384315964,0.0001270482288155274,1.5546295109274852
2024-10-04 19:00:00+00:00,62382.94921875,176.52000427246094,0.0010122820398563224,0.00813410208253863,0.0028296194149699735,0.0026202872165986845,0.0001247546035711409,1.6779516937979608
2024-10-07 13:00:00+00:00,63436.13671875,190.8500061035156,0.016741690521045308,0.07805360256675195,0.003008537656535845,0.0026308647276136973,0.00013029115157095781,2.898684403111316
2024-10-07 14:00:00+00:00,64066.515625,190.4801025390625,0.009888171437657358,-0.0019400706741587964,0.0029731615756036756,0.002640827938442314,0.0001332453045394174,2.494148955643302
2024-10-07 15:00:00+00:00,63656.97265625,191.5,-0.006412984453287665,0.005340068122926464,0.003008311454490729,0.002651215312489917,0.00013720342519786064,2.6026765839544077
2024-10-07 16:00:00+00:00,63826.99609375,189.19000244140625,0.0026673712777375855,-0.012135994617852192,0.0029641063189550904,0.00266071128177634,0.00013883117757359706,2.1853523284992287
2024-10-07 17:00:00+00:00,63788.20703125,189.2700042724609,-0.000607906624676231,0.00042277562134461017,0.002967162945648199,0.0026694762518142167,0.0001413205284072949,2.106464624700736
2024-10-07 18:00:00+00:00,62906.80859375,185.65499877929688,-0.013913927912777024,-0.019284483539213644,0.002951270346239474,0.002678079212428491,0.0001425167027987035,1.9169060779973943
2024-10-07 19:00:00+00:00,63352.53125,186.13999938964844,0.007060459977215087,0.0026089693935928914,0.002938161991588117,0.0026862391866816432,0.00014316756330055015,1.759636045335318
2024-10-08 13:00:00+00:00,62939.5390625,191.3385009765625,-0.006540294392793,0.027545040396464566,0.0030400365783829495,0.0026967381818561727,0.00014565017294652767,2.35700644621144
2024-10-08 14:00:00+00:00,62667.39453125,193.9499969482422,-0.004333279211722796,0.013556262276173197,0.003094910812855419,0.002707814745173653,0.00015024410588728178,2.5764476110109675
2024-10-08 15:00:00+00:00,62266.04296875,196.2113037109375,-0.006425068440124222,0.011591780526069096,0.0031511766985002046,0.00272010539420089,0.00015583830892964531,2.7661446486430115
2024-10-08 16:00:00+00:00,62496.7265625,195.6000061035156,0.0036979598561020888,-0.003120369872495541,0.003129764019046747,0.002732212128822117,0.00015899830822885508,2.5003529575447527
2024-10-08 17:00:00+00:00,62305.37890625,197.7550048828125,-0.0030664195201992772,0.010957126664617461,0.00317396360241018,0.0027430950583855174,0.00016646726299130886,2.588307972884482
2024-10-08 18:00:00+00:00,62081.49609375,191.72000122070312,-0.0035997858176695517,-0.030992934810856652,0.00308819879165258,0.0027521651085026847,0.00017021869017334797,1.9741291793967173
2024-10-08 19:00:00+00:00,62300.26953125,192.1000061035156,0.0035177770954818825,0.0019801208885614043,0.0030834538525897977,0.0027614511400593277,0.00017286467108401876,1.8627444839435383
2024-10-09 13:00:00+00:00,61790.1875,190.1000061035156,-0.008221178588469042,-0.010465819945855069,0.003076540366599723,0.0027704618114210585,0.00017498599877759197,1.7491602603456955
2024-10-09 14:00:00+00:00,61765.94140625,196.1000061035156,-0.0003924709243622267,0.031074482725554967,0.0031748889701804584,0.0027808214362860114,0.00018023307115045136,2.1864329968915373
2024-10-09 15:00:00+00:00,62278.21875,194.97000122070312,0.008259643266897359,-0.00577905749145957,0.0031306290567390885,0.0027905384251665443,0.00018313957409606455,1.857002416059743
2024-10-09 16:00:00+00:00,61754.15625,192.8950042724609,-0.008450464947083465,-0.010699685276332409,0.00312359549520136,0.002799988041743593,0.00018547771020446812,1.7447242210453544
2024-10-09 17:00:00+00:00,61703.74609375,192.2765045166016,-0.000816637219562809,-0.00321155782996314,0.003116123682741482,0.0028072844362116633,0.00018918496628647226,1.6324724558829935
2024-10-09 18:00:00+00:00,61145.71875,187.33680725097656,-0.009084796298484363,-0.02602635863104933,0.0030637763539409953,0.0028137251386200542,0.0001912527044333444,1.3074388467436764
2024-10-09 19:00:00+00:00,61004.12109375,188.91000366210935,-0.0023184266120409394,0.008362625456230283,0.0030966760978622405,0.0028206320410830215,0.00019388947478575738,1.4237186267291722
2024-10-10 13:00:00+00:00,60868.5078125,186.6300048828125,-0.0022254929337193184,-0.01214265719613093,0.003066117629459713,0.0028274753594736126,0.00019520460445297897,1.2225237752708056
2024-10-10 14:00:00+00:00,60540.4296875,184.2400054931641,-0.005404526723028508,-0.012888788030408507,0.003043255663102847,0.0028340646748966675,0.00019571221226532967,1.068870387723053
2024-10-10 15:00:00+00:00,60732.06640625,186.93499755859372,0.0031604343018216676,0.014521664459166254,0.0030780279450421605,0.0028413563404385083,0.00019652767373491757,1.2042660461288621
2024-10-10 16:00:00+00:00,60307.05859375,185.6334991455078,-0.00702268062845581,-0.006986654635604587,0.0030781388360523717,0.0028479151703932294,0.00019777060863286576,1.1640944387571825
2024-10-10 17:00:00+00:00,59506.8203125,179.7899932861328,-0.013358221738622823,-0.03198482935587994,0.0030213342326470454,0.002853890461965215,0.00019749919972974835,0.8478199957820332
2024-10-10 18:00:00+00:00,59323.36328125,182.3249969482422,-0.0030877201643316554,0.0140013263369118,0.0030734096461093366,0.0028594242677425974,0.00019893969275772678,1.0756293799414653
2024-10-10 19:00:00+00:00,59659.26953125,183.33999633789065,0.0056463222316912465,0.005551540426928021,0.0030731183566009923,0.00286559847747323,0.00019973914199439153,1.0389544936244368
2024-10-11 13:00:00+00:00,61779.76953125,196.2332000732422,0.03492642185780466,0.06796141571667787,0.003176334284866209,0.002873919782165707,0.00020213695628036057,1.4960871493536196
2024-10-11 14:00:00+00:00,61812.62890625,205.1999969482422,0.0005317378121899689,0.044681350148608585,0.003319709913316662,0.002884703271551182,0.00020838215544138203,2.087542672951416
2024-10-11 15:00:00+00:00,62416.00390625,206.1300048828125,0.009714020527817249,0.004521962974618381,0.0033025184565231634,0.0028948239226314148,0.00021370448102972628,1.9077491118917547
2024-10-11 16:00:00+00:00,62244.48046875,205.8419952392578,-0.0027518511034352994,-0.001398200316478066,0.0033069919403151144,0.0029057604779303735,0.00021775683610852895,1.8425665506306728
2024-10-11 17:00:00+00:00,62881.37890625,208.6067047119141,0.010180212806176288,0.013341822443603664,0.003317463903311127,0.002917823559690649,0.00022020938126841977,1.8148197925016856
2024-10-11 18:00:00+00:00,62884.65625,209.6000061035156,5.211810560253061e-05,0.004750298040468915,0.0033330866160776,0.002931059695789077,0.00022091492074928387,1.8198269221696557
2024-10-11 19:00:00+00:00,63017.21875,212.6300048828125,0.0021058073835124283,0.01435260741578956,0.003374157239886321,0.002944431748429025,0.00022307422244616912,1.9263789726354181
2024-10-14 13:00:00+00:00,65170.828125,221.9900054931641,0.03360394487381545,0.043078771575270035,0.0034062787274603793,0.00295890920242785,0.00022440900892042114,1.9935453000960992
2024-10-14 14:00:00+00:00,65960.3515625,223.5626983642578,0.012041880197919859,0.007059543748776324,0.003389349708853863,0.002971261717928047,0.00022739451932376055,1.8386018808595346
2024-10-14 15:00:00+00:00,65974.3984375,209.44000244140625,0.00021293669867975844,-0.06525459048813043,0.003174564791823249,0.002980253512005358,0.0002245234222998617,0.8654387939908518
2024-10-14 16:00:00+00:00,65668.2265625,207.8999938964844,-0.00465156976406066,-0.007380148312391259,0.003165914549232036,0.00298911521052683,0.00022110083652054148,0.7996321564743616
2024-10-14 17:00:00+00:00,65672.828125,204.889892578125,7.007043628267112e-05,-0.014584440037529981,0.0031198579142677207,0.002996783448795997,0.00021743272036229706,0.5660347038230993
2024-10-14 18:00:00+00:00,65765.4765625,205.1199951171875,0.0014097633572595935,0.001122424459144402,0.0031189615865134406,0.0030029316225760423,0.00021554561538795745,0.5383081614931378
2024-10-14 19:00:00+00:00,65904.421875,201.66000366210935,0.0021105106895904693,-0.017012020802752444,0.0030598857849719868,0.0030074125226721635,0.00021385375771015925,0.2453698399395977
2024-10-15 13:00:00+00:00,67642.265625,194.6425018310547,0.02602747978266055,-0.03541857709960151,0.002877527830160622,0.003009457113541307,0.00021197637128824202,-0.62237730827692
2024-10-15 14:00:00+00:00,65376.83984375,195.6300048828125,-0.0340649538979029,0.0050605930073583365,0.0029923441596499045,0.0030135158035179297,0.00020921480109035618,-0.1011957268686817
2024-10-15 15:00:00+00:00,65932.53125,198.8000030517578,0.008463900466271698,0.016074164540721785,0.0030152035616220606,0.0030182980057920183,0.00020583626339424209,-0.015033522854186474
2024-10-15 16:00:00+00:00,66903.71875,196.8999938964844,0.014622586905077546,-0.009603354926336276,0.0029430351193517833,0.003021876850115972,0.00020254922942843643,-0.38924725108393826
2024-10-15 17:00:00+00:00,66828.609375,200.33999633789065,-0.0011232793738141659,0.017319950257114792,0.0029978178240057185,0.003027224385384567,0.00019746034156126448,-0.1489238859121727
2024-10-15 18:00:00+00:00,66949.7734375,197.33999633789065,0.001811415164142904,-0.015087794032485544,0.0029475827356176877,0.0030316446864920446,0.00019251620348605973,-0.4366487046397836
2024-10-15 19:00:00+00:00,66998.140625,194.3699951171875,0.0007221790640137263,-0.015164576862910567,0.0029011252148788643,0.0030359162655746383,0.00018653859230530266,-0.7225906930570436
2024-10-16 13:00:00+00:00,67401.390625,194.75,0.006000782983609232,0.001953150742107379,0.0028894062599320444,0.003039604251850541,0.00018125655398467397,-0.8286486122382993
2024-10-16 14:00:00+00:00,67633.8828125,197.88499450683597,0.003443432390776069,0.015969341369142208,0.0029258263207426432,0.0030439557931181407,0.000175134998977172,-0.6745052277694367
2024-10-16 15:00:00+00:00,67705.859375,198.3600006103516,0.0010636427722182516,0.0023975385779225465,0.0029297316722870646,0.0030482159365430627,0.00016898730165586557,-0.7011430036162449
2024-10-16 16:00:00+00:00,67761.9609375,197.8612060546875,0.00082826409368406,-0.002517759326186849,0.0029199451036723105,0.0030522176675299487,0.00016284746116570516,-0.8122482408432791
2024-10-16 17:00:00+00:00,67965.328125,197.05999755859372,0.002996705247636428,-0.004057566866559044,0.002899419498073581,0.0030557339792836534,0.0001570334218995878,-0.9954217345529475
2024-10-16 18:00:00+00:00,67810.15625,196.8999938964844,-0.002285713702618247,-0.0008122838581448095,0.0029036947381533926,0.0030581819519629725,0.0001533973948426377,-1.007104546775779
2024-10-16 19:00:00+00:00,67783.28125,193.92999267578125,-0.0003964056203224643,-0.015198723206215216,0.00286102987491154,0.0030596436612285306,0.00015103672624648413,-1.3150032528701865
2024-10-17 13:00:00+00:00,67046.0390625,191.5,-0.010936041707247794,-0.012609422820115688,0.0028562462850562223,0.0030610114366374447,0.00014876224195702496,-1.3764591665698058
2024-10-17 14:00:00+00:00,67104.9765625,197.91000366210935,0.0008786739856927556,0.032924591786101014,0.002949259709192814,0.00306335464467892,0.00014579783333800155,-0.7825557683124205
2024-10-17 15:00:00+00:00,67548.0390625,195.6100006103516,0.006580826978563465,-0.011689516248286215,0.0028958649773587067,0.0030647934115639102,0.00014366095150078112,-1.175882746428037
2024-10-17 16:00:00+00:00,67351.9296875,196.46499633789065,-0.0029074804830142536,0.004361395597720112,0.0029169913504995394,0.0030662496104894034,0.00014166570101754487,-1.05359489924367
2024-10-17 17:00:00+00:00,67278.546875,194.72999572753903,-0.0010901368195524353,-0.008870317983184077,0.0028943846853490625,0.0030643470609696233,0.0001432119906107309,-1.186788724154676
2024-10-17 18:00:00+00:00,66913.6796875,192.55999755859372,-0.00543799139477585,-0.011206180976913132,0.0028777373843119473,0.0030627566577814277,0.00014476324310892406,-1.2780818493425607
2024-10-17 19:00:00+00:00,66800.8515625,193.7100067138672,-0.0016875974618911689,0.005954449169719744,0.0028998134332558446,0.003060948357427513,0.00014612610145249715,-1.1027114428564306
2024-10-18 13:00:00+00:00,68120.2265625,205.6634063720703,0.0195583533181727,0.05987865282196364,0.0030191239335261907,0.0030618653176703653,0.00014568004569281558,-0.2933921659682898
2024-10-18 14:00:00+00:00,68415.6015625,209.77999877929688,0.004326709917117691,0.01981847392666825,0.0030662596540593982,0.0030635169294772184,0.00014514895731116776,0.01889593031178353
2024-10-18 15:00:00+00:00,68779.8203125,210.04010009765625,0.005309500866089494,0.0012391086197870039,0.0030538041411469594,0.00306522582605901,0.0001444067226861075,-0.07909385864865444
2024-10-18 16:00:00+00:00,68833.4453125,213.5800018310547,0.0007793580432927992,0.01671301298227851,0.0031028521216890045,0.003067970661560691,0.00014351302218337288,0.24305432076919112
2024-10-18 17:00:00+00:00,68745.1328125,216.1999969482422,-0.0012838119616163648,0.012192412773114008,0.003144949876494097,0.00306971921652921,0.00014380573669612616,0.5231408822295854
2024-10-18 18:00:00+00:00,68824.34375,217.16000366210935,0.0011515773445236242,0.004430534811226929,0.003155278958429725,0.003070725352288782,0.00014419563093447202,0.5863811933342639
2024-10-18 19:00:00+00:00,68585.34375,215.8800048828125,-0.0034786519838628767,-0.005911705532275218,0.0031476113274246367,0.0030706659294375224,0.0001441626459679109,0.5337401895650664
2024-10-21 13:00:00+00:00,67344.1875,213.9199981689453,-0.018262267709938478,-0.009120615574517947,0.0031765176195636085,0.0030714451561128036,0.00014461314879794186,0.7265761400273193
2024-10-21 14:00:00+00:00,67216.953125,211.8500061035156,-0.0018911018787102173,-0.009723598910982357,0.00315173473735932,0.0030710746750286224,0.00014437433425844442,0.55868699062749
2024-10-21 15:00:00+00:00,67216.1796875,213.92999267578125,-1.1506649943069653e-05,0.009770318588680731,0.003182715734074443,0.0030726499574023204,0.0001450782696400249,0.7586648017323562
2024-10-21 16:00:00+00:00,67261.8046875,217.92990112304688,0.0006785497561200613,0.018524632126123958,0.0032400245895208217,0.003075259469684504,0.00014667521627255306,1.1233330621456181
2024-10-21 17:00:00+00:00,67553.9375,217.1501007080078,0.0043338153986353135,-0.003584633845579292,0.003214469929425029,0.0030775582957315926,0.0001477724063356792,0.9265033783264538
2024-10-21 18:00:00+00:00,67311.2578125,220.32699584960935,-0.003598852155510962,0.014523964853914129,0.0032732562577176155,0.0030791977505238784,0.00014940716315933237,1.298856782300238
2024-10-21 19:00:00+00:00,67844.125,219.0500030517578,0.007885293762681968,-0.0058127594145661685,0.0032287247134775163,0.0030808326781361856,0.00015051213577339865,0.9825920985134874
2024-10-22 13:00:00+00:00,66892.078125,216.50169372558597,-0.01413224802441445,-0.011701657566882207,0.003236581965969322,0.003082715785982318,0.0001517578744119914,1.013892561313088
2024-10-22 14:00:00+00:00,67539.8984375,217.8623046875,0.009637964772165922,0.006264862728238121,0.003225683036658771,0.003084541775214273,0.00015282205156991898,0.9235660691279439
2024-10-22 15:00:00+00:00,67274.59375,216.66000366210935,-0.003935853270371907,-0.005533911933065234,0.003220532322606695,0.003087154374692035,0.00015379784624210293,0.8672289708446329
2024-10-22 16:00:00+00:00,66926.96875,216.6999969482422,-0.005180651715531869,0.00018457303945939126,0.0032378576378934267,0.003089507400359221,0.0001550211292079657,0.9569678552346831
2024-10-22 17:00:00+00:00,67289.8203125,216.10499572753903,0.00540696062002297,-0.002749513548199362,0.003211555547688015,0.0030919313656630264,0.00015578438010351077,0.7678830313122809
2024-10-22 18:00:00+00:00,67326.3828125,219.1186065673828,0.0005432109961549919,0.013848784801848642,0.0032545726862768668,0.00309545331604926,0.0001570488555664827,1.0131838888838494
2024-10-22 19:00:00+00:00,67512.328125,219.63999938964844,0.0027580422428816584,0.0023766739187060827,0.0032533317319909626,0.0030983750458317403,0.00015834450745452717,0.9786047438602957
2024-10-23 13:00:00+00:00,66722.875,220.35899353027344,-0.011762372441222529,0.0032681655738009113,0.0033026003979935432,0.003102116071864093,0.00016049524905333799,1.2491605035786602
2024-10-23 14:00:00+00:00,66435.046875,214.93930053710935,-0.004323116029797239,-0.024902340021814004,0.003235330004982545,0.003105682668069684,0.00016104646045462704,0.8050306510734373
2024-10-23 15:00:00+00:00,66156.2421875,214.3300018310547,-0.004205481376409419,-0.002838773291588824,0.0032397547796563274,0.0031084550869621345,0.00016191096045649821,0.810937643282464
2024-10-23 16:00:00+00:00,65816.734375,212.0,-0.005145122438019438,-0.010930617220184938,0.0032210653113249363,0.003110920869540867,0.0001624892153362951,0.6778569368810685
2024-10-23 17:00:00+00:00,65617.546875,208.6580047607422,-0.0030309847719797106,-0.015889703832885283,0.0031799116958491475,0.003110980493057249,0.00016251427926039635,0.4241547456974554
2024-10-23 18:00:00+00:00,65956.9609375,213.88999938964844,0.0051592792711017,0.024765290484662958,0.0032428722662393127,0.00310969986560596,0.00016113851475972192,0.8264467426172439
2024-10-23 19:00:00+00:00,66391.90625,213.94000244140625,0.006572732922835669,0.00023375196583450385,0.0032223807768948683,0.003108364237612155,0.00015984009912645326,0.713316244833608
2024-10-24 13:00:00+00:00,67845.2578125,226.72000122070312,0.021654336385374548,0.058020168036933786,0.003341722156134715,0.0031089430745424814,0.00016063251199930064,1.4491405176633676
2024-10-24 14:00:00+00:00,67720.078125,227.66000366210935,-0.0018467807011646304,0.00413752265638293,0.0033617799914803237,0.0031096816760119686,0.00016170585711903736,1.558993099939334
2024-10-24 15:00:00+00:00,67660.9453125,223.3446044921875,-0.0008735761447072675,-0.01913741366403321,0.003300938280726707,0.003109145870422786,0.00016100480915614884,1.1912216244293226
2024-10-24 16:00:00+00:00,67532.578125,222.6999969482422,-0.001899014432247121,-0.0028903297590340254,0.0032976676314064855,0.003107871043614789,0.00015916318686503983,1.1924653654530781
2024-10-24 17:00:00+00:00,67610.1953125,229.25,0.0011486695745543303,0.028987550576700147,0.0033907608007991584,0.003107612411503769,0.0001586819513108175,1.7843767798189838
2024-10-24 18:00:00+00:00,67754.0234375,232.81500244140625,0.0021250546186247317,0.015431046121147785,0.0034361797370774222,0.0031083929119741617,0.0001601991224131225,2.0461212281672916
2024-10-24 19:00:00+00:00,68237.1171875,235.8500061035156,0.007104812562442774,0.012951878351350875,0.0034563301590753563,0.003113089001428364,0.000166189609159468,2.065358715162714
2024-10-25 13:00:00+00:00,68353.6640625,243.38999938964844,0.0017065119946932166,0.03146905695830021,0.00356074546592121,0.0031196695167065164,0.00017585277770580294,2.5082114423725637
2024-10-25 14:00:00+00:00,68305.640625,243.5399932861328,-0.0007028199007247108,0.0006160799436665565,0.0035654448308767737,0.0031270959653166676,0.00018503019602749158,2.3690666441004944
2024-10-25 15:00:00+00:00,67655.4296875,238.9149932861328,-0.009564736332234116,-0.019173360474522318,0.0035313498767161728,0.0031339691034867126,0.00019224167735137592,2.0670896067096556
2024-10-25 16:00:00+00:00,67658.734375,236.82000732421875,4.884466491086934e-05,-0.008807422206341417,0.0035002133798666514,0.0031413078967349574,0.000197693048618814,1.815468402349974
2024-10-25 17:00:00+00:00,66785.5390625,235.7700042724609,-0.01298988151006822,-0.0044436181626743764,0.0035302553154781,0.003152186688156915,0.00020086546774095195,1.8821982273666116
2024-10-25 18:00:00+00:00,66937.1484375,233.2028045654297,0.002267520086449957,-0.010948290825103532,0.003483907068183131,0.003160379403299136,0.00020423195409929697,1.5841187355368347
2024-10-25 19:00:00+00:00,66850.453125,234.3489990234375,-0.001296014333500692,0.004902972228257662,0.0035055708386185678,0.003168552191249077,0.0002080989093251452,1.6195118391654524
2024-10-28 13:00:00+00:00,68913.34375,246.7400054931641,0.030391745868424833,0.05152371983562814,0.0035804387375001534,0.0031791755848848834,0.00021261190056307862,1.8873033520351865
2024-10-28 14:00:00+00:00,68872.125,245.60580444335935,-0.000598303313165317,-0.004607343185535325,0.003566113350551611,0.003188647176993982,0.00021700866689889156,1.739405982957802
2024-10-28 15:00:00+00:00,68445.5078125,248.9600067138672,-0.00621360201688821,0.013564438236932177,0.0036373461848784815,0.0032001432344816614,0.00022222915732508707,1.9673518797412324
2024-10-28 16:00:00+00:00,68703.90625,252.45480346679688,0.0037681348478627807,0.013939968564905788,0.003674533476279551,0.003213033372171673,0.00022697073245377247,2.0333022637703864
2024-10-28 17:00:00+00:00,68968.4296875,252.7350006103516,0.0038428019866088366,0.001109274850858204,0.003664502755181011,0.0032259516470924893,0.00023027265623817145,1.9044862523100767
2024-10-28 18:00:00+00:00,69139.8515625,256.8599853515625,0.00248242844643419,0.0161896209825858,0.0037150786347779482,0.003239105852326411,0.0002353249570092705,2.022619226199567
2024-10-28 19:00:00+00:00,69480.671875,255.3699951171875,0.0049173237959730795,-0.005817677580873523,0.003675410559883673,0.0032515338337863542,0.0002383799281756614,1.778156111302145
2024-10-29 13:00:00+00:00,71699.09375,255.5,0.03142949668059736,0.0005089548686020272,0.003563503897146538,0.003262259813677592,0.0002376846598831252,1.2674107097070317
2024-10-29 14:00:00+00:00,71859.3046875,256.0,0.0022319976505100485,0.001955034835803295,0.0035625170757396913,0.0032733114399720264,0.00023593732567846141,1.2257731367261417
2024-10-29 15:00:00+00:00,72382.2578125,261.6084899902344,0.007251105815502365,0.021671628667968536,0.0036142626369559876,0.0032851542382854033,0.0002349011684495184,1.4010504964402146
2024-10-29 16:00:00+00:00,72670.1640625,259.0,0.003969690741566091,-0.010021011447993215,0.003564048648317994,0.0032968712178421773,0.000230886219580639,1.1571822301092458
2024-10-29 17:00:00+00:00,72777.3515625,258.8999938964844,0.0014738996254936177,-0.0003861985168457509,0.003557425329968834,0.003308557535257388,0.00022589716612788117,1.1016862184564142
2024-10-29 18:00:00+00:00,73132.0234375,254.27999877929688,0.0048615460595948495,-0.018005845915109793,0.003476999361252589,0.0033173531961250505,0.0002219092100247909,0.7194210871630949
2024-10-29 19:00:00+00:00,72787.375,258.3900146484375,-0.004723828114423145,0.016034110892801715,0.0035499290178885763,0.0033282542634672156,0.00021686078289429356,1.0221984420733816
2024-10-30 13:00:00+00:00,71981.515625,251.17999267578125,-0.0111331612085542,-0.02830034372964706,0.003489506861516314,0.003337796188650828,0.0002109739186594278,0.719096814570668
2024-10-30 14:00:00+00:00,72418.328125,254.8950042724609,0.006050059626807242,0.014681927985091919,0.0035197582003341906,0.003348219080567247,0.00020403006918630028,0.8407541126220522
2024-10-30 15:00:00+00:00,72037.6640625,253.96499633789065,-0.005270324032331193,-0.003655264587264447,0.0035254474120308813,0.0033590142476958964,0.0001956792860243003,0.850540533525437
2024-10-30 16:00:00+00:00,72149.453125,251.94000244140625,0.0015506112762265066,-0.008005474213980302,0.0034919183934064815,0.0033688826636984067,0.0001868602115813123,0.6584372813606486
2024-10-30 17:00:00+00:00,71875.6796875,252.3999938964844,-0.003801749901533147,0.001824132870557634,0.003511618881294275,0.003377090912827874,0.00018198936078589058,0.7392078739408968
2024-10-30 18:00:00+00:00,71966.2265625,247.2250061035156,0.0012589778503429474,-0.02071622864098728,0.0034352920517349878,0.0033832414527891347,0.00017748664650413547,0.2932648735612924
2024-10-30 19:00:00+00:00,71907.421875,247.2400054931641,-0.0008174490799835079,6.0669164860294576e-05,0.003438309969212258,0.003389649883256889,0.00017225466916429637,0.2824892131600626
2024-10-31 13:00:00+00:00,71193.921875,245.8000030517578,-0.009972036515090802,-0.0058413374614668685,0.0034525419667612296,0.0033954780473414267,0.00016825590881490064,0.339149571754887
2024-10-31 14:00:00+00:00,70652.5859375,243.5249938964844,-0.00763273730135663,-0.009298627953728095,0.003446795197445556,0.0034005088026906175,0.00016512160776793806,0.2803170062393607
2024-10-31 15:00:00+00:00,70620.734375,246.2700042724609,-0.00045092113598295234,0.011208930783150566,0.003487219531940203,0.0034060411455824587,0.00016230272200995786,0.5001665120118177
2024-10-31 16:00:00+00:00,70348.375,250.5178985595703,-0.0038641049106085913,0.017101856931034158,0.0035611042694244227,0.0034129326946157885,0.00015990448607334603,0.9266255028059055
2024-10-31 17:00:00+00:00,70696.3671875,244.6699981689453,0.004934503593926126,-0.023620012959975276,0.0034608567300217093,0.00341767167979009,0.00015696563274640075,0.2751242388287045
2024-10-31 18:00:00+00:00,70565.609375,245.7998962402344,-0.0018512816120344858,0.004607418652955393,0.00348328170644717,0.003423197462608221,0.00015323652613915317,0.39210131783062374
2024-10-31 19:00:00+00:00,70151.484375,244.4199981689453,-0.005885940144897837,-0.005629725482557403,0.0034841742886348626,0.003428221771850895,0.00015012856830178367,0.3726973314732065
2024-11-01 13:00:00+00:00,71043.7109375,254.00999450683597,0.012638368276629085,0.03848556517808961,0.003575404369435301,0.0034338114348494695,0.00014924365880113988,0.9487366881999134
2024-11-01 14:00:00+00:00,71136.3046875,244.41000366210935,0.0013024863259886465,-0.03852645672238897,0.0034357984257939226,0.003437500243122284,0.00014643928142960076,-0.011621317120294617
2024-11-01 15:00:00+00:00,69392.5,235.5352020263672,-0.024819028432872117,-0.03698677786938236,0.003394245805041859,0.0034395167355776883,0.00014496488240751962,-0.3122889473918624
2024-11-01 16:00:00+00:00,69940.734375,233.47000122070312,0.007869439142993368,-0.008806785678876803,0.003338111950167854,0.0034413398561891936,0.00014294270741301604,-0.7221628013738032
2024-11-01 17:00:00+00:00,69681.5078125,227.71209716796875,-0.00371326024129667,-0.024971495108335375,0.003267898533147413,0.0034418617989754956,0.00014223781661365013,-1.2230451083245044
2024-11-01 18:00:00+00:00,69096.7734375,228.3125,-0.00842693582962664,0.0026332052379680502,0.0033042425665000866,0.0034431711244728505,0.00014056587380896122,-0.988351967715702
2024-11-01 19:00:00+00:00,69188.1953125,229.6199951171875,0.0013222245215171401,0.005710442845411839,0.0033187741648711975,0.0034448084885105924,0.00013848531940203557,-0.9100915835959893
2024-11-04 14:00:00+00:00,68279.7734375,229.94720458984372,-0.013216680320000425,0.0014239899111873635,0.003367720673536304,0.003446972872437974,0.00013619189110000742,-0.5819156945509636
2024-11-04 15:00:00+00:00,68648.6640625,224.99989318847656,0.0053880921186252395,-0.021749809825674957,0.0032775567632842683,0.003448072892697911,0.00013451441479409024,-1.2676420566127635
2024-11-04 16:00:00+00:00,67607.921875,225.9499969482422,-0.01527650821781319,0.00421379486452175,0.0033420639280408613,0.0034495310800606444,0.00013284510743119762,-0.8089658256736463
2024-11-04 17:00:00+00:00,67803.484375,227.3999938964844,0.0028884219044804584,0.006396832125049981,0.0033538098519953004,0.0034512057153940497,0.00013094970160302502,-0.7437654473929661
2024-11-04 18:00:00+00:00,67628.3125,224.3354949951172,-0.0025868662563399607,-0.013567877609175135,0.0033171830953953965,0.003451448760350748,0.000130682472902179,-1.0274190713842286
2024-11-04 19:00:00+00:00,67844.421875,221.88999938964844,0.003190450968770198,-0.010960916039191285,0.0032705710102220314,0.0034520361104380722,0.00012977068170418185,-1.3983520609816837
2024-11-04 20:00:00+00:00,67363.5078125,223.0,-0.007113726120479263,0.004990010632487807,0.0033103976803093385,0.0034532134921156222,0.0001281220464100805,-1.1146856907762221
2024-11-05 14:00:00+00:00,69984.84375,234.82650756835935,0.03817525656940961,0.051675204365185495,0.0033553908958803575,0.0034554522518582126,0.00012513558934894653,-0.7996234844016217
2024-11-05 15:00:00+00:00,69542.453125,234.33999633789065,-0.006341298331733621,-0.002073939212628478,0.0033697401487501905,0.0034586160594065637,0.00012035958930356297,-0.7384198564537827
2024-11-05 16:00:00+00:00,70156.015625,228.78900146484372,0.00878415419670221,-0.023972848783245432,0.003261145882168871,0.003458920619672056,0.00011982635279979757,-1.650511201268235
2024-11-05 17:00:00+00:00,70016.5234375,230.5200042724609,-0.001990293312514731,0.007537457273049047,0.0032923657581804067,0.003460087036026815,0.0001178084287890891,-1.423678081189568
2024-11-05 18:00:00+00:00,70200.203125,232.2449951171875,0.002619941244803049,0.0074551828100270145,0.003308323691081734,0.003459530394942599,0.00011845431106983527,-1.276498107120141
2024-11-05 19:00:00+00:00,68814.109375,228.8650054931641,-0.019942402507443863,-0.01466049384218861,0.0033258441847437495,0.003458931464830323,0.00011904630513662465,-1.1179454913265425
2024-11-05 20:00:00+00:00,69473.1640625,227.7899932861328,0.00953174736812795,-0.004708211650999185,0.0032788199063627874,0.0034585628252575907,0.00011957690361398509,-1.5031574949878652
2024-11-06 14:00:00+00:00,73571.2890625,245.4499969482422,0.05731430596197905,0.07466912565142508,0.0033362198770192602,0.0034592053626844705,0.00011879873873061812,-1.0352423517229907
2024-11-06 15:00:00+00:00,74490.7421875,252.7100067138672,0.012419996355504014,0.029149364723656267,0.003392502199505182,0.0034592343859962374,0.00011878194539093489,-0.5618041215895795
2024-11-06 16:00:00+00:00,74321.578125,254.47999572753903,-0.002273523254134866,0.006979617857503131,0.0034240391841456074,0.0034590320434473736,0.00011883221409857176,-0.2944728377503722
2024-11-06 17:00:00+00:00,74501.4140625,258.0751037597656,0.0024167774399503367,0.014028411752428069,0.0034640296027571207,0.0034591603675087363,0.00011883340416225284,0.04097530726070936
2024-11-06 18:00:00+00:00,75264.3828125,258.1300048828125,0.010188913176112379,0.000212710499507634,0.003429643547677401,0.0034569753355380064,0.0001181371328478603,-0.23135645162308152
2024-11-06 19:00:00+00:00,75856.9375,259.2799987792969,0.007842145940459448,0.0044452012214031555,0.0034180130034816773,0.0034545181384147547,0.00011737356776125402,-0.3110166592816819
2024-11-06 20:00:00+00:00,76287.8671875,257.9100036621094,0.005664746038997354,-0.005297853071604393,0.003380747334674061,0.003452008096047386,0.00011731297462050083,-0.607441432662062
2024-11-07 14:00:00+00:00,74856.1796875,261.7596130371094,-0.018945242652736526,0.014815874047875197,0.0034968337167334738,0.0034519517683284998,0.00011729024576587833,0.38265712644649347
2024-11-07 15:00:00+00:00,75996.96875,264.8800048828125,0.015124786209574454,0.011850336571532786,0.003485402236951885,0.0034512042170197293,0.00011692508551471255,0.2924780408037649
2024-11-07 16:00:00+00:00,75991.2421875,269.82000732421875,-7.535535114712569e-05,0.018478185482457728,0.0035506724137824683,0.0034523169727797187,0.00011755757434773564,0.8366576254101151
2024-11-07 17:00:00+00:00,76416.4140625,271.7131042480469,0.005579417575520975,0.006991648691757491,0.003555690326240855,0.0034531522975734235,0.00011811911711353945,0.8680900363390706
2024-11-07 18:00:00+00:00,76615.9375,275.0199890136719,0.0026075996156240413,0.01209703650015827,0.0035895924266889233,0.003453304859059903,0.00011829209025354696,1.1521274781509219
2024-11-07 19:00:00+00:00,76547.3203125,276.2900085449219,-0.0008960006867259278,0.004607287310015313,0.003609401444975264,0.003454026327300297,0.00011912087976570149,1.3043483055243883
2024-11-07 20:00:00+00:00,76585.3203125,270.8949890136719,0.0004963017763542963,-0.019719818287588918,0.0035371659726473365,0.0034523566570964447,0.00011719432061669368,0.7236640402419906
2024-11-08 14:00:00+00:00,75779.34375,276.4150085449219,-0.010579671935815266,0.02017213913963889,0.003647630011904423,0.003451908266023526,0.00011637848097042846,1.6817692089539242
2024-11-08 15:00:00+00:00,76407.40625,265.260009765625,0.00825388630278111,-0.0411928766279837,0.0034716531130203755,0.003448694105320849,0.00011302217358325456,0.20313719840659936
2024-11-08 16:00:00+00:00,75969.90625,267.4200134277344,-0.005742340444463469,0.008109992517172152,0.003520078233974843,0.0034454440986407967,0.00010792086831483911,0.6915635177833714
2024-11-08 17:00:00+00:00,76499.21875,270.1499938964844,0.006943236887426099,0.010156831298339962,0.003531408533456224,0.003443044064867006,0.00010425909839429983,0.8475468323640232
2024-11-08 18:00:00+00:00,76855.3515625,272.8900146484375,0.004644575665199991,0.010091499565657202,0.0035506963288889385,0.0034428306053960463,0.0001040211289766501,1.0369597461022095
2024-11-08 19:00:00+00:00,77094.2734375,266.6400146484375,0.003103899302362237,-0.023169348326052896,0.0034586228361643675,0.0034410990347364576,0.00010285319176292215,0.17037683641653512
2024-11-08 20:00:00+00:00,76637.359375,270.3900146484375,-0.005944325179686241,0.013965926475028595,0.003528174990025059,0.003439664240620942,0.00010098003117750215,0.8765173507278244
2024-11-11 14:00:00+00:00,82513.703125,315.67498779296875,0.07387969988273922,0.15484774924348074,0.0038257280407686073,0.003444025563828452,0.00011154185530431822,3.422056015643286
2024-11-11 15:00:00+00:00,84177.4140625,321.114013671875,0.019962265694422256,0.01708307819084499,0.003814728894302389,0.003448313956567345,0.00012055743248575156,3.039339260798788
2024-11-11 16:00:00+00:00,84298.703125,320.4818115234375,0.0014398371173169925,-0.001970718412494769,0.0038017407106277767,0.0034537263123902645,0.0001288700290883265,2.700506864935879
2024-11-11 17:00:00+00:00,84757.25,324.20001220703125,0.005424807480049818,0.011535122520878113,0.0038250416596460036,0.003458311523086221,0.00013698943770809477,2.677068704678042
2024-11-11 18:00:00+00:00,85812.25,330.7099914550781,0.01237048187102135,0.019881185625303246,0.0038538785715917963,0.0034643843849208127,0.0001461649647466016,2.6647575042776417
2024-11-11 19:00:00+00:00,86267.7578125,337.1650085449219,0.00529415220520037,0.019330617537525234,0.003908354837246824,0.0034708609955360235,0.00015687706145554092,2.7887687189677934
2024-11-11 20:00:00+00:00,86909.9921875,340.239990234375,0.007417088156853842,0.009078772126028105,0.003914854686677911,0.0034773511167801403,0.00016690795965252966,2.6212265179477927
2024-11-12 14:00:00+00:00,87062.65625,347.20001220703125,0.0017550356686157052,0.020249795701483005,0.003987932681608612,0.003485618021583509,0.00017945390695765163,2.799129138735561
2024-11-12 15:00:00+00:00,86629.59375,342.3599853515625,-0.0049865598190976,-0.014038245717936597,0.003951998047452029,0.003492957674352806,0.000189272498036989,2.425288289952798
2024-11-12 16:00:00+00:00,87119.3359375,346.4735107421875,0.005637369799954347,0.011943595406402056,0.00397699898666296,0.0035019861232682714,0.000199137995203158,2.385345212047992
2024-11-12 17:00:00+00:00,86998.671875,347.9800109863281,-0.0013860034735327384,0.004338670797132528,0.00399983130186524,0.0035113448121458215,0.00020904304125312243,2.3367746986034725
2024-11-12 18:00:00+00:00,88985.8671875,354.3500061035156,0.022584708743246414,0.0181401040505119,0.003982093081779752,0.0035201706640627965,0.00021752510128676865,2.1235361573650855
2024-11-12 19:00:00+00:00,88885.8984375,354.4750061035156,-0.0011240542890502399,0.00035269636128275274,0.003987977984525456,0.003529190377180795,0.00022550476067704304,2.034491892620016
2024-11-12 20:00:00+00:00,89752.15625,356.9599914550781,0.00969854496177009,0.006985867904097375,0.003977174547882554,0.0035373562941131676,0.0002327149548187387,1.8899440910961678
2024-11-13 14:00:00+00:00,91753.9375,369.0,0.022058349395740987,0.033172937294342654,0.004021625774915654,0.003545031652538021,0.00024095984114628382,1.977898558159733
2024-11-13 15:00:00+00:00,92732.4296875,360.8500061035156,0.010607844665320724,-0.02233426760797152,0.0038913032616480327,0.00355220576139846,0.0002447886531202044,1.3852664162625934
2024-11-13 16:00:00+00:00,92446.6875,355.4831848144531,-0.0030861191977476434,-0.0149844284079363,0.003845277688445604,0.0035582390277651005,0.0002475070349274799,1.1597192005657804
2024-11-13 17:00:00+00:00,92204.0234375,355.6300048828125,-0.0026283592515518304,0.0004129302411283206,0.003856990092453768,0.003564452624495416,0.00025028032737507596,1.1688392412878241
2024-11-13 18:00:00+00:00,92864.609375,342.6099853515625,0.007138851494422083,-0.0372981469990503,0.0036893493404797136,0.0035663517073461558,0.0002507966004146615,0.4904278324753856
2024-11-13 19:00:00+00:00,90493.640625,332.4024963378906,-0.025863040355754777,-0.030246158271815492,0.003673213874943388,0.003570308631498647,0.0002505746981088501,0.4106769127984288
2024-11-13 20:00:00+00:00,89622.96875,328.239990234375,-0.009667944114169841,-0.012601554612429159,0.003662453886681532,0.0035747787661926417,0.0002497716510881239,0.35102110310331797
2024-11-14 14:00:00+00:00,89179.0390625,331.79998779296875,-0.004965610902316758,0.010787322583561635,0.003720605102735307,0.003581153652068766,0.00024850681441995526,0.5611574515251724
2024-11-14 15:00:00+00:00,88157.9765625,326.0,-0.01151563061943429,-0.017634959599306534,0.0036979070154687685,0.003588320460107455,0.00024550202326009,0.44637740213332217
2024-11-14 16:00:00+00:00,89093.8828125,327.04998779296875,0.010560283552912808,0.003215645715849835,0.0036708467233519558,0.0035944305293883197,0.00024285985774581578,0.31465139884754245
2024-11-14 17:00:00+00:00,89237.53125,333.54998779296875,0.0016110282007696826,0.019679715475660872,0.0037377769546148077,0.0036014139092173797,0.00024081462842169833,0.566257317054005
2024-11-14 18:00:00+00:00,89114.8046875,334.5799865722656,-0.0013762262347193214,0.0030832312118103185,0.0037544826333350723,0.0036078599418806925,0.00023962661124274075,0.6118798354405287
2024-11-14 19:00:00+00:00,89422.859375,334.7300109863281,0.003450868418415977,0.00044829575868353535,0.003743226433664106,0.00361562110305369,0.00023626484765707214,0.5400944400989751
2024-11-14 20:00:00+00:00,87757.3203125,327.69000244140625,-0.01880106597012084,-0.021256222554797446,0.0037340474991090934,0.003622154162571494,0.00023398080637452247,0.47821587706855284
2024-11-15 14:00:00+00:00,89006.3359375,329.4664001464844,0.014132276276023304,0.005406329527802655,0.003701606146081946,0.003627950767472938,0.00023151534555101552,0.3181446933191636
2024-11-15 15:00:00+00:00,88353.375,339.8599853515625,-0.007363159131569235,0.031059348502853877,0.003846598789820564,0.0036367743623800237,0.00022955081488891519,0.9140652693482232
2024-11-15 16:00:00+00:00,89286.0703125,334.0487060546875,0.010501089797488636,-0.017246916148482415,0.0037413305892567755,0.003644620355363936,0.0002248183656110904,0.4301705229017493
2024-11-15 17:00:00+00:00,89510.2890625,334.3999938964844,0.0025080920922729935,0.0010510541023176412,0.003735883297874188,0.003651711782323351,0.0002207714279836405,0.381260910071545
2024-11-15 18:00:00+00:00,89296.0703125,334.0150146484375,-0.00239609881035278,-0.0011519169548703944,0.0037405343088393536,0.0036581308392060006,0.00021758584892221178,0.378717044520725
2024-11-15 19:00:00+00:00,90370.234375,348.3299865722656,0.011957465959924633,0.04196432175459912,0.0038544769633642507,0.0036662097861162343,0.0002156872714379474,0.8728710599975312
2024-11-15 20:00:00+00:00,91332.09375,340.0799865722656,0.010587298132584085,-0.02396942319164725,0.0037235540389904355,0.0036739165887299274,0.00020913003226139597,0.23735209010279879
2024-11-18 14:00:00+00:00,90159.453125,358.44500732421875,-0.0129224414400321,0.05259440712156383,0.003975678588325718,0.003685305135899016,0.00020658991480032671,1.405554829273025
2024-11-18 15:00:00+00:00,92421.390625,374.4599914550781,0.024778648018613538,0.04370971366663641,0.004051659349884167,0.0036976940635457234,0.0002058868971065327,1.7192220161309728
2024-11-18 16:00:00+00:00,91503.2578125,374.5,-0.009983875970301514,0.00010683760258591618,0.0040927504544962835,0.0037104758347082656,0.00020621571102059114,1.8537608890034907
2024-11-18 17:00:00+00:00,91569.4296875,372.0,0.0007229027856131653,-0.006697948684127581,0.004062491174942647,0.00372353702251793,0.00020320827299055887,1.6680135480530593
2024-11-18 18:00:00+00:00,90389.84375,359.0799865722656,-0.012965565753057249,-0.035348686779486306,0.003972570055164695,0.0037341428588203536,0.00019921780878242183,1.19681667919931
2024-11-18 19:00:00+00:00,90696.5390625,378.385009765625,0.003387285128575168,0.0523670541150875,0.004171989512244515,0.003747134314032676,0.00020195825471203385,2.103678301328299
2024-11-18 20:00:00+00:00,91381.1875,385.1700134277344,0.007520432918652695,0.01777260852419204,0.004214981485414975,0.003760316685720499,0.00020627877629961127,2.204127869335886
2024-11-19 14:00:00+00:00,91960.203125,403.260009765625,0.006316277497710962,0.04589670929368561,0.004385157884193451,0.0037756688237444375,0.00021780897706095536,2.798273370883348
2024-11-19 15:00:00+00:00,92462.5234375,415.6000061035156,0.005447501661753342,0.030141734484480345,0.004494794113903243,0.0037934213331815353,0.00023206891417304509,3.022260793613745
2024-11-19 16:00:00+00:00,92640.703125,416.3962097167969,0.0019251932647769679,0.0019139602829888254,0.004494743624246396,0.0038113668435276137,0.00024387764145312064,2.8021296935912186
2024-11-19 17:00:00+00:00,92841.4375,421.7424926757813,0.0021644612542410066,0.012757686660468419,0.004542610541502886,0.003830731230308094,0.00025498046957257877,2.7918974044879117
2024-11-19 18:00:00+00:00,93813.0625,424.4400024414063,0.010411040464256848,0.00637573790289101,0.004524316669028967,0.0038478559461796857,0.0002664221579817998,2.53905579015501
2024-11-19 19:00:00+00:00,93268.9296875,442.0499877929688,-0.0058170681262618915,0.04065231147976512,0.004739520323371019,0.0038687579142866716,0.00028598163813082334,3.0448192925100104
2024-11-19 20:00:00+00:00,92515.09375,430.9849853515625,-0.008115230369755044,-0.025349717511602584,0.0046585369790166,0.00388722232370724,0.00030049283992910925,2.5668320599296965
2024-11-20 14:00:00+00:00,94693.9453125,480.43011474609375,0.023278255811656077,0.10860852233082463,0.005073504046754243,0.00391251921904913,0.00033411699337172773,3.474785331895523
2024-11-20 15:00:00+00:00,94834.2734375,468.6000061035156,0.001480815380087449,-0.024932235957744825,0.004941251607862466,0.003935046872068689,0.0003567740265652042,2.820285841659727
2024-11-20 16:00:00+00:00,94164.6484375,495.38079833984375,-0.007086048907514066,0.05557721729387964,0.005260793796396356,0.003962570077925707,0.00039307744972378526,3.3027173636719884
2024-11-20 17:00:00+00:00,94207.8203125,494.4849853515625,0.00045836714932232073,-0.001809969083882546,0.005248874071295667,0.003991098546236512,0.00042268030768391,2.9757135645877977
2024-11-20 18:00:00+00:00,93707.0546875,489.2000122070313,-0.005329719750940308,-0.010745358542628163,0.005220524898989146,0.004017313461021258,0.0004489752007997665,2.679906230510256
2024-11-20 19:00:00+00:00,94029.71875,489.10540771484375,0.0034374126528670945,-0.0001934048213491076,0.005201604495013379,0.004046145984054474,0.0004684642471354034,2.4664817390534703
2024-11-20 20:00:00+00:00,94206.5,473.6799926757813,0.00187829210709113,-0.03204605118357261,0.005028103078617519,0.004071279731465186,0.0004800716126339162,1.9930846189857279
2024-11-21 14:00:00+00:00,97053.7578125,454.83990478515625,0.029775847916576958,-0.04058647334164936,0.004686473919576304,0.0040905308212338546,0.00048121356394524166,1.2384170833768582
2024-11-21 15:00:00+00:00,96864.7734375,477.2955017089844,-0.0019491116564433566,0.048190300095786766,0.004927441470938343,0.004113476573601344,0.000487814754655711,1.6685942554391942
2024-11-21 16:00:00+00:00,97180.3125,473.1600036621094,0.003252227069769377,-0.008702194098059985,0.004868887447363471,0.004136980983787996,0.0004896988972758603,1.4946050882429756
2024-11-21 17:00:00+00:00,97950.421875,466.6700134277344,0.007893306770859086,-0.013811206876837501,0.004764349193138525,0.00415758388717322,0.0004896552392121469,1.239168413558871
2024-11-21 18:00:00+00:00,98331.625,442.6499938964844,0.003884243213759003,-0.052843022271907195,0.004501603567483852,0.004168848479285141,0.0004896657580104267,0.6795555595938271
2024-11-21 19:00:00+00:00,98085.3828125,388.6099853515625,-0.0025073421008490965,-0.13020314394872304,0.00396195614686471,0.004171302266827845,0.00048822791308587865,-0.4287876918792885
2024-11-21 20:00:00+00:00,98163.9921875,397.0199890136719,0.0008011172438558797,0.02141039726029281,0.004044456426092943,0.004175347528752265,0.0004861149248003238,-0.26925958447601034
2024-11-22 14:00:00+00:00,97309.890625,414.75,-0.00873883493438675,0.043689299490507726,0.0042621566763270625,0.004182632779030284,0.0004840470739921159,0.16428959406967425
2024-11-22 15:00:00+00:00,98850.8671875,430.3478088378906,0.015711687491841663,0.03691781043044231,0.004353505650300552,0.004190959897008763,0.00048259100092365816,0.3368188652102583
2024-11-22 16:00:00+00:00,99081.84375,439.5350036621094,0.0023338908081538367,0.021123618735185794,0.004436080184086293,0.004199755319456087,0.0004821619241367812,0.490135891699248
2024-11-22 17:00:00+00:00,98997.2421875,431.7496948242188,-0.0008542200933935948,-0.01787134804411085,0.004361229517954533,0.004207194899977364,0.0004811341095129627,0.3201490289954562
2024-11-22 18:00:00+00:00,99163.2109375,445.010009765625,0.001675094966638446,0.03025076557652321,0.00448765228110759,0.004215523559969014,0.00048159921230832785,0.5650522554516857
2024-11-22 19:00:00+00:00,99341.765625,443.8200073242188,0.0017989950554184295,-0.0026776844380846337,0.0044676074008949225,0.004224117049193062,0.0004814173980954415,0.5057780476259148
2024-11-22 20:00:00+00:00,99331.953125,421.0,-9.878005072554034e-05,-0.05278625764812834,0.004238313923720102,0.004228472298144014,0.0004803246797909832,0.020489527168102484
2024-11-25 14:00:00+00:00,95947.4921875,419.7799987792969,-0.03466621757357532,-0.002902072072870657,0.004375101310193344,0.004234726798282815,0.00047973990690999016,0.2926054511801673
2024-11-25 15:00:00+00:00,96147.0703125,412.5249938964844,0.002077916149349266,-0.01743396640614703,0.004290562287084606,0.004239867951704563,0.0004786382562111749,0.10591367221945677
2024-11-25 16:00:00+00:00,95982.4140625,406.125,-0.0017140137636533568,-0.015635801214099295,0.004231243858229564,0.004243922382932965,0.00047749735562123766,-0.026552031239849987
2024-11-25 17:00:00+00:00,95284.4609375,406.0199890136719,-0.007298244643776704,-0.00025860157566409984,0.004261135394154067,0.004248655063704157,0.0004762141972325647,0.026207388445026108
2024-11-25 18:00:00+00:00,95037.2265625,402.4299926757813,-0.0025980697976801487,-0.008881241923069385,0.00423444588222625,0.004252202065492667,0.00047528622004071205,-0.037358927142671396
2024-11-25 19:00:00+00:00,94745.8515625,401.5,-0.003070613374158247,-0.0023136171037145188,0.004237652555533228,0.004257974553724087,0.00047292610436274076,-0.04297076859024881
2024-11-25 20:00:00+00:00,94901.34375,403.4500122070313,0.0016398051348607732,0.004845061164313787,0.004251257108327629,0.004264740877388787,0.00046981544058263006,-0.028700140302832192
2024-11-26 14:00:00+00:00,93397.765625,394.1000061035156,-0.015970442853257202,-0.023447894862946544,0.00421958709040065,0.004270784160687903,0.00046680401342194777,-0.10967572860384851
2024-11-26 15:00:00+00:00,92920.9921875,388.4309997558594,-0.00511783659084738,-0.014489152460462722,0.0041802287148641985,0.0042789654835943105,0.00046070268779243597,-0.21431776142490547
2024-11-26 16:00:00+00:00,94103.03125,385.8999938964844,0.01264067343044603,-0.006537294500462083,0.004100824264324476,0.0042860923234173285,0.000454438054880286,-0.4076860577656914
2024-11-26 17:00:00+00:00,93575.2109375,371.80950927734375,-0.0056247511478984095,-0.03719660144276718,0.003973376127633629,0.00429127436076653,0.0004489456217561159,-0.7080996399728671
2024-11-26 18:00:00+00:00,92647.296875,355.2200927734375,-0.009965731351145781,-0.0456440742735712,0.0038341117847474973,0.004293166138800066,0.000446733864499483,-1.0275790364961244
2024-11-26 19:00:00+00:00,91660.5625,354.6199951171875,-0.010707560772563116,-0.0016907971512183416,0.0038688393944471757,0.004296015011783041,0.0004434061227755418,-0.9633958472695862
2024-11-26 20:00:00+00:00,91222.7578125,354.02801513671875,-0.004787812503331689,-0.0016707310529474563,0.003880917696704487,0.004299516194672249,0.0004391954371425566,-0.9531030210404746
2024-11-27 14:00:00+00:00,94927.296875,385.0,0.03980689919062775,0.08386728548102951,0.00405573541725271,0.00430481550238288,0.0004341923814469898,-0.573662956268568
2024-11-27 15:00:00+00:00,95832.7109375,382.3800048828125,0.009492774423594528,-0.0068284429639975915,0.003990078138686824,0.004308742094138743,0.0004301778638111199,-0.7407725554000973
2024-11-27 16:00:00+00:00,95773.203125,379.3700866699219,-0.0006211479922679546,-0.00790268071106504,0.0039611297762984984,0.004312373816515984,0.0004262242918953426,-0.8240826412205798
2024-11-27 17:00:00+00:00,96315.765625,386.9500122070313,0.005649090068985549,0.019783306650538367,0.004017514782715836,0.004317098271242762,0.0004212471991590176,-0.7111821494006777
2024-11-27 18:00:00+00:00,96240.2734375,392.4299926757813,-0.0007841061930377011,0.014062641441226728,0.004077606792447777,0.004323364948682192,0.00041468126012989914,-0.5926435068646018
2024-11-27 19:00:00+00:00,96689.2578125,392.2000122070313,0.004654395650418749,-0.0005862138177353043,0.004056293543669415,0.00432685986124634,0.00041146617965478056,-0.6575663589263384
2024-11-27 20:00:00+00:00,96485.0703125,388.6199951171875,-0.0021140239288147274,-0.009169955028361933,0.004027773352483533,0.00433163390730012,0.0004061852571285416,-0.7480836625255144
2024-11-29 14:00:00+00:00,98034.078125,404.7745971679688,0.015926869605547588,0.04072837211405188,0.004128917259280535,0.004338184473323558,0.000399529426150431,-0.5237842330147403
2024-11-29 15:00:00+00:00,98326.8515625,398.1900024414063,0.002981994991755152,-0.016401077534961228,0.004049656793783362,0.004343336514739293,0.00039364166511063564,-0.7460585272989065
2024-11-29 16:00:00+00:00,97904.6640625,385.9800109863281,-0.004302959696066317,-0.031143701323052015,0.00394240677583989,0.004344802011613886,0.00039195087905335844,-1.0266471062543943
2024-12-02 14:00:00+00:00,96318.6328125,383.1000061035156,-0.01633240225212065,-0.007489515475912854,0.0039774236294371264,0.004349033171454663,0.00038646261189648846,-0.961566605871489
2024-12-02 15:00:00+00:00,97200.3203125,385.66650390625,0.009112219619665799,0.006676948863409942,0.003967749310561203,0.004348901016825255,0.00038659378153085296,-0.9859230139573094
2024-12-02 16:00:00+00:00,96286.3203125,385.1400146484375,-0.009447750973131932,-0.0013660739161254095,0.0039999453027019264,0.004348039116038885,0.00038732466284992423,-0.898713267509726
2024-12-02 17:00:00+00:00,94644.828125,380.2200012207031,-0.01719502182400729,-0.01285690681180164,0.004017335217921641,0.004346782195429307,0.0003882883178556979,-0.8484596686478222
2024-12-02 18:00:00+00:00,95722.4765625,377.6400146484375,0.011321901634483659,-0.0068086361202610345,0.003945155079662668,0.004344826593841308,0.0003900359553687558,-1.0247042834827238
2024-12-02 19:00:00+00:00,95824.2265625,379.4400024414063,0.0010624041856158834,0.0047550883498242305,0.003959750222392058,0.004344612929961763,0.00039024679033133197,-0.9862033900213374
2024-12-02 20:00:00+00:00,95673.953125,380.3200073242188,-0.0015694506192282902,0.002316534866364564,0.003975167690910847,0.00434133256627287,0.00039254290875524327,-0.9328021655597719
2024-12-03 14:00:00+00:00,95243.5625,383.3799133300781,-0.004508662839802539,0.008013415472135415,0.0040252580149978965,0.004338170508432585,0.00039433799464827615,-0.7935134267591586
2024-12-03 15:00:00+00:00,95700.9921875,381.80999755859375,0.004791239669656254,-0.004103342064292485,0.003989613783841876,0.004331578106760059,0.0003968375233966155,-0.8617237603723521
2024-12-03 16:00:00+00:00,95196.3046875,378.3999938964844,-0.005287541354465769,-0.008971275229844252,0.003974944144509122,0.00432291394060349,0.0003988833020390658,-0.8723598965300609
2024-12-03 17:00:00+00:00,95909.5,382.0115966796875,0.007463913769368956,0.009499144898090603,0.003983042312593513,0.004314385585409276,0.00040061369750091534,-0.8270892255625044
2024-12-03 18:00:00+00:00,95540.6640625,379.4750061035156,-0.0038530799451069997,-0.006662231348988082,0.003971869044737577,0.004304873227129854,0.0004018767539243916,-0.8286226539366541
2024-12-03 19:00:00+00:00,95471.6015625,370.9400024414063,-0.0007231211334355097,-0.02274840355421221,0.0038853438757762153,0.004294223680575641,0.0004044212285767807,-1.0110245850306503
2024-12-03 20:00:00+00:00,95660.0703125,373.3500061035156,0.0019721358499689605,0.006476002786868,0.0039028824135698926,0.004280279715412289,0.0004032290873158711,-0.9359376932715191
2024-12-04 14:00:00+00:00,96093.703125,380.010009765625,0.004522816358925208,0.017681260032304025,0.003954577640444377,0.004268547059769419,0.0004022768269858998,-0.7804809978180685
2024-12-04 15:00:00+00:00,95806.6171875,370.0,-0.0029920341060920117,-0.02669458822371722,0.003861946187661392,0.004248354428784538,0.0003914483333615073,-0.9871245019870681
2024-12-04 16:00:00+00:00,94992.25,368.6300048828125,-0.008536446204373573,-0.0037095614290101908,0.0038806324187795585,0.004230677442299822,0.0003834950884399362,-0.9127757670750155
2024-12-04 17:00:00+00:00,95529.890625,374.6134948730469,0.005643880027537614,0.016101369906382133,0.0039214270258466225,0.004208354662790659,0.0003608285713581672,-0.7951910123525817
2024-12-04 18:00:00+00:00,96276.484375,381.7000122070313,0.007784908302376249,0.018740177616236482,0.00396462349747107,0.00418695048656025,0.00033524274363563346,-0.6631821070251739
2024-12-04 19:00:00+00:00,97306.421875,398.5499877929688,0.010640890129473151,0.04319793851344641,0.004095824099923711,0.004168205473242493,0.00030669975251345895,-0.2360007555454602
2024-12-04 20:00:00+00:00,98956.71875,405.9800109863281,0.016817582413402064,0.018470994120550935,0.004102601785048861,0.004149888761409751,0.0002751295455452117,-0.17187167691199362
2024-12-05 14:00:00+00:00,103500.8828125,409.5899963378906,0.044897572060200716,0.008852726057978988,0.003957357514330531,0.0041320430020049675,0.00025085546414227515,-0.6963591097037527
2024-12-05 15:00:00+00:00,101507.0703125,397.8200073242188,-0.019451687951368774,-0.029156990336054053,0.0039191359389990155,0.004119254035662013,0.00024149610254158255,-0.8286597363555387
2024-12-05 16:00:00+00:00,101192.0390625,392.5400085449219,-0.0031083659382853874,-0.013361195461584988,0.0038791589949331334,0.0041017826610619266,0.00021889806648892418,-1.017019792361014
2024-12-05 17:00:00+00:00,101401.796875,393.25,0.002070723292058476,0.0018070773121712552,0.003878136405065554,0.004085270143690294,0.0001962475757423551,-1.0554715789033602
2024-12-05 18:00:00+00:00,100236.46875,390.5000915527344,-0.01155872964644229,-0.007017338208650048,0.003895788592938978,0.004070794133686969,0.00017633054278628097,-0.9924856918299373
2024-12-05 19:00:00+00:00,98968.9140625,381.7300109863281,-0.012726280556601759,-0.022714622530845552,0.003857069814318274,0.004060051904467542,0.00016912600587667474,-1.200182604071432
2024-12-05 20:00:00+00:00,99133.6484375,386.3999938964844,0.0016631224845559817,0.012159505343623266,0.003897768315670283,0.004058982107280969,0.00016995798401698992,-0.9485508582790082
2024-12-06 14:00:00+00:00,99509.25,392.6650085449219,0.0037816807253711377,0.016083766271079675,0.003946015154821505,0.004057341419426444,0.0001705746165605474,-0.6526543447654315
2024-12-06 15:00:00+00:00,99218.0546875,390.7936096191406,-0.002930604039211801,-0.00477728482794507,0.003938734848712719,0.004051951055632872,0.00016909635989824996,-0.6695366298143759
2024-12-06 16:00:00+00:00,99142.53125,393.8450012207031,-0.0007614762861522453,0.007777865994026336,0.003972513070375164,0.004045601179300782,0.00016467621652704742,-0.4438291725849427
2024-12-06 17:00:00+00:00,100859.0,399.2999877929688,0.01716497752379195,0.013755549518422047,0.0039589921354858644,0.004037649711824108,0.0001568336506329381,-0.5015350724847836
2024-12-06 18:00:00+00:00,101608.4453125,399.7000122070313,0.007403152978236909,0.0010013127596631324,0.003933728254356626,0.0040305246907641435,0.000151504358451648,-0.6389019919741097
2024-12-06 19:00:00+00:00,101604.4921875,397.0199890136719,-3.8906233521636215e-05,-0.0067276666777147665,0.00390750428909201,0.004020855557563883,0.00013990429684855268,-0.8102057694094768
2024-12-06 20:00:00+00:00,101312.796875,395.2200012207031,-0.002875018829303408,-0.004544054610722253,0.0039009879641199387,0.0040114119002843006,0.00012784057835631168,-0.8637628019531725
2024-12-09 14:00:00+00:00,100322.4453125,379.7300109863281,-0.009823278069402775,-0.03998207217619134,0.00378509524766353,0.004003858255683357,0.00012759581585529157,-1.7144998568599605
2024-12-09 15:00:00+00:00,97894.140625,381.5382995605469,-0.024502754579668277,0.00475073492532444,0.0038974579798610586,0.003995897533511153,0.00011862618030173812,-0.8298299194975581
2024-12-09 16:00:00+00:00,97865.484375,378.6900024414063,-0.0002927697701166261,-0.007493302838598578,0.0038694949997932437,0.00398887974538963,0.0001132309317991813,-1.054347462300488
2024-12-09 17:00:00+00:00,97479.3359375,381.5499877929688,-0.003953510923386394,0.007523936862515679,0.00391416277227826,0.003983595060623775,0.00010904982381293607,-0.6367024348853468
2024-12-09 18:00:00+00:00,97931.78125,375.7000122070313,0.004630710140873028,-0.015450886671018755,0.0038363441102735106,0.003976515205892432,0.00010441659759991813,-1.3424215961910606
2024-12-09 19:00:00+00:00,97000.0703125,365.1499938964844,-0.009559423205590901,-0.02848277372032828,0.0037644301980410935,0.003968681611156014,0.00010234841041696315,-1.9956481227486436
2024-12-09 20:00:00+00:00,96149.8203125,365.4599914550781,-0.008804100165964642,0.0008485993441426447,0.003800943051867215,0.003961403119428246,9.834640425997445e-05,-1.6315804199293555
2024-12-10 14:00:00+00:00,97690.3828125,366.7000122070313,0.01589551509459975,0.003387297670987173,0.0037536961331275497,0.003953110436508245,9.438917279348377e-05,-2.1126819684816818
2024-12-10 15:00:00+00:00,95689.046875,361.1199951171875,-0.020699279111016215,-0.015333808818233367,0.003773890606193662,0.003945682161771462,9.052098034476292e-05,-1.8978092694478805
2024-12-10 16:00:00+00:00,96407.015625,362.1549987792969,0.007475135969514166,0.002861994061236792,0.0037565212078340057,0.003938620369987625,8.841604960207818e-05,-2.0595713444919523
2024-12-10 17:00:00+00:00,94701.4765625,367.5799865722656,-0.017849383089852816,0.014868651898066356,0.003881459929821415,0.003934964297745908,8.610022466306134e-05,-0.621419608762614
2024-12-10 18:00:00+00:00,95101.9140625,372.2000122070313,0.00421950411743626,0.012490431497890656,0.003913696331731297,0.003933969634480869,8.599361120703502e-05,-0.23575359221468398
2024-12-10 19:00:00+00:00,95926.375,378.5,0.008631873956507165,0.01678469587238622,0.003945734423926683,0.003935830011800522,8.499833785296274e-05,0.11652477420552178
2024-12-10 20:00:00+00:00,96556.640625,377.4500122070313,0.006548815493854158,-0.0027779309510797784,0.003909104643283371,0.003936501099281125,8.461856688442045e-05,-0.3237641218288968
2024-12-11 14:00:00+00:00,99579.8671875,400.7000122070313,0.030830221847163275,0.05977490617994051,0.004023905870978407,0.003938884235519024,8.503908662696596e-05,0.9997947865120042
2024-12-11 15:00:00+00:00,100446.09375,404.9299926757813,0.008661195512087428,0.010501146467916224,0.0040313164759160315,0.003938477253163413,8.45272708296422e-05,1.0983345592658285
2024-12-11 16:00:00+00:00,100658.109375,404.3200073242188,0.0021085158863353485,-0.001507532819490523,0.004016765363811194,0.003938922040248819,8.48729077842497e-05,0.9171751692572594
2024-12-11 17:00:00+00:00,99872.2578125,400.1000061035156,-0.007837771370651728,-0.0104921306366254,0.004006117563244266,0.003939671836697915,8.527021268970918e-05,0.7792372559001576
2024-12-11 18:00:00+00:00,100471.890625,407.7799987792969,0.005986045589214007,0.019013279177130048,0.004058647610218561,0.003940357383822961,8.606826745554885e-05,1.3743767580391097
2024-12-11 19:00:00+00:00,101178.0546875,409.2300109863281,0.007003889320293966,0.0035495617241844903,0.004044651898579013,0.003939808135591814,8.527909298580046e-05,1.2294193021571662
2024-12-11 20:00:00+00:00,101283.09375,411.55999755859375,0.001037622010295914,0.005677439556051809,0.004063461949281083,0.003939927609018675,8.544990178999613e-05,1.445693180151447
2024-12-12 14:00:00+00:00,101569.546875,406.0,0.0028242502983696414,-0.01360165197379827,0.003997261113113536,0.0039394190716958415,8.500789561271753e-05,0.6804313999397625
2024-12-12 15:00:00+00:00,101733.7109375,402.5,0.0016149677083026918,-0.008658062743114541,0.003956407333330005,0.003936543906263333,8.132767369744724e-05,0.2442394595051059
2024-12-12 16:00:00+00:00,101539.3046875,400.1799926757813,-0.0019127606158086585,-0.005780669272582147,0.003941133868381172,0.003934735190839964,7.996476929475384e-05,0.08001870820914338
2024-12-12 17:00:00+00:00,101608.109375,403.4578857421875,0.0006773868173361845,0.008157682290638638,0.003970725252382815,0.003935207165449013,8.009428353932411e-05,0.4434534571542021
2024-12-12 18:00:00+00:00,100893.4140625,391.1795959472656,-0.007058695340663296,-0.030905330675281388,0.0038771568945515445,0.003933536053200919,8.024439451734334e-05,-0.7025931093191713
2024-12-12 19:00:00+00:00,99453.1796875,387.5,-0.014377675787755215,-0.009450930407991465,0.0038963057915050634,0.003932345327883317,8.025817282800125e-05,-0.44904506430128843
2024-12-12 20:00:00+00:00,100040.109375,392.7099914550781,0.0058842218076436605,0.013355555438828352,0.003925525410843026,0.003931104996352335,7.97693213797989e-05,-0.06994650841698041
2024-12-13 14:00:00+00:00,100988.421875,397.79779052734375,0.00943467604769127,0.012872407942311846,0.003939043537285137,0.003929800135008393,7.897121798186989e-05,0.11704773603550153
2024-12-13 15:00:00+00:00,99829.96875,395.6705017089844,-0.011537449053056701,-0.0053620136708975264,0.00396344411065424,0.003930104952191586,7.906672904427346e-05,0.42165850118809894
2024-12-13 16:00:00+00:00,100872.5703125,401.2300109863281,0.010389613862469945,0.013953057843177257,0.0039775928158004735,0.0039304023287483935,7.921353462931994e-05,0.5957376763063039
2024-12-13 17:00:00+00:00,101747.4921875,399.408203125,0.00863613703446987,-0.004550896955590732,0.003925484496354679,0.003929574275505791,7.899703568084915e-05,-0.05177129895905287
2024-12-13 18:00:00+00:00,101558.9375,402.4599914550781,-0.001854882227300041,0.007611732415261582,0.003962821996390796,0.0039285336751956725,7.812163800341376e-05,0.43890939912992466
2024-12-13 19:00:00+00:00,101535.578125,402.2000122070313,-0.00023003452388781152,-0.0006461841172915142,0.0039611732127223884,0.003928059665677014,7.783048809749323e-05,0.4254572707278347
2024-12-13 20:00:00+00:00,101673.34375,409.0,0.0013559015503386354,0.016765648353600823,0.004022686624782122,0.003928855373681563,7.855858504073693e-05,1.194411165271142
2024-12-16 14:00:00+00:00,105328.8671875,427.3500061035156,0.03532236188900012,0.043888207851466084,0.004057292340786057,0.00393009287415144,7.999825966943212e-05,1.5900279226101806
2024-12-16 15:00:00+00:00,106309.84375,427.510009765625,0.009270360639958392,0.00037433886486111425,0.004021358650201431,0.003930917700909171,8.068845133551308e-05,1.1208660941600528
2024-12-16 16:00:00+00:00,106910.1796875,432.9898986816406,0.005631155218949769,0.012736696291429317,0.00405003433674208,0.003933662541925269,8.190390140116411e-05,1.4208333525752777
2024-12-16 17:00:00+00:00,107071.7421875,436.4999084472656,0.0015100577589441837,0.00807376648627184,0.004076705015996503,0.003936559585299045,8.3847809698957e-05,1.6714262566980391
2024-12-16 18:00:00+00:00,106999.6171875,417.1650085449219,-0.0006738407504831477,-0.045306318063530415,0.0038987523461313494,0.0039356291637271616,8.395414933584494e-05,-0.439249493771802
2024-12-16 19:00:00+00:00,106599.1875,410.2200012207031,-0.0037493670171128714,-0.01678824334381397,0.003848246978624515,0.003935400843576547,8.417626681075704e-05,-1.035373368932706
2024-12-16 20:00:00+00:00,105974.5703125,408.760009765625,-0.005876727132933292,-0.0035653934946247236,0.0038571518484129264,0.003935009500737103,8.448920557809553e-05,-0.9215100531654454
2024-12-17 14:00:00+00:00,108240.0859375,391.51708984375,0.02115261519692526,-0.04309904393770408,0.003617117322595437,0.003929937672349583,9.392520215592044e-05,-3.3305262333622534
2024-12-17 15:00:00+00:00,106493.2890625,394.30999755859375,-0.016269808149076116,0.007108229073188119,0.0037026746101078405,0.003925571857560196,9.827292030666642e-05,-2.268145148803874
2024-12-17 16:00:00+00:00,106877.5625,395.9500122070313,0.003601933911283752,0.004150575715805458,0.003704706609556438,0.003919053232720742,9.974905195832817e-05,-2.148858750595948
2024-12-17 17:00:00+00:00,107441.65625,396.2799987792969,0.005264064099275411,0.0008330575382737088,0.0036883273453753823,0.003912148658726184,0.00010115657473670631,-2.212622500646853
2024-12-17 18:00:00+00:00,106514.5625,394.7099914550781,-0.008666254785934581,-0.003969732627175176,0.0037056903975461394,0.003907954206779777,0.0001044154082638839,-1.9371069135933128
2024-12-17 19:00:00+00:00,106493.6875,391.0499877929688,-0.00019600179867991377,-0.009315898565665618,0.0036720485220588196,0.003903836083164107,0.00010874951750629816,-2.131389328618066
2024-12-17 20:00:00+00:00,106806.4609375,386.5199890136719,0.0029327092734427367,-0.011651813124174747,0.003618882094032233,0.0038994981348157583,0.00011477477911991867,-2.4449277353026573
2024-12-18 14:00:00+00:00,103974.03125,374.4500122070313,-0.026877251923754557,-0.03172526941213615,0.0036013801494979673,0.0038948855305562993,0.00012103810773977503,-2.4249006080742075
2024-12-18 15:00:00+00:00,104429.9375,382.6799926757813,0.004375223562227024,0.021740796375416656,0.003664466357415768,0.0038910301599642456,0.00012463938048363221,-1.8177545625576206
2024-12-18 16:00:00+00:00,104087.015625,384.7000122070313,-0.0032891539898312894,0.005264729818860431,0.0036959462224665095,0.003888344766766716,0.000127095005987379,-1.513816713768535
2024-12-18 17:00:00+00:00,104609.5078125,387.510009765625,0.005007206354555204,0.00727783862344661,0.0037043478921647372,0.003885121093041623,0.00012928603254885494,-1.3982423105804163
2024-12-18 18:00:00+00:00,104766.2109375,380.7000122070313,0.0014968608126532698,-0.01772998465984486,0.003633805296577387,0.0038799175954042217,0.00013302254008401812,-1.8501548585028371
2024-12-18 19:00:00+00:00,102911.7734375,357.3299865722656,-0.017859252584437192,-0.06335200847019802,0.0034721973457126163,0.00387214197035422,0.00014280207270018033,-2.8006920143330576
2024-12-18 20:00:00+00:00,100943.1640625,349.6499938964844,-0.01931442620349647,-0.021727050289149584,0.003463830336049254,0.0038636639247821214,0.000151572820987623,-2.637897652940803
2024-12-19 14:00:00+00:00,100981.96875,337.1000061035156,0.00038434728195758217,-0.03655299634783905,0.003338219785930997,0.003853317718956207,0.00016550212863929417,-3.1123341872408608
2024-12-19 15:00:00+00:00,100578.984375,342.9057922363281,-0.003998640666253501,0.017076110891378223,0.0034093185009488034,0.0038445775563994097,0.00017477115038276386,-2.490451395996144
2024-12-19 16:00:00+00:00,100589.4765625,327.5600891113281,0.00010431244997973671,-0.04578423478957432,0.0032564051459975816,0.003833725904014503,0.00019031970668745475,-3.0334260601031944
2024-12-19 17:00:00+00:00,98771.203125,332.5,-0.018241549536282927,0.01496834364814038,0.003366365797723495,0.0038248155345745618,0.00019941488382951825,-2.2989745200914893
2024-12-19 18:00:00+00:00,98726.1875,332.989990234375,-0.0004558604611138967,0.001472570076512357,0.003372863863849447,0.003817945011510994,0.0002077344223664969,-2.142548849589836
2024-12-19 19:00:00+00:00,97021.625,334.7074890136719,-0.017416343661286027,0.005144553096812874,0.0034498235729784146,0.00381048443806295,0.0002128066400105268,-1.6947820099349096
2024-12-19 20:00:00+00:00,96493.3203125,326.6199951171875,-0.005460105411126987,-0.024459582570157578,0.0033848974629477674,0.0038024078124488585,0.00021961605209905769,-1.9010921356184534
2024-12-20 14:00:00+00:00,95716.8671875,347.70001220703125,-0.008079252807900892,0.0625426734226803,0.0036325887215460247,0.0037977149116033217,0.00022019518935626408,-0.7499082543085517
2024-12-20 15:00:00+00:00,97001.703125,355.510009765625,0.013334002757264379,0.022213331590472514,0.0036649872972591173,0.003794858964719748,0.0002207961089602157,-0.5881972652155377
2024-12-20 16:00:00+00:00,96612.0078125,350.4540100097656,-0.004025498368397228,-0.014323920372333826,0.0036274373956693886,0.003792575751346886,0.00022182202632182313,-0.7444632907550486
2024-12-20 17:00:00+00:00,97331.609375,348.95001220703125,0.007420763572092981,-0.004300804894556473,0.0035851663652513325,0.0037889794732366214,0.0002234273976446515,-0.9122117973617628
2024-12-20 18:00:00+00:00,97119.3828125,362.1700134277344,-0.0021828291476387526,0.037185071482081014,0.0037291218595050662,0.0037885699020095806,0.00022351567927387316,-0.26596810880400407
2024-12-20 19:00:00+00:00,97161.421875,354.6524963378906,0.0004327659978939154,-0.020975325426638457,0.0036501369524435095,0.003786507341113744,0.0002242233006363532,-0.6081900867715844
2024-12-20 20:00:00+00:00,96626.6796875,364.8500061035156,-0.0055188480658866544,0.02834790043968315,0.003775872329293273,0.0037868298598047324,0.000224193353238247,-0.04887535849385693
2024-12-23 14:00:00+00:00,94145.8359375,343.48028564453125,-0.026009864162622784,-0.06035660951741813,0.0036483853186300807,0.003782945282951543,0.0002245448716293092,-0.5992564574959485
2024-12-23 15:00:00+00:00,93052.265625,344.6018981933594,-0.011683694903969396,0.0032601150518955795,0.0037033155063854405,0.0037794389358624457,0.00022411070809511604,-0.3396688633222167
2024-12-23 16:00:00+00:00,93785.2578125,350.1849975585937,0.007846346221836803,0.016071746820655895,0.0037339023821707715,0.0037759084018331806,0.00022311289487195312,-0.18827248728280274
2024-12-23 17:00:00+00:00,93362.4375,343.8999938964844,-0.004518581232940781,-0.01811067960531451,0.0036834941664465903,0.0037721482272192342,0.00022273086613434746,-0.3980322184854672
2024-12-23 18:00:00+00:00,92694.59375,339.3900146484375,-0.007178945227136044,-0.013200967922723189,0.0036613787376185303,0.0037661061083299027,0.0002206934687430027,-0.47453769840976723
2024-12-23 19:00:00+00:00,92888.640625,333.4700012207031,0.0020912120253763038,-0.017597021819957467,0.003589997646396315,0.003758750794504574,0.00021905275405186122,-0.7703767470931056
2024-12-23 20:00:00+00:00,93287.328125,332.94000244140625,0.004282916985648175,-0.0015906090488661431,0.003568973505118343,0.0037512875968596935,0.00021773737784163568,-0.8373118733612691
2024-12-24 14:00:00+00:00,97391.59375,351.7900085449219,0.04305562042250911,0.055072130048939065,0.0036121188184675525,0.003744720951113415,0.00021585489334123093,-0.6143114505921367
2024-12-24 15:00:00+00:00,98102.625,355.4750061035156,0.007274224167404154,0.010420509504790341,0.0036235014720912475,0.0037374685154779597,0.00021241130189618098,-0.5365394513819945
2024-12-24 16:00:00+00:00,98536.8125,358.4700012207031,0.004416084699385276,0.00839003748262115,0.0036379297455019985,0.0037306898129266758,0.0002089028805490114,-0.4440344105399472
2024-12-26 14:00:00+00:00,95217.5546875,347.3299865722656,-0.03426588654644534,-0.031569679924793585,0.0036477515906829156,0.00372376130695004,0.00020452696970516137,-0.37163664223205944
2024-12-26 15:00:00+00:00,95962.5859375,343.75,0.0077940629096814994,-0.010360649029512246,0.0035821252276786583,0.003716842375526125,0.00020212565051316161,-0.6665019877756414
2024-12-26 16:00:00+00:00,96503.671875,348.6700134277344,0.005622672453447463,0.014211305671021928,0.0036130232835011947,0.0037111193080289783,0.0002000785338138736,-0.49028760186257225
2024-12-26 17:00:00+00:00,95737.6328125,347.1499938964844,-0.007969599647600696,-0.004369009034302658,0.003626055749428961,0.0037058680060464413,0.00019806386157980875,-0.40296223642655904
2024-12-26 18:00:00+00:00,95614.9140625,341.82000732421875,-0.0012826457638392722,-0.015472641470019475,0.00357496537727141,0.003699272008127918,0.000195669386004413,-0.6352891139225243
2024-12-26 19:00:00+00:00,96027.9375,341.8356018066406,0.004310352028270336,4.562087172632283e-05,0.0035597515754895873,0.003693981919476885,0.0001950683419819134,-0.6881195719587525
2024-12-26 20:00:00+00:00,95733.609375,341.3399963378906,-0.003069732810607241,-0.0014508877572225567,0.00356551892868492,0.0036884688050965496,0.00019392432341785494,-0.6340095674677471
2024-12-27 14:00:00+00:00,95551.9609375,331.45001220703125,-0.0018992388375701724,-0.029402031745406013,0.0034687934078488545,0.003680856605046647,0.0001934248270755512,-1.096359761071216
2024-12-27 15:00:00+00:00,94421.140625,333.4200134277344,-0.011905197730094734,0.005925991276037841,0.0035312008647717433,0.0036740592271714235,0.00019135293276919722,-0.7465700176750917
2024-12-27 16:00:00+00:00,94008.1171875,328.760009765625,-0.004383863777426871,-0.014074965807897882,0.003497144923240089,0.0036662875740478547,0.00018885344925763072,-0.8956291318620498
2024-12-27 17:00:00+00:00,94109.375,328.10260009765625,0.0010765380837454376,-0.0020016663381324843,0.0034863965476091647,0.003658100969577999,0.0001857509034939145,-0.9243800096749447
2024-12-27 18:00:00+00:00,94453.7265625,324.510009765625,0.003652378884807849,-0.01100998224282995,0.0034356506786515917,0.0036499370726162813,0.00018456048200261171,-1.1610632549261397
2024-12-27 19:00:00+00:00,94574.625,329.2699890136719,0.001279156835316956,0.014561667124486284,0.003481589157912832,0.003641916525308315,0.00018115804569199368,-0.8850137833131234
2024-12-27 20:00:00+00:00,94390.984375,330.3399963378906,-0.001943641315683027,0.003244366478822567,0.0034996986049589613,0.0036342252818455916,0.00017712524556959752,-0.7595002985261692
2024-12-30 14:00:00+00:00,91863.7421875,304.0090026855469,-0.02713914807700132,-0.08306510094213829,0.0033093470334034977,0.003622336288655948,0.0001745303905486248,-1.7933223793781083
2024-12-30 15:00:00+00:00,91911.453125,307.79998779296875,0.0005192315371046296,0.012392866680880592,0.003348875219874495,0.003610529336640755,0.000168463671996968,-1.5531782826802514
2024-12-30 16:00:00+00:00,91917.9609375,308.0,7.08027334570914e-05,0.0006496012277673992,0.0033508141048671203,0.0035993535942185164,0.0001628973869478921,-1.5257426408620005
2024-12-30 17:00:00+00:00,93578.1953125,313.92999267578125,0.01790094999998215,0.019070224815062476,0.0033547344189255495,0.003587765262254907,0.00015482444978213576,-1.5051294783044382
2024-12-30 18:00:00+00:00,94442.6328125,315.69000244140625,0.009195189696838366,0.005590719365749456,0.003342664144784652,0.0035755312477347098,0.00014416905172780526,-1.615236419739491
2024-12-30 19:00:00+00:00,94291.046875,314.7027893066406,-0.0016063478478926618,-0.003132059740271218,0.0033375680908902905,0.003566178176814026,0.0001410135227628521,-1.6211926448231333
2024-12-30 20:00:00+00:00,94189.796875,302.989990234375,-0.0010743798438597203,-0.0379288979805466,0.0032168026716999434,0.0035556541050319494,0.00014315211015830995,-2.367072570270007
2024-12-31 14:00:00+00:00,95560.609375,307.4200134277344,0.014448837033790254,0.01451516504200919,0.0032170160428901555,0.0035449851749399033,0.0001441517771004959,-2.275165375318981
2024-12-31 15:00:00+00:00,95301.5078125,295.09991455078125,-0.002715067038801587,-0.040900942086938376,0.0030964873623130144,0.0035363080089351965,0.0001549977585538286,-2.8375935931321123
2024-12-31 16:00:00+00:00,94695.703125,291.2550048828125,-0.0063770066675328104,-0.013114803509378912,0.0030756939889696024,0.0035258583319162256,0.0001644389376473641,-2.737577543294468
2024-12-31 17:00:00+00:00,93978.8984375,293.2900085449219,-0.007598353252481824,0.006962720874125577,0.0031208070473391675,0.003516126672545938,0.00017082884752903148,-2.3141268639629957
2024-12-31 18:00:00+00:00,93758.203125,288.3800048828125,-0.0023511113394751597,-0.016882837943015736,0.003075784254294416,0.0035059176210279217,0.00017849474679411257,-2.409781657213976
2024-12-31 19:00:00+00:00,93972.9921875,293.1499938964844,0.002288262809648718,0.01640533077940127,0.003119513246014085,0.003496148001835721,0.00018335085171234837,-2.054175109110062
2024-12-31 20:00:00+00:00,93337.4921875,289.82000732421875,-0.0067855511720710275,-0.011424336700381128,0.0031050760046350614,0.003486698459878658,0.00018866494550055123,-2.0227523148569304
2025-01-02 15:00:00+00:00,96414.7265625,302.0985107421875,0.03243708246005501,0.041493092806171,0.0031333233159807263,0.0034786058135778,0.0001932568880400537,-1.7866504066106639
2025-01-02 16:00:00+00:00,97162.8203125,302.125,0.007729176098605938,8.768032808570436e-05,0.0031094712877651164,0.003470407332548919,0.00019832771701455376,-1.8198971390232677
2025-01-02 17:00:00+00:00,96535.5625,296.239990234375,-0.00647666744589364,-0.019670935383538136,0.0030687135658879596,0.0034604781193567887,0.00020329834206937354,-1.927042539949211
2025-01-02 18:00:00+00:00,97160.09375,297.7799987792969,0.006448605263794956,0.0051850510879500235,0.003064838528722569,0.00344995965779439,0.00020719801032509255,-1.8587105564747846
2025-01-02 19:00:00+00:00,97246.359375,296.8399963378906,0.0008874770284146759,-0.00316169396310693,0.0030524535647984572,0.003439094752338285,0.00021069476932470224,-1.8350772958391492
2025-01-02 20:00:00+00:00,97290.2890625,300.2900085449219,0.00045163406072371676,0.011555442092139583,0.0030865362970811335,0.003429973602346681,0.00021394353797886165,-1.6052707574625613
2025-01-03 14:00:00+00:00,96973.125,312.3099975585937,-0.003265301866911187,0.039247573595158756,0.003220582997181886,0.0034257800298711687,0.00021556173472387662,-0.9519177091060679
2025-01-03 15:00:00+00:00,97528.328125,321.4407958984375,0.0057090024166229995,0.0288171006517438,0.0032958710774417623,0.003422980708894377,0.00021614900562775017,-0.5880648448206228
2025-01-03 16:00:00+00:00,97813.875,326.57501220703125,0.0029235574680449134,0.015846291647584082,0.0033387391329403036,0.0034229893646778656,0.00021614556417974798,-0.3897846900411011
2025-01-03 17:00:00+00:00,97985.1796875,334.79998779296875,0.0017498014122883118,0.02487363340307441,0.0034168431273048864,0.0034231147751171338,0.00021613968059019898,-0.02901664236350214
2025-01-03 18:00:00+00:00,98460.96875,338.4700927734375,0.0048439737466318186,0.010902434074116306,0.003437606770179554,0.0034261348021868334,0.00021503393558282085,0.053349569971955065
2025-01-03 19:00:00+00:00,98535.625,339.6199951171875,0.0007579446136899568,0.0033915949121038095,0.0034466721565645673,0.0034274732415008513,0.0002149054966733378,0.08933654727733123
2025-01-03 20:00:00+00:00,98351.0625,339.9700012207031,-0.0018748098858646924,0.001030050872873956,0.0034566988152334717,0.003428870490690585,0.0002148169417473375,0.12954436608457834
2025-01-06 14:00:00+00:00,100921.5546875,363.3399963378906,0.025800180771441465,0.06648164291783673,0.003600221949245233,0.0034313771302950315,0.000215940123739771,0.7819057247261563
2025-01-06 15:00:00+00:00,102174.2265625,362.7799987792969,0.012335930886549048,-0.001542438366618237,0.0035506018590449936,0.003434138870229986,0.0002163947518640843,0.538196919341912
2025-01-06 16:00:00+00:00,102157.2421875,358.0,-0.00016624336078052742,-0.013263600164265222,0.0035044015708932774,0.0034320024177191062,0.00021503075331028246,0.3366920873392538
2025-01-06 17:00:00+00:00,101832.2265625,369.2918090820313,-0.00318659489648606,0.03105415563435228,0.0036264728912254194,0.003431360510951878,0.00021437996347352533,0.9101241417910612
2025-01-06 18:00:00+00:00,101884.0,371.9721984863281,0.0005082897861236603,0.007231974193469845,0.0036509383071564538,0.003431752192809996,0.00021476539879206427,1.0205839282270681
2025-01-06 19:00:00+00:00,101854.2421875,378.2550048828125,-0.0002921180863455994,0.016749468032014984,0.0037136892559319792,0.0034338942409880067,0.00021695128374559045,1.2896674779397765
2025-01-06 20:00:00+00:00,102102.734375,379.7200012207031,0.0024367130229268857,0.0038655579678057647,0.0037189993347884137,0.003433725532242729,0.00021672162772997896,1.3163144146421666
2025-01-07 14:00:00+00:00,99929.6484375,353.61309814453125,-0.02151308337397979,-0.07123076988695659,0.003538620456227213,0.0034318669239724576,0.00021530779499032748,0.49581824132076163
2025-01-07 15:00:00+00:00,97960.390625,354.1629943847656,-0.019903203106853205,0.0015538709393634357,0.003615369356177122,0.0034291918744205215,0.00021193192938031826,0.8784777371723882
2025-01-07 16:00:00+00:00,97800.84375,348.2099914550781,-0.0016300153688246551,-0.016951521771674104,0.003560398643851967,0.0034277254298408864,0.00021069030374907884,0.6297072606107573
2025-01-07 17:00:00+00:00,97262.21875,343.4700012207031,-0.005522587024472293,-0.013705946351213852,0.0035313815131397374,0.0034248598632867916,0.00020803095624243354,0.5120471096080932
2025-01-07 18:00:00+00:00,96701.2890625,339.0400085449219,-0.005783884376725002,-0.01298165543458791,0.003506054695152962,0.0034210624018364945,0.0002043408554015905,0.41593392153239367
2025-01-07 19:00:00+00:00,96496.671875,337.3099975585937,-0.002118213494738057,-0.005115738134670369,0.00349556094530948,0.003417930181484209,0.0002016729555758859,0.3849339322845385
2025-01-07 20:00:00+00:00,96440.1328125,341.42999267578125,-0.0005860889446159342,0.0121402769217072,0.003540331008664135,0.0034159127193349697,0.0001997930044681885,0.6227359644565295
2025-01-08 14:00:00+00:00,95245.234375,333.989990234375,-0.012467450516890148,-0.02203163534085943,0.0035066320370359737,0.003414523292512297,0.0001988494889374986,0.46320835429769625
2025-01-08 15:00:00+00:00,95359.8984375,333.4599914550781,0.0012031583267487482,-0.001588130662167179,0.0034968576615424115,0.0034133213617860312,0.000198116702368846,0.4216519796541717
2025-01-08 16:00:00+00:00,94741.9609375,318.33990478515625,-0.006501142897288613,-0.04640319760357809,0.0033600729986490445,0.0034091205981223896,0.00019649555186085913,-0.24961175461150525
2025-01-08 17:00:00+00:00,93927.953125,338.510009765625,-0.008628963100868317,0.061433967958605076,0.003603932572821356,0.003408794449801225,0.00019614962190192962,0.99484322798081
2025-01-08 18:00:00+00:00,94212.6796875,336.285888671875,0.003026744149978538,-0.006592005532063413,0.0035694334328173548,0.003407652844589814,0.00019498932954486404,0.8296894430334327
2025-01-08 19:00:00+00:00,94258.359375,332.4849853515625,0.0004847396037256518,-0.011366955091345802,0.003527379296183114,0.0034056466396814845,0.00019308709738391445,0.6304546401647373
2025-01-08 20:00:00+00:00,93937.09375,331.7200012207031,-0.0034141732091481866,-0.00230345897597893,0.0035312993832183905,0.003404799542273813,0.00019241004364744816,0.6574492606860084
2025-01-10 14:00:00+00:00,94111.4140625,324.7699890136719,0.0018539935728316603,-0.021174037601313034,0.003450909671785295,0.003402097648745215,0.00019056592225650238,0.2561424543386051
2025-01-10 15:00:00+00:00,93852.59375,326.45001220703125,-0.0027539365550897136,0.005159629364296359,0.0034783270143456343,0.0033996355031604927,0.00018856715876276997,0.41731291759102535
2025-01-10 16:00:00+00:00,93699.9921875,330.81500244140625,-0.0016272939710467915,0.013282479094673364,0.0035305766277912076,0.003398895690669156,0.00018795369978369693,0.7006030595492099
2025-01-10 17:00:00+00:00,95742.3046875,331.0450134277344,0.02156215016548318,0.0006950442391830439,0.0034576670627290136,0.0033971942821231465,0.00018693218082767448,0.3235011774757743
2025-01-10 18:00:00+00:00,94941.7421875,330.2550048828125,-0.008396792671730175,-0.0023892602415406003,0.003478501629247475,0.003395743993799189,0.00018593904010127943,0.4450793948554793
2025-01-10 19:00:00+00:00,95342.2734375,332.0,0.0042098317110341975,0.00526987079826648,0.0034821909319965707,0.0033959672858683175,0.000186036270204438,0.46347761129322124
2025-01-10 20:00:00+00:00,94811.140625,327.760009765625,-0.005586375573630814,-0.01285330588282515,0.003456977815107105,0.0033947302350405737,0.00018536736233820062,0.33580658041064076
2025-01-13 14:00:00+00:00,91915.4765625,316.6632995605469,-0.031017497758839697,-0.034442600130411075,0.0034451575665304258,0.0033938637790954123,0.0001850016758898427,0.27726120419339234
2025-01-13 15:00:00+00:00,92209.2890625,312.15948486328125,0.003191452799791106,-0.014324836262766413,0.0033853366405601254,0.0033921794473112618,0.00018460455974638352,-0.037067376670095464
2025-01-13 16:00:00+00:00,91279.7109375,315.6700134277344,-0.010132335756963743,0.011183180021071803,0.0034582713966291624,0.0033925564592775545,0.00018471790837534786,0.35575834487078967
2025-01-13 17:00:00+00:00,91897.0078125,317.3382873535156,0.006739930882290945,0.005270950747978512,0.0034531949941285322,0.003392083223214483,0.00018452221436885476,0.3311892344402958
2025-01-13 18:00:00+00:00,92106.46875,318.8949890136719,0.0022767072871628935,0.004893503136114323,0.003462243133858846,0.003391458965362815,0.00018421507184245099,0.38424743311214576
2025-01-13 19:00:00+00:00,92248.5,318.0474853515625,0.0015408456746675383,-0.002661163908429082,0.0034477252784767503,0.0033937652694473685,0.00018403577191196616,0.29320391611253566
2025-01-13 20:00:00+00:00,93656.7890625,328.739990234375,0.01515089763029107,0.03306643843493056,0.0035100497628100073,0.0033964515118296273,0.00018454500935574167,0.6155585099643645
2025-01-14 14:00:00+00:00,96163.8671875,339.66241455078125,0.026416765898285417,0.032685090907878,0.003532120998092855,0.0033994732933833893,0.0001852680300689294,0.7159773041258866
2025-01-14 15:00:00+00:00,96567.3984375,337.25,0.004187507806361523,-0.007127730892164941,0.0034923794723358288,0.0034017673776068945,0.00018555663198877292,0.48832582138275016
2025-01-14 16:00:00+00:00,95719.71875,337.4200134277344,-0.008816869182336604,0.0005039898852753721,0.0035250836278468943,0.0034048077023245984,0.00018606558201416214,0.6464168398061996
2025-01-14 17:00:00+00:00,96374.921875,343.2507019042969,0.006821696469188296,0.01713260455062588,0.0035616184711360823,0.0034085418753286943,0.00018693946526742626,0.8188564976817727
2025-01-14 18:00:00+00:00,96775.8046875,352.510009765625,0.004150990216390123,0.026617928823610835,0.0036425427915987847,0.003415637543993675,0.0001876169489548583,1.2094069798550247
2025-01-14 19:00:00+00:00,96489.5234375,342.0350036621094,-0.0029625744272354653,-0.03016593663295605,0.0035447890245168296,0.003421100427020786,0.00018650424048140938,0.6631945588838907
2025-01-14 20:00:00+00:00,96357.6953125,342.6199951171875,-0.0013671770470801879,0.0017088653364973902,0.003555709733467869,0.003428754133206701,0.00018233315297877344,0.6962836883314794
2025-01-15 14:00:00+00:00,99493.65625,361.9800109863281,0.032026625860920865,0.054967044980455806,0.003638222019671009,0.003438129600385058,0.00017828888711045643,1.1222932765404876
2025-01-15 15:00:00+00:00,99209.421875,359.70001220703125,-0.0028608974913454047,-0.006318607393096042,0.003625663827173988,0.0034465438800489715,0.0001749409675817562,1.023887941178257
2025-01-15 16:00:00+00:00,99035.3671875,363.2799987792969,-0.001755957703062643,0.009903498791190598,0.003668184499094271,0.0034564172174623023,0.00017031720568500236,1.2433698684772168
2025-01-15 17:00:00+00:00,98652.546875,357.8949890136719,-0.0038729812375249274,-0.014934266834935336,0.003627833242533019,0.0034648892174042848,0.0001658589232706233,0.9824254367241182
2025-01-15 18:00:00+00:00,99386.25,359.1300048828125,0.007409724695486015,0.0034448369330799685,0.0036134777686331106,0.0034733625801375853,0.0001600501457538189,0.875445553864371
2025-01-15 19:00:00+00:00,99854.84375,365.7749938964844,0.0047037948364624434,0.018333920050081873,0.0036630671098164366,0.0034821916433681803,0.00015552158638952983,1.1630248292042462
2025-01-15 20:00:00+00:00,99537.140625,360.8399963378906,-0.0031867218219153552,-0.013583736938102938,0.00362517944630671,0.003490786779343874,0.00014867341827060526,0.9039454969564484
2025-01-16 14:00:00+00:00,97605.2890625,353.42999267578125,-0.0195991639638267,-0.020749211436706525,0.003621012714274817,0.003499991765150321,0.00013887272697223144,0.8714522409334907
2025-01-16 15:00:00+00:00,99146.984375,361.2000122070313,0.0156717565627785,0.021746430135711627,0.0036430761306957935,0.0035096290585165417,0.0001277838863206909,1.0443184662919733
2025-01-16 16:00:00+00:00,99314.1015625,362.4599914550781,0.001684130933881063,0.003482244465307402,0.0036496326881331758,0.003519582043905454,0.00011409499786642822,1.1398452750748347
2025-01-16 17:00:00+00:00,99938.8984375,360.0364074707031,0.0062714129554156395,-0.006708941604167206,0.003602565298394433,0.0035281825272606756,9.940176537297843e-05,0.7483043269368121
2025-01-16 18:00:00+00:00,99542.265625,363.0707092285156,-0.00397664949521727,0.008392448358886613,0.0036474025073559365,0.0035352961857635762,9.201341382573395e-05,1.2183693325918832
2025-01-16 19:00:00+00:00,100412.46875,369.5910949707031,0.008704056161896054,0.017799639224661903,0.0036807290924286045,0.003541710486013357,8.838277538423078e-05,1.5729151501622902
2025-01-16 20:00:00+00:00,100488.1796875,366.6499938964844,0.0007537152485375035,-0.007989547890186374,0.0036486877863316793,0.0035468762969032134,8.532341469112298e-05,1.1932420871460778
2025-01-17 14:00:00+00:00,103226.09375,389.4184875488281,0.026881561969736782,0.060246870930914014,0.00377248109854809,0.003552803596423933,8.843325062322161e-05,2.4841052497336578
2025-01-17 15:00:00+00:00,103926.4375,391.1199951171875,0.006761649631564866,0.004359836962195997,0.0037634311781079527,0.0035582340032227397,9.120012074784129e-05,2.249966043932787
2025-01-17 16:00:00+00:00,104966.3984375,393.7999877929688,0.009956966927393656,0.006828729420766922,0.0037516766665805783,0.0035633174117230067,9.335133339031044e-05,2.017745735564637
2025-01-17 17:00:00+00:00,104122.96875,394.1192932128906,-0.008067691567276368,0.0008105029159685371,0.0037851330781700425,0.003568791316105283,9.65674140842261e-05,2.2403184771631786
2025-01-17 18:00:00+00:00,104857.4765625,396.2699890136719,0.007029469536690491,0.005442131256586221,0.0037791295576093354,0.0035717731095780184,0.0001002464326185974,2.0684671026672414
2025-01-17 19:00:00+00:00,105844.7578125,392.510009765625,0.00937140964303788,-0.00953372989467433,0.003708355688818729,0.0035744023400742465,0.00010173938922188734,1.3166321300822685
2025-01-17 20:00:00+00:00,104661.8359375,396.6000061035156,-0.011238928961670088,0.010366191990438946,0.0037893469243206264,0.003579151429298036,0.00010501421465839981,2.0015908865893466
2025-01-21 14:00:00+00:00,102967.671875,373.8399963378906,-0.016319469039309826,-0.059100342879052595,0.0036306540638475575,0.003579221115508405,0.00010504753087034666,0.4896159663441581
2025-01-21 15:00:00+00:00,103862.4765625,384.809814453125,0.00865260965979603,0.02892133520561627,0.0037049936337842176,0.0035801220376188675,0.00010590135415597129,1.179131250592315
2025-01-21 16:00:00+00:00,104911.2578125,391.9750061035156,0.010047145782703465,0.018448854015840184,0.003736253041633178,0.003580498100713888,0.00010642248035036988,1.463553005027746
2025-01-21 17:00:00+00:00,106106.2265625,397.2300109863281,0.01132590057484602,0.013317407859422127,0.003743701230882495,0.0035809097989821224,0.0001070134963166089,1.5212233737204475
2025-01-21 18:00:00+00:00,106913.3984375,402.1600036621094,0.007578416666048882,0.012334542813298136,0.0037615491560415246,0.003584625277312361,0.00010936452166138814,1.6177447314856919
2025-01-21 19:00:00+00:00,107096.109375,397.9049987792969,0.0017075034072996848,-0.010636748232964418,0.00371540106453374,0.0035862924724516377,0.0001105966601585569,1.16738237752393
2025-01-21 20:00:00+00:00,106168.4765625,389.1000061035156,-0.00869941587979155,-0.022376884580708967,0.0036649297296307867,0.0035880346572146186,0.0001110044180253476,0.6927208284503533
2025-01-22 14:00:00+00:00,104500.1328125,380.1749877929688,-0.015838891546184175,-0.023204754759203892,0.0036380335370013368,0.0035898121909456447,0.00011093574259522459,0.43467817429806327
2025-01-22 15:00:00+00:00,104398.2265625,374.5799865722656,-0.000975653982047682,-0.014826278463276625,0.0035879918549001034,0.003591177810274764,0.00011039019397902007,-0.02886085493486971
2025-01-22 16:00:00+00:00,103699.265625,378.5150146484375,-0.006717654870751704,0.010450378456628589,0.003650122422440612,0.0035937538348936164,0.00010992350413704046,0.5127983136047185
2025-01-22 17:00:00+00:00,104290.5703125,376.75,0.005685915159162147,-0.0046739034042901735,0.003612503017972697,0.003594956701715425,0.00010972370146537626,0.15991363782791004
2025-01-22 18:00:00+00:00,103921.2578125,377.8677062988281,-0.0035474726928694652,0.0029623135180880836,0.0036360963507639237,0.0035971144402775577,0.0001092291963921069,0.3568817841196064
2025-01-22 19:00:00+00:00,104611.3359375,377.7369995117188,0.0066184439716812935,-0.00034596605184671796,0.003610861061342316,0.0035990144969408897,0.0001084443900536497,0.10924091504932355
2025-01-22 20:00:00+00:00,104391.625,377.1300048828125,-0.0021024679980429623,-0.0016082164307042119,0.0036126461761928938,0.003603224049899954,0.0001038153936218521,0.09075847005175382
2025-01-23 14:00:00+00:00,104813.5,384.7000122070313,0.0040331284604601045,0.01987387294740735,0.0036703288432027486,0.00360433065440631,0.00010417631713738372,0.6335239199270456
2025-01-23 15:00:00+00:00,105050.21875,382.6799926757813,0.002255929245919286,-0.00526472981886049,0.0036428290890710906,0.003605553915343873,0.00010419051401598081,0.35775976420944094
2025-01-23 16:00:00+00:00,105175.953125,378.8450012207031,0.0011961820820960323,-0.010071957993783388,0.0036020115812067013,0.003606797786760932,0.00010368568650117869,-0.04616071625447027
2025-01-23 17:00:00+00:00,105912.9140625,379.8450012207031,0.006982499281423693,0.0026361243086845507,0.0035863898617363482,0.0036077159614028983,0.00010324879162209699,-0.2065505981378085
2025-01-23 18:00:00+00:00,105548.78125,377.3804931640625,-0.003443963426787346,-0.006509333816598705,0.0035754130809924674,0.0036097910182230184,0.00010127621044172318,-0.33944731028747194
2025-01-23 19:00:00+00:00,103811.0,385.5799865722656,-0.016601289425223736,0.021494715177561848,0.003714249805630093,0.0036137230647444256,0.00010066360928687923,0.9986403388257061
2025-01-23 20:00:00+00:00,103547.2421875,373.30999755859375,-0.002543983320533734,-0.03233949221861892,0.003605214293226816,0.0036149670258350188,0.0001000781723867504,-0.09745114619513225
2025-01-24 14:00:00+00:00,105850.40625,372.0693054199219,0.021998880730221784,-0.0033290253151259147,0.0035150484405431547,0.003615923382131921,9.881573014828951e-05,-1.0208389032534275
2025-01-24 15:00:00+00:00,105906.8984375,371.30999755859375,0.0005335559868743774,-0.0020428551678836377,0.003506003886779094,0.0036163817530907817,9.822952316190213e-05,-1.123673033918354
2025-01-24 16:00:00+00:00,105790.4921875,370.9299926757813,-0.0010997420552842341,-0.0010239408304959581,0.0035062696562405227,0.003616783065161514,9.771986494960736e-05,-1.1309206063473516
2025-01-24 17:00:00+00:00,106437.4453125,374.8763122558594,0.006096795140226728,0.010582791764414458,0.003522034103272807,0.0036178673366309426,9.626677775823671e-05,-0.9954964276337397
2025-01-24 18:00:00+00:00,106176.8828125,371.1199951171875,-0.002451035475770225,-0.010070690292319216,0.003495299403096587,0.003618703033907045,9.495070868825788e-05,-1.2996599237149151
2025-01-24 19:00:00+00:00,105853.03125,361.3699951171875,-0.003054774754505484,-0.026623096600572316,0.003413884239778797,0.0036191788272273563,9.382636956066398e-05,-2.1880265474390437
2025-01-24 20:00:00+00:00,105250.4296875,353.7200012207031,-0.005709079297596407,-0.021396707527373944,0.0033607463862231858,0.0036175534103872566,9.743641789658339e-05,-2.635636959033526
2025-01-27 14:00:00+00:00,102057.0546875,347.54998779296875,-0.03081053851339429,-0.017597138735177372,0.003405447951218769,0.003616757626338761,9.898420665819896e-05,-2.13478172179187
2025-01-27 15:00:00+00:00,101333.484375,338.8999938964844,-0.007115113302566426,-0.025203443820178542,0.0033444028495293156,0.003614793621599935,0.00010318204039013201,-2.6205216629586894
2025-01-27 16:00:00+00:00,99639.59375,334.3299865722656,-0.016857290071936582,-0.013576571611944845,0.0033553929114877147,0.003613254748816785,0.00010635567793018892,-2.424523470183968
2025-01-27 17:00:00+00:00,99204.6484375,323.6600036621094,-0.004374740765869019,-0.03243489558785773,0.003262548769234525,0.0036091297322571932,0.00011488407958124016,-3.0167884382760253
2025-01-27 18:00:00+00:00,99047.5234375,331.7900085449219,-0.001585102764955068,0.02480867101501955,0.003349806204435639,0.003606091152362906,0.00011928225475098688,-2.1485588821429196
2025-01-27 19:00:00+00:00,99603.0390625,338.8800048828125,0.005592907123749611,0.02114381240327955,0.0034023058741226597,0.00360458992572602,0.00012128758331926544,-1.6678051130006275
2025-01-27 20:00:00+00:00,101646.875,347.5,0.02031212005632242,0.025118588183128083,0.0034186983121714267,0.003602816837131429,0.00012323161355452586,-1.4940851592317737
2025-01-28 14:00:00+00:00,102725.4921875,344.4200134277344,0.010555509212674381,-0.008902783141582474,0.003352819306030491,0.003599336851046336,0.00012729590818397527,-1.9365708492339295
2025-01-28 15:00:00+00:00,102661.8203125,336.79998779296875,-0.0006200176268408948,-0.022372635739247894,0.003280674225021123,0.0035933057082700418,0.00013362908956609753,-2.3395466081827965
2025-01-28 16:00:00+00:00,102166.453125,341.2900085449219,-0.004836911867442598,0.013243334660225809,0.0033405290886173345,0.0035899013760050504,0.0001374337475682156,-1.8144909223547103
2025-01-28 17:00:00+00:00,102669.5859375,338.6400146484375,0.0049125517819157945,-0.007794941314908623,0.0032983479143919433,0.0035856120123537844,0.00014244383355752234,-2.016683283420877
2025-01-28 18:00:00+00:00,102183.1484375,337.9100036621094,-0.00474915227039733,-0.0021580407948688265,0.0033069053834134986,0.0035800900684161596,0.00014672726674895667,-1.861853567204158
2025-01-28 19:00:00+00:00,102446.234375,337.5663146972656,0.0025713421879109046,-0.0010176196712194067,0.0032950582982056594,0.0035745799762666873,0.0001511284689364707,-1.8495633551248996
2025-01-28 20:00:00+00:00,101185.9140625,335.8299865722656,-0.012378560214964111,-0.005156939441814216,0.003318940088487335,0.003568759236089905,0.00015415742107183106,-1.620545711426792
2025-01-29 14:00:00+00:00,102004.390625,336.2300109863281,0.008056299641052632,0.0011904427067732585,0.003296230769344181,0.0035632325282034245,0.0001579023230990934,-1.6909298965264967
2025-01-29 15:00:00+00:00,101957.0625,333.79998779296875,-0.000464088925866329,-0.007253507610366306,0.0032739270787932786,0.003557573350039427,0.0001620999354754939,-1.749823467937345
2025-01-29 16:00:00+00:00,101994.890625,339.20001220703125,0.0003709513427467967,0.01604796524761928,0.0033256569042674168,0.0035519498466136104,0.0001642169829988392,-1.37801181226057
2025-01-29 17:00:00+00:00,102530.140625,336.1499938964844,0.005234090112984905,-0.009032469147531075,0.0032785480625247545,0.0035461726568839108,0.0001676583106570716,-1.5962500952699907
2025-01-29 18:00:00+00:00,102956.609375,331.3739929199219,0.00415082103652452,-0.014309845248271799,0.003218579117276043,0.003539465430267265,0.00017259075325703048,-1.8592323570970362
2025-01-29 19:00:00+00:00,103615.125,342.7694091796875,0.006375682110385294,0.033810319133086214,0.003308102066949082,0.003533882529204819,0.00017458863127538615,-1.2932140002839247
2025-01-29 20:00:00+00:00,104304.0234375,341.2099914550781,0.006626623508149207,-0.004559846174133166,0.003271302296977398,0.0035275770226855566,0.0001771504643613442,-1.4466500363522605
2025-01-30 14:00:00+00:00,105820.5546875,346.0199890136719,0.014434842378455447,0.013998446636210133,0.0032698750260335323,0.0035220321848128747,0.0001799480762371466,-1.4012773242823346
2025-01-30 15:00:00+00:00,105574.7890625,347.2799987792969,-0.0023251764335658186,0.0036348223714804907,0.0032894216684033156,0.003516065837496998,0.00018164742319724293,-1.2477147492897795
2025-01-30 16:00:00+00:00,105770.90625,340.25,0.001855890591961535,-0.020450725944722584,0.0032168581329518483,0.003508334654839052,0.00018437141891792708,-1.5809203161632903
2025-01-30 17:00:00+00:00,105281.765625,340.3500061035156,-0.004635255232201083,0.00029387629544079286,0.0032327535930181703,0.0035014024182838267,0.00018680811112801814,-1.4381004317395696
2025-01-30 18:00:00+00:00,105560.4765625,344.1390991210937,0.002643788046916321,0.011071415725909821,0.0032601131628781214,0.0034928629526893274,0.00018591507347337028,-1.2519145729436734
2025-01-30 19:00:00+00:00,105766.171875,344.6885070800781,0.0019467055289098623,0.0015951976098021372,0.003258967408666819,0.003484455223198642,0.0001848755433004705,-1.2196735734014694
2025-01-30 20:00:00+00:00,105103.5859375,340.20001220703125,-0.006284335174378112,-0.013107415319041554,0.003236806900283418,0.0034758740604270222,0.0001842098671834459,-1.2977977987765896
2025-01-31 14:00:00+00:00,104414.3828125,342.64630126953125,-0.006578964229131358,0.0071650076443494715,0.003281600599841033,0.003467481852454872,0.0001813292969986119,-1.02510325518585
2025-01-31 15:00:00+00:00,105502.8203125,345.0400085449219,0.010370253015835246,0.006961653616569331,0.0032704339800861365,0.003459003592829485,0.00017837920195666558,-1.0571277967100596
2025-01-31 16:00:00+00:00,105050.8359375,348.4100036621094,-0.004293300599133993,0.009719580613391341,0.0033165847806236964,0.003452474077692902,0.00017625471831510413,-0.7709824642893588
2025-01-31 17:00:00+00:00,104669.6640625,347.4844055175781,-0.003635050409670888,-0.002660169928525598,0.003319819630930404,0.003444648622803065,0.00017140088012593163,-0.7282867613103648
2025-01-31 18:00:00+00:00,102670.0859375,343.1799011230469,-0.019288536032987698,-0.012464985051838384,0.0033425500523293246,0.0034398468892777607,0.00017013255729599573,-0.571888405692742
2025-01-31 19:00:00+00:00,102305.5234375,336.54998779296875,-0.0035571342904505894,-0.019508112551989407,0.0032896560858571068,0.003432924596812309,0.0001675920960781184,-0.854864365968797
2025-01-31 20:00:00+00:00,101603.8828125,334.1700134277344,-0.006881912973859631,-0.007096804478090933,0.003288949242662432,0.00342546953349613,0.00016377566345284866,-0.8335810581100318
2025-02-03 14:00:00+00:00,96702.8359375,328.7742004394531,-0.04943902187172776,-0.016278691420879475,0.0033998403175263974,0.003419738518273528,0.00015837845576536835,-0.12563704230459927
2025-02-03 15:00:00+00:00,99271.7109375,332.1964111328125,0.026217916444126695,0.010355199501270574,0.0033463351038843124,0.003412818284070908,0.00015213846004428976,-0.4369912786499971
2025-02-03 16:00:00+00:00,98696.1796875,330.2300109863281,-0.005814406261670609,-0.005936979132315869,0.0033459249591213124,0.0034066603489807013,0.00014707681138997612,-0.41295014003497893
2025-02-03 17:00:00+00:00,99010.7421875,336.9468078613281,0.0031821118092451597,0.02013566306456214,0.003403133846055214,0.0034022970842544414,0.00014311491157352268,0.005846782781561648
2025-02-03 18:00:00+00:00,99995.4140625,342.17999267578125,0.009895974368936489,0.015411815271733614,0.0034219568555604856,0.0033986958062304272,0.00013976175104270618,0.1664335854160173
2025-02-03 19:00:00+00:00,102005.890625,345.3445129394531,0.019906237280705386,0.009205614012183559,0.003385535000219044,0.0033953215253190766,0.00013754041271689382,-0.0711538151348789
2025-02-03 20:00:00+00:00,101230.265625,347.1700134277344,-0.0076327832598995496,0.005272105196652836,0.0034295080753200817,0.0033916446195337343,0.00013350290973452206,0.2836152100477885
2025-02-04 14:00:00+00:00,100056.96875,346.4150085449219,-0.01165806830455322,-0.002177109242871977,0.003462177726075895,0.0033891391980021206,0.00013066832421795927,0.5589612364810288
2025-02-04 15:00:00+00:00,99442.078125,346.57598876953125,-0.006164366013311036,0.00046459543667619184,0.003485204606583952,0.0033866243355991214,0.00012724190905204148,0.7747468716813384
2025-02-04 16:00:00+00:00,99140.2734375,344.79998779296875,-0.0030395945812217414,-0.005137595008249387,0.003477900310718202,0.003384408323088719,0.00012439645844244867,0.7515647052985541
2025-02-04 17:00:00+00:00,99237.453125,347.7550048828125,0.0009797440162006709,0.008533719500048019,0.003504271763653371,0.0033826020828797276,0.00012178567100605069,0.9990475871960235
2025-02-04 18:00:00+00:00,99453.8203125,350.8399963378906,0.0021779242669514977,0.008832045758700259,0.0035276673659744248,0.003380224391592588,0.00011738617081971444,1.2560506348595741
2025-02-04 19:00:00+00:00,99188.7109375,345.3500061035156,-0.0026692121846579858,-0.015771855436660782,0.0034817470943959016,0.003377539691681335,0.00011303999952867307,0.9218630851828138
2025-02-04 20:00:00+00:00,98747.2109375,348.3500061035156,-0.004461047070246949,0.008649325788941923,0.0035276946335628307,0.0033763010758872712,0.00011092609200421538,1.3648146702022665
2025-02-05 14:00:00+00:00,98219.3828125,346.3500061035156,-0.005359582845439821,-0.005757896906337477,0.0035262897829921713,0.003375299407908201,0.00010925560058928326,1.3819920834225918
2025-02-05 15:00:00+00:00,98071.8671875,342.6000061035156,-0.0015030283089131637,-0.01088623838570495,0.00349335661620994,0.0033739318001618254,0.00010720250049000185,1.1140114782980501
2025-02-05 16:00:00+00:00,98053.6875,346.1000061035156,-0.0001853882588735658,0.010164164571118628,0.003529699034557121,0.003370855953977276,9.965445615381301e-05,1.5939385624128688
2025-02-05 17:00:00+00:00,97633.5546875,342.0201110839844,-0.004293927936547954,-0.011858228603586719,0.0035031000579534683,0.003369154050056054,9.640315334270972e-05,1.3894359598512414
2025-02-05 18:00:00+00:00,96674.140625,338.5000915527344,-0.009875284227746292,-0.010345176854559832,0.003501454363745314,0.003368927482109423,9.606985720458661e-05,1.3794845281560788
2025-02-05 19:00:00+00:00,97390.765625,338.9880065917969,0.007385449241654813,0.0014403651510727397,0.0034806996784177593,0.003368505745303401,9.551182744842126e-05,1.1746601034824284
2025-02-05 20:00:00+00:00,97493.890625,336.4750061035156,0.0010583184085362705,-0.007440857709985873,0.0034512419593319067,0.003367588617021591,9.442456950693635e-05,0.8859277066036375
2025-02-06 14:00:00+00:00,97908.109375,337.4125061035156,0.004239663570037789,0.0027823652696535276,0.0034462161332437192,0.0033663249841877725,9.28162968115897e-05,0.8607448454673853
2025-02-06 15:00:00+00:00,97276.6875,329.6400146484375,-0.006470012908525423,-0.023305041196150195,0.0033886846182795594,0.0033645480711074886,9.131368356565351e-05,0.2643256325840463
2025-02-06 16:00:00+00:00,96486.609375,330.66558837890625,-0.008155130682564647,0.0031063633276939505,0.003427061957310138,0.0033647676997330114,9.1450104372838e-05,0.6811830123578195
2025-02-06 17:00:00+00:00,96834.6171875,326.3999938964844,0.0036003101635671583,-0.012983953270102433,0.003370695350243178,0.0033649335158000113,9.145170904784376e-05,0.06300411991374065
2025-02-06 18:00:00+00:00,96334.78125,324.9598999023437,-0.005175116318484654,-0.004421814589128391,0.0033732354574931233,0.0033643966409045833,9.13042686415463e-05,0.09680617040196154
2025-02-06 19:00:00+00:00,96043.4453125,325.69000244140625,-0.00302878517409003,0.0022442264046022174,0.0033910695454718123,0.003365174419170292,9.132982644041558e-05,0.28353416743230553
2025-02-06 20:00:00+00:00,96842.25,325.260009765625,0.008282721566595793,-0.0013211236815700964,0.003358658124585344,0.003365228839388585,9.132487187624241e-05,-0.0719487984844431
2025-02-07 14:00:00+00:00,99764.6796875,335.510009765625,0.02973084372857383,0.031026898809301366,0.0033630139525989244,0.003366903259111326,9.032588731184797e-05,-0.04305860288948655
2025-02-07 15:00:00+00:00,98169.3828125,334.74810791015625,-0.016119826970339073,-0.0022734590258319037,0.003409903356013892,0.003367904878304296,9.046618375573605e-05,0.46424504677896317
2025-02-07 16:00:00+00:00,97905.2421875,338.8800048828125,-0.002694288307701376,0.012267744513890148,0.003461306027248445,0.0033688882141897263,9.116440940050652e-05,1.0137488266139683
2025-02-07 17:00:00+00:00,97483.7109375,341.5,-0.0043147977124128375,0.007701602189126025,0.0035031493642968398,0.00337029573172515,9.258730805593509e-05,1.4349011258803273
2025-02-07 18:00:00+00:00,97769.4609375,336.4090881347656,0.002926971185783517,-0.015019735418573857,0.0034408401653131557,0.003371762746046528,9.300210777305962e-05,0.7427511152240549
2025-02-07 19:00:00+00:00,96981.5546875,332.9349975585937,-0.00809146536433576,-0.010380675193065594,0.0034329723691417153,0.0033743010484485374,9.255113579827478e-05,0.6339340969413751
2025-02-07 20:00:00+00:00,95800.640625,327.7300109863281,-0.012251430497243972,-0.015757136215343075,0.0034209584492152566,0.003375641537791836,9.263612106115735e-05,0.48919267024903407
2025-02-10 14:00:00+00:00,97347.1953125,333.809814453125,0.0160145489909116,0.01838128080793665,0.003429064529096522,0.0033778201480369123,9.232409162934564e-05,0.5550488518786746
2025-02-10 15:00:00+00:00,97230.6640625,334.9800109863281,-0.001197785444926644,0.0034994483554922186,0.0034452095356563906,0.0033801252172409603,9.225004348865362e-05,0.705520734236135
2025-02-10 16:00:00+00:00,97366.6640625,330.0443115234375,0.0013977583706072671,-0.014843938557410593,0.0033897054469441503,0.003381702669719935,9.157753588093864e-05,0.08738799474381634
2025-02-10 17:00:00+00:00,97479.953125,332.0342102050781,0.0011628539094117505,0.006011083604444769,0.0034061794200834885,0.0033831566585798708,9.125614762597984e-05,0.2522872387510615
2025-02-10 18:00:00+00:00,97506.8203125,331.1600036621094,0.0002755795913372854,-0.002636353065291059,0.0033962752820856363,0.003384824067125562,9.055221897161524e-05,0.12645979402960855
2025-02-10 19:00:00+00:00,97417.1875,331.69000244140625,-0.0009196693606235958,0.0015991518061800967,0.003404840674972332,0.0033870059603952132,8.94047585616386e-05,0.19948283362146746
2025-02-10 20:00:00+00:00,97362.6171875,334.6199951171875,-0.0005603282539001607,0.008794739902191217,0.003436842648475436,0.0033888590561320137,8.926378650741844e-05,0.5375482513217665
2025-02-11 14:00:00+00:00,96998.9375,331.82000732421875,-0.003742305030688792,-0.00840286974932919,0.0034208622885608282,0.003391230959899281,8.816697633461036e-05,0.33608194239406275
2025-02-11 15:00:00+00:00,97030.46875,329.4607849121094,0.0003250151705039085,-0.00713534235202874,0.0033954363939121893,0.0033941785811765503,8.520356938151227e-05,0.014762441817512205
2025-02-11 16:00:00+00:00,96344.03125,327.41259765625,-0.007099595688973477,-0.006236190864343709,0.0033983692960351396,0.0033956830349946513,8.445155454085827e-05,0.031808307793655184
2025-02-11 17:00:00+00:00,96099.7734375,323.44000244140625,-0.0025384859134462644,-0.012207509190937538,0.0033656687302365033,0.003397255808882303,8.296146871973339e-05,-0.3807439662442495
2025-02-11 18:00:00+00:00,95507.0234375,320.30499267578125,-0.006187169772592506,-0.00973998888860102,0.0033537323345166287,0.0033986534306903547,8.147214772230034e-05,-0.5513675216571008
2025-02-11 19:00:00+00:00,95099.53125,320.635009765625,-0.004275748113520975,0.0010297909874594062,0.0033715729778176482,0.0034000226191805935,8.028700982193748e-05,-0.35434924561322617
2025-02-11 20:00:00+00:00,95241.0625,319.4700012207031,0.0014871370661986055,-0.0036400584631966623,0.0033543305044576033,0.003402313825372356,7.685974410908773e-05,-0.624297172348761
2025-02-12 14:00:00+00:00,95572.625,319.0599975585937,0.003475252095847455,-0.0012842112954484972,0.0033384036229892576,0.0034040746592052073,7.406886454816146e-05,-0.8866213437529982
2025-02-12 15:00:00+00:00,95778.6875,319.3999938964844,0.0021537618630653624,0.0010650514506161306,0.003334771045974966,0.0034053189572568216,7.221328892626403e-05,-0.9769380723524619
2025-02-12 16:00:00+00:00,96952.40625,328.5201110839844,0.012180009333020686,0.02815384033495581,0.0033884678451081185,0.003407477297864177,6.96548956643467e-05,-0.27290906941647175
2025-02-12 17:00:00+00:00,97347.0703125,324.6099853515625,0.004062436114153871,-0.011973640379600673,0.003334563477971257,0.003409106574158974,6.667467602470528e-05,-1.1180121244248131
2025-02-12 18:00:00+00:00,96930.75,324.4700012207031,-0.0042858309722624156,-0.0004313309173771525,0.0033474413560268864,0.003410203920095405,6.506291720408389e-05,-0.9646441746786449
2025-02-12 19:00:00+00:00,97193.6484375,330.2099914550781,0.0027085580209484043,0.017535704116600784,0.0033974441412950806,0.0034123207561155542,6.245216809034375e-05,-0.23820814033154197
2025-02-12 20:00:00+00:00,97034.890625,327.010009765625,-0.0016347530452722025,-0.009738008493373163,0.003370025025631083,0.0034132114268656767,6.14364876405194e-05,-0.7029438513361661
2025-02-13 14:00:00+00:00,95906.03125,326.29998779296875,-0.011701740048654787,-0.0021736151439813536,0.0034022885061565796,0.0034145859081194463,6.0222188816955974e-05,-0.20420051486744215
2025-02-13 15:00:00+00:00,95925.8671875,320.5849914550781,0.00020680541382607644,-0.01766974103594157,0.0033420077488426733,0.003414576869728002,6.023322318098337e-05,-1.204802217993211
2025-02-13 16:00:00+00:00,95294.9765625,320.4100036621094,-0.006598578918206619,-0.0005459880300120117,0.003362296893498534,0.0034157875498553596,5.83813410813308e-05,-0.9162286334311479
2025-02-13 17:00:00+00:00,95708.2109375,320.0,0.004326996058587895,-0.0012804413290941484,0.003343495786468817,0.003416696658918799,5.6775357558142434e-05,-1.2893071148872794
2025-02-13 18:00:00+00:00,95927.1796875,321.4292907714844,0.002285265206825536,0.004456588302605227,0.0033507634834944377,0.0034158787116849334,5.737269436173818e-05,-1.1349515464611164
2025-02-13 19:00:00+00:00,95656.7265625,325.9599914550781,-0.0028233405399013295,0.0139970641410079,0.0034076013592426566,0.0034168998159409057,5.6654704860147154e-05,-0.16412505759587814
2025-02-13 20:00:00+00:00,96261.8359375,325.0299987792969,0.006305918221536622,-0.002857166231096013,0.003376519838976782,0.0034174097306051633,5.614042485118238e-05,-0.7283502349113467
2025-02-14 14:00:00+00:00,97286.3125,325.3280029296875,0.010586369733987216,0.0009164311670310534,0.0033440264572643505,0.003416424607458649,5.6908515152593636e-05,-1.272184839125939
2025-02-14 15:00:00+00:00,96957.0390625,329.45001220703125,-0.0033903219878373345,0.012590721239266021,0.0033978967942148346,0.0034160236064362222,5.695362262861585e-05,-0.3182732087050765
2025-02-14 16:00:00+00:00,97517.9375,332.2300109863281,0.005768351308591191,0.008402898801562073,0.003406860517187703,0.0034163790317190326,5.682653059202495e-05,-0.1675012433834082
2025-02-14 17:00:00+00:00,98700.9453125,340.375,0.012058188586246955,0.02422041777977501,0.003448548531347178,0.0034166963726528173,5.695411218212727e-05,0.5592600336303072
2025-02-14 18:00:00+00:00,98278.984375,338.8500061035156,-0.00428431042294257,-0.004490401399360844,0.0034478378898440427,0.003416457375382287,5.678987379520798e-05,0.5525723577924875
2025-02-14 19:00:00+00:00,97927.0,340.7799987792969,-0.003587910467821427,0.005679554610444795,0.0034799391258723018,0.003416369617370426,5.668581039888559e-05,1.1214360005537758
2025-02-14 20:00:00+00:00,97062.3046875,337.739990234375,-0.008869214464555669,-0.008960764415641417,0.003479620552198471,0.003416398288061764,5.6717884983991044e-05,1.114679508140194
2025-02-18 14:00:00+00:00,95646.015625,337.3443908691406,-0.01469904943012792,-0.0011719998909473699,0.0035270093444537106,0.003416777247741769,5.738697537276505e-05,1.9208556644763657
2025-02-18 15:00:00+00:00,95501.640625,335.45001220703125,-0.0015106125838748256,-0.0056313894995052675,0.0035125052303993467,0.003416524545482185,5.692189540892683e-05,1.6861821664165744
2025-02-18 16:00:00+00:00,94643.3984375,334.2503967285156,-0.009027298530162197,-0.0035825474960526197,0.0035316821061666098,0.003417356795678363,5.8241425194482494e-05,1.9629552351524095
2025-02-18 17:00:00+00:00,94095.6640625,329.04010009765625,-0.00580416057417771,-0.015710774769529395,0.0034968678246332587,0.003416843015529537,5.738119339436852e-05,1.3946173714744565
2025-02-18 18:00:00+00:00,93873.125,329.55499267578125,-0.002367831038166653,0.0015636092302499238,0.003510642611245564,0.0034165822293337604,5.690896218603904e-05,1.6528219510367173
2025-02-18 19:00:00+00:00,94083.1953125,332.5,0.0022353108383986733,0.008896622732327367,0.003534106158869199,0.0034172613883780814,5.807199808904918e-05,2.0120673359980596
2025-02-18 20:00:00+00:00,94214.4453125,333.95001220703125,0.0013940697378960292,0.004351457629205355,0.0035445733517758564,0.0034175092936650606,5.858956421875192e-05,2.168714852296652
2025-02-19 14:00:00+00:00,95855.46875,333.1167907714844,0.01726800606651201,-0.002498166196127607,0.0034751985996780634,0.00341704426936047,5.800654365860026e-05,1.0025477584022773
2025-02-19 15:00:00+00:00,95955.5859375,333.6549987792969,0.0010439147707630163,0.0016143698132893923,0.0034771816097983158,0.0034166397234613533,5.749022076952852e-05,1.05308147240672
2025-02-19 16:00:00+00:00,96245.8359375,331.04998779296875,0.0030202713154541066,-0.007838136845099932,0.0034396292012876858,0.0034159552155091856,5.69565889935655e-05,0.41564964118856657
2025-02-19 17:00:00+00:00,96432.1640625,327.8450012207031,0.0019340888226276841,-0.009728445057353374,0.0033997474225323713,0.003415096973229193,5.6803627276164284e-05,-0.27022131213902956
2025-02-19 18:00:00+00:00,95661.71875,320.0,-0.008021592696947275,-0.024219943646050388,0.003345120746118729,0.003413412050110443,5.736153623537839e-05,-1.1905417545214656
2025-02-19 19:00:00+00:00,96116.8984375,317.5,0.0047469373687686715,-0.007843177461025893,0.0033032693018746786,0.0034119884615036954,5.90215110671562e-05,-1.842026028532433
2025-02-19 20:00:00+00:00,96208.5390625,318.9100036621094,0.000952974636393174,0.004431124467238146,0.003314778571317206,0.0034101170717371464,6.030167294600341e-05,-1.5810257951766982
2025-02-20 14:00:00+00:00,97054.9765625,319.67999267578125,0.008759469260386727,0.002411529749109248,0.0032938032030734514,0.0034088355359509844,6.19482448999428e-05,-1.856910281531466
2025-02-20 15:00:00+00:00,96919.6640625,318.95001220703125,-0.0013951568257830184,-0.0022860835885757306,0.0032908699724892966,0.0034074627778675876,6.36400042634029e-05,-1.8320678436116846
2025-02-20 16:00:00+00:00,97556.765625,321.5400085449219,0.0065519903124240724,0.00808759034928422,0.0032959273145739027,0.0034058770740192884,6.522107288113276e-05,-1.6858011465983127
2025-02-20 17:00:00+00:00,98005.625,323.2500915527344,0.004590454859675062,0.005304321567907636,0.00329828100736804,0.0034048707887323337,6.641676839099055e-05,-1.6048625060588277
2025-02-20 18:00:00+00:00,98337.1328125,322.9700012207031,0.0033768307138827775,-0.0008668574459467921,0.003284313788531052,0.0034035591193312025,6.801530327003909e-05,-1.7532132485936909
2025-02-20 19:00:00+00:00,98443.15625,324.4100036621094,0.0010775819901932195,0.004448715763468151,0.0032954043330168967,0.0034016508022812527,6.942591653073574e-05,-1.5303574597725242
2025-02-20 20:00:00+00:00,98423.5,323.8099975585937,-0.00019969100344096645,-0.001851242706928198,0.0032899662942142242,0.003398795140064016,7.044686786846975e-05,-1.5448358336240637
2025-02-21 14:00:00+00:00,98839.71875,320.41229248046875,0.004219938925278661,-0.010548335986146748,0.0032417361818977124,0.003394438253690697,7.195121641226044e-05,-2.122300072288482
2025-02-21 15:00:00+00:00,98071.1015625,320.25,-0.0078067938568003445,-0.0005066397253126327,0.003265487945966499,0.0033915157167015856,7.357738301188935e-05,-1.7128601966547516
2025-02-21 16:00:00+00:00,98245.6640625,316.4100036621094,0.001778376344481082,-0.012063088246274277,0.0032206001830352724,0.0033879761802664784,7.659557148416803e-05,-2.185191571627635
2025-02-21 17:00:00+00:00,97009.53125,310.7550048828125,-0.012661884110716917,-0.01803401645186777,0.003203345082474177,0.0033843492908207937,8.00802103478609e-05,-2.260286374877781
2025-02-21 18:00:00+00:00,96547.625,306.3399963378906,-0.0047728240670089975,-0.014309251796688785,0.0031729418133060305,0.0033800805788909523,8.436783066287418e-05,-2.4551865794988683
2025-02-21 19:00:00+00:00,95375.4140625,303.5199890136719,-0.012215578907761756,-0.009248114291698879,0.0031823713899136906,0.0033756999431285737,8.768720065950742e-05,-2.2047522530179173
2025-02-21 20:00:00+00:00,94966.3125,299.79998779296875,-0.004298607560593022,-0.012331925039066442,0.0031569088016655247,0.003371819999040597,9.20964707809955e-05,-2.3335443318575053
2025-02-24 14:00:00+00:00,94637.4921875,283.19000244140625,-0.0034685025724903425,-0.05699748586849563,0.0029923658784230846,0.00336492310667959,0.00010418161035824734,-3.5760363750896165
2025-02-24 15:00:00+00:00,94246.828125,290.32000732421875,-0.004136548961916134,0.02486572905015156,0.0030804220481475087,0.003359658886113955,0.00011036686439193736,-2.530078565744279
2025-02-24 16:00:00+00:00,94355.0703125,295.0299987792969,0.0011478378561523743,0.016093253814037305,0.00312680598723704,0.0033550249746516995,0.00011420770039425793,-1.9982802090123684
2025-02-24 17:00:00+00:00,94658.1875,295.539794921875,0.0032073670477970858,0.0017264556184295658,0.0031221788915182323,0.003349780578702413,0.00011756235102115322,-1.936008298636592
2025-02-24 18:00:00+00:00,94135.8203125,291.75,-0.00553374046727646,-0.012906226398704864,0.003099245314179935,0.003344420295796065,0.00012153152814082607,-2.0173775921918016
2025-02-24 19:00:00+00:00,93894.8671875,285.8399963378906,-0.002562914172105925,-0.020465070263256696,0.003044255824624499,0.0033385672863079363,0.0001273501400373913,-2.3110415237629462
2025-02-24 20:00:00+00:00,94042.59375,282.4599914550781,0.001572082459642767,-0.011895283514285857,0.0030035325504309384,0.0033319866738812003,0.0001342233881819279,-2.4470707221685646
2025-02-25 14:00:00+00:00,87084.9765625,250.6000061035156,-0.07686342058976582,-0.11967885057154627,0.0028776491192331268,0.0033238530136978106,0.00014638340099539256,-3.0481864161547123
2025-02-25 15:00:00+00:00,87301.0390625,249.50999450683597,0.0024779809296589478,-0.0043590942846781335,0.002858041521455528,0.003315591500146792,0.00015818088343942118,-2.8925744296180573
2025-02-25 16:00:00+00:00,87449.515625,251.93820190429688,0.0016992975901458918,0.009684854366095053,0.0028809559447379373,0.0033074145495954636,0.0001676362441201081,-2.5439522765254567
2025-02-25 17:00:00+00:00,87117.859375,249.33999633789065,-0.00379975524110978,-0.010366414669376321,0.0028620996673552695,0.0032992107023104246,0.00017707983266802913,-2.468440524080489
2025-02-25 18:00:00+00:00,86978.6875,245.1450042724609,-0.0015987899489474536,-0.01696752258818513,0.00281844910884015,0.0032905447937412726,0.00018754292198309625,-2.517267406890854
2025-02-25 19:00:00+00:00,87863.0859375,257.0249938964844,0.010116643900615709,0.047323443040571816,0.0029252898547100312,0.0032837201072201906,0.00019326933590660053,-1.8545634817277719
2025-02-25 20:00:00+00:00,88076.6484375,250.3600006103516,0.002427679064615501,-0.026273448187607375,0.002842524154265581,0.003274621045706148,0.00020095295600027415,-2.1502390412210586
2025-02-26 14:00:00+00:00,87432.484375,250.72999572753903,-0.007340551966386871,0.0014767614086597608,0.002867698402028154,0.0032668399611070964,0.00020752388333408262,-1.9233524000530764
2025-02-26 15:00:00+00:00,87413.8359375,255.89010620117188,-0.00021331232521660325,0.02037143376095246,0.0029273410033639376,0.0032598382885627142,0.00021180119873822403,-1.5698555399099847
2025-02-26 16:00:00+00:00,86805.0390625,261.1099853515625,-0.00698890235679182,0.020193638709134445,0.0030080049288793266,0.003253347635022451,0.0002134733768487943,-1.1492894793944424
2025-02-26 17:00:00+00:00,85626.4609375,251.7100067138672,-0.013670315216060595,-0.036664060510949566,0.002939628754452365,0.0032461743638361393,0.0002166932006061223,-1.4146526449668098
2025-02-26 18:00:00+00:00,83982.5859375,251.9900054931641,-0.019384891396917417,0.001111768121309393,0.003000503052867359,0.0032394779396146527,0.0002179913266003565,-1.0962586928305005
2025-02-26 19:00:00+00:00,83755.3671875,252.4199981689453,-0.0027092126110497177,0.0017049335929814964,0.0030137769870181826,0.0032340074269175774,0.0002194880737881421,-1.0033822617258432
2025-02-26 20:00:00+00:00,84382.9453125,263.57000732421875,0.007465056953295452,0.043224655562454674,0.003123498549951361,0.0032300274545251245,0.0002192873461773401,-0.4857959496103905
2025-02-27 14:00:00+00:00,84982.125,260.2699890136719,0.007075628831802584,-0.012599503624405031,0.003062643926751324,0.0032253465901964998,0.00021982107612362166,-0.7401595257120661
2025-02-27 15:00:00+00:00,85580.4296875,257.8599853515625,0.007015691605194601,-0.009302766339559683,0.0030130718704398595,0.00321971839664559,0.00022087605201020008,-0.9355768736584784
2025-02-27 16:00:00+00:00,84347.984375,255.38999938964844,-0.014505719125667574,-0.009624959000779578,0.0030278138983644023,0.0032133886056309527,0.00022084241426303808,-0.8403037427652758
2025-02-27 17:00:00+00:00,84459.4609375,256.44000244140625,0.0013207542889891904,0.004102942465241566,0.0030362495757718824,0.003207717434577538,0.00022095124280216945,-0.7760438757032968
2025-02-27 18:00:00+00:00,84702.921875,248.6450042724609,0.0028784307899788744,-0.03086853508426052,0.00293549500735521,0.0032009085770790522,0.0002229650317587816,-1.1903820416601663
2025-02-27 19:00:00+00:00,84054.6875,240.4900054931641,-0.007682469141964109,-0.03334766207386548,0.0028611135517357562,0.0031919621897044,0.00022567957442997405,-1.4660105541421196
2025-02-27 20:00:00+00:00,83613.7578125,239.82000732421875,-0.005259554988154097,-0.002789858989540438,0.002868188365149239,0.0031829843205037596,0.00022769132460668604,-1.3825557732526672
2025-02-28 14:00:00+00:00,81949.625,256.1650085449219,-0.020103344467720653,0.06593312897383447,0.003125883840773181,0.0031776065756608596,0.00022510855856059671,-0.22976796270389446
2025-02-28 15:00:00+00:00,83971.3203125,248.8300018310547,0.024370586474971274,-0.029051861732824456,0.0029632736618292015,0.0031695305051939455,0.00022393848220906017,-0.9210424279476486
2025-02-28 16:00:00+00:00,84407.1640625,251.75999450683597,0.005176964563336995,0.011706291204321038,0.002982685146493231,0.0031612429388709613,0.00022144344788171803,-0.806335857239296
2025-02-28 17:00:00+00:00,83610.40625,248.63999938964844,-0.009484291238006799,-0.012470166212578732,0.0029737925043229704,0.0031528124714063693,0.00021872914253372083,-0.8184550307730482
2025-02-28 18:00:00+00:00,84385.390625,252.63999938964844,0.009226300740012695,0.015959483366915096,0.002993883153451936,0.003143927034889673,0.0002140490201736308,-0.700979062254176
2025-02-28 19:00:00+00:00,84374.546875,254.2100067138672,-0.00012851095082824855,0.006195175403934436,0.003012875519088436,0.0031355998730344917,0.00020912919189736655,-0.5868351177213214
2025-02-28 20:00:00+00:00,84320.7578125,255.6024932861328,-0.0006377067153410512,0.005462753601013897,0.003031311623817515,0.0031272603649953397,0.0002029522852488793,-0.47276501991669223
2025-03-03 14:00:00+00:00,89657.6796875,271.4849853515625,0.061370787284695576,0.060283358175846846,0.0030280170789364373,0.0031194461859003924,0.00019743113139921657,-0.4630936687440668
2025-03-03 15:00:00+00:00,90045.546875,262.32000732421875,0.004316759328428699,-0.034341674814908775,0.002913192450131574,0.0031094886832151595,0.00019236797787631322,-1.0204205255502443
2025-03-03 16:00:00+00:00,90150.109375,267.6449890136719,0.0011605441985891806,0.020096274046041973,0.0029688814674682347,0.00310006827169181,0.00018491714292541604,-0.7094355999026439
2025-03-03 17:00:00+00:00,90238.265625,255.8249969482422,0.0009774050796580195,-0.045167829459630396,0.002834994613165164,0.003088241959381632,0.000178589303187506,-1.4180431957370734
2025-03-03 18:00:00+00:00,87175.28125,255.6000061035156,-0.03453274915842361,-0.0008798586611869635,0.0029320238769349033,0.003079189047335913,0.00017229780822308806,-0.8541325738192955
2025-03-03 19:00:00+00:00,85657.0546875,247.1499938964844,-0.01756923098496474,-0.033618331325172605,0.0028853431255388613,0.0030693250725982555,0.00016595107662540736,-1.1086517231502326
2025-03-03 20:00:00+00:00,85929.8828125,251.3800048828125,0.0031800597282745807,0.016970342863344725,0.0029254084452940148,0.003060754726665027,0.00015966201740350445,-0.847704943054549
2025-03-04 14:00:00+00:00,83668.90625,240.85549926757807,-0.02666422953511301,-0.04276859235623116,0.00287867393112454,0.003052070168474897,0.0001550143625645235,-1.1185817525661994
2025-03-04 15:00:00+00:00,82764.75,243.1699981689453,-0.01086517192663502,0.009563614125541891,0.002938086542506868,0.003045286265081366,0.00015082204401506901,-0.7107695912395111
2025-03-04 16:00:00+00:00,83612.578125,257.7650146484375,0.010191718706879346,0.05828759426865656,0.003082849738984023,0.003041612605699855,0.00014706945606889155,0.2803922336181873
2025-03-04 17:00:00+00:00,85285.953125,263.8099975585937,0.019815799980053093,0.023180763857329638,0.0030932408901139744,0.003037920311013134,0.0001428145604652607,0.38735951656901957
2025-03-04 18:00:00+00:00,86832.3359375,275.6700134277344,0.017969321340963466,0.043975409074335794,0.0031747391159228466,0.003035935909560624,0.0001399982434606839,0.9914639136254823
2025-03-04 19:00:00+00:00,88205.2109375,289.0400085449219,0.01568695605660543,0.047360569512143104,0.0032769040000338347,0.0030357031433530333,0.00013957817659606642,1.728069978868021
2025-03-04 20:00:00+00:00,86717.046875,274.69000244140625,-0.017015558643264365,-0.05092191842513432,0.0031676586362236665,0.003033565332047196,0.00013647271994807162,0.9825648981532246
2025-03-05 14:00:00+00:00,88451.25,275.6099853515625,0.019801069235749452,0.0033435718249703555,0.003115953537700852,0.0030305265408860763,0.00013244907986566834,0.6449799190860133
2025-03-05 15:00:00+00:00,88401.6484375,282.29998779296875,-0.0005609358312905116,0.023983522215766863,0.003193379227453603,0.003029010964868119,0.00012999334917104097,1.264435939481901
2025-03-05 16:00:00+00:00,89027.859375,297.54010009765625,0.00705873048213467,0.05257871412841922,0.0033421010253022972,0.0030297892430728754,0.00013174330428582706,2.3706083882019375
2025-03-05 17:00:00+00:00,89736.671875,292.5,0.00793016612034067,-0.017084339474607215,0.0032595369751113805,0.003029282087754494,0.00013077980492972411,1.7606303012962607
2025-03-05 18:00:00+00:00,89727.0234375,297.5,-0.00010752522946210113,0.016949558313773205,0.0033156120486625275,0.0030305133522005746,0.00013314037634201776,2.141339121121131
2025-03-05 19:00:00+00:00,89806.296875,302.5071105957031,0.000883105626453729,0.01669055831044552,0.003368439865823196,0.0030322292175315197,0.0001368321900748922,2.457102002881476
2025-03-05 20:00:00+00:00,90299.5390625,308.5400085449219,0.005477261944942153,0.019746738982360314,0.0034168503156075773,0.0030355000530743912,0.00014359003038502062,2.6558268809515395
2025-03-06 14:00:00+00:00,89676.4375,316.70001220703125,-0.006924302498584936,0.026103469810565532,0.003531585565127197,0.003040970727785275,0.00015582480912540878,3.14850273262374
2025-03-06 15:00:00+00:00,90799.7734375,311.6000061035156,0.012448737023825228,-0.016234658504800263,0.003431726691675046,0.0030452838090914256,0.00016295775645177273,2.3714298171378436
2025-03-06 16:00:00+00:00,89384.546875,300.57000732421875,-0.01570897693108242,-0.036039637277210705,0.0033626618675435195,0.0030482886503852558,0.0001671370429165774,1.8809308318035514
2025-03-06 17:00:00+00:00,88692.0,302.4067077636719,-0.007778119900584206,0.006092129510495845,0.0034096277878914883,0.003052500633489022,0.00017300219763023605,2.0642925887321217
2025-03-06 18:00:00+00:00,88398.8984375,298.2300109863281,-0.003310185139045944,-0.013907788086937236,0.003373684698086859,0.003058855947150085,0.00017769596375667962,1.7717270796756617
2025-03-06 19:00:00+00:00,88649.78125,303.8218994140625,0.002834056496376451,0.018576634803653593,0.0034272154440771673,0.003064635837082246,0.00018393968572978536,1.9711874876613906
2025-03-06 20:00:00+00:00,89151.0859375,304.2900085449219,0.005638960302023948,0.0015395496032642151,0.003413194638573966,0.0030694089812711945,0.00018922033642972504,1.8168536415770018
2025-03-07 14:00:00+00:00,90461.6328125,302.0,0.014593288741710194,-0.00755420476265133,0.00333843189218081,0.0030730131979489045,0.00019227738824951934,1.3803947341299965
2025-03-07 15:00:00+00:00,88445.3125,287.2200012207031,-0.02254139083332245,-0.05017854049233391,0.003247430452808939,0.0030754829502593877,0.00019356741575901458,0.8883080960466029
2025-03-07 16:00:00+00:00,87027.671875,287.6600036621094,-0.01615828754792593,0.001530763023894123,0.0033053854879087487,0.0030798351113141254,0.00019577641550733683,1.1520814496992904
2025-03-07 17:00:00+00:00,87475.8359375,298.7200012207031,0.005136458899324835,0.03772744397342856,0.0034148859284309496,0.0030866910009474586,0.00020021144175463173,1.6392416167988486
2025-03-07 18:00:00+00:00,88522.3203125,302.0199890136719,0.011892132626077617,0.01098652009162302,0.003411794764839941,0.0030955934283742386,0.0002026197666039482,1.5605651006585504
2025-03-07 19:00:00+00:00,87831.1328125,300.32000732421875,-0.00783870150462373,-0.005644606745234496,0.003419288784141443,0.0031049475494190045,0.00020441438551541328,1.5377647416049232
2025-03-07 20:00:00+00:00,87073.0859375,286.54998779296875,-0.008668191389473053,-0.04693559882850575,0.0032909134287333153,0.003111780174152261,0.0002036505482766657,0.8796109615069444
2025-03-10 13:00:00+00:00,81565.6796875,251.47999572753903,-0.0653392528104126,-0.1305495518721484,0.0030831594451370525,0.0031154645037819568,0.00020103981967302354,-0.1606898508835021
2025-03-10 14:00:00+00:00,79592.9609375,253.0,-0.024482922924740417,0.00602604220192748,0.0031786730512346068,0.003121468236155198,0.00019736475841762534,0.2898431084558826
2025-03-10 15:00:00+00:00,80071.046875,252.36740112304688,0.005988667989667825,-0.002503522015685587,0.0031517934505967066,0.0031252432960866424,0.00019570804183458468,0.1356620518052334
2025-03-10 16:00:00+00:00,79143.328125,243.8800048828125,-0.011653837784217481,-0.034209645650846346,0.0030814979690723296,0.003129226193000088,0.000192258140075806,-0.2482507315889944
2025-03-10 17:00:00+00:00,78535.3828125,235.0200958251953,-0.00771122901000476,-0.03700529642318858,0.0029925377251460803,0.0031313068483853875,0.00019004261597375586,-0.7302000266007213
2025-03-10 18:00:00+00:00,77535.15625,237.31500244140625,-0.012817797169149332,0.009717358218955934,0.003060740622953297,0.0031335301753785427,0.0001883890894562915,-0.38637881118977185
2025-03-10 19:00:00+00:00,78910.546875,238.9499969482422,0.017583430339619142,0.006865929395878503,0.0030281122918430184,0.0031338652980946046,0.00018817977776270297,-0.5619785904144387
2025-03-11 13:00:00+00:00,81030.8203125,235.55499267578125,0.02651468711410293,-0.01430991150959792,0.002906980230082207,0.0031333211560217685,0.0001887971438727327,-1.1988577861757101
2025-03-11 14:00:00+00:00,79742.0,246.66000366210935,-0.016033156833140553,0.04606648424159637,0.0030932256986545277,0.0031348665334515547,0.00018806963352626443,-0.22141179315485682
2025-03-11 15:00:00+00:00,81285.9140625,247.05999755859372,0.019176319625297134,0.0016203272421997572,0.0030393949604679543,0.0031352934996757174,0.00018781898250712218,-0.5105902392167769
2025-03-11 16:00:00+00:00,81315.65625,241.34300231933597,0.00036582903565489773,-0.023412044452673548,0.0029679770593911423,0.0031327014748330473,0.00018905361072646138,-0.8713106023679291
2025-03-11 17:00:00+00:00,81263.265625,254.7449951171875,-0.0006444947009028669,0.05404385788323214,0.0031348111986139186,0.003133904262697424,0.00018882977649448344,0.00480292850699394
2025-03-11 18:00:00+00:00,83191.734375,259.1700134277344,0.0234539193240044,0.017221243192037765,0.0031153336972094396,0.003135608626476917,0.00018818105654480036,-0.10774160608802082
2025-03-11 19:00:00+00:00,82996.8828125,260.3299865722656,-0.0023449458222179398,0.004465736563196337,0.0031366236628474656,0.0031374221225516346,0.000187648178433983,-0.004255089022619752
2025-03-12 13:00:00+00:00,82637.3515625,256.010009765625,-0.004341274206025355,-0.016733461050500227,0.0030979938844240473,0.003138451194362504,0.00018725282717054474,-0.21605713809388447
2025-03-12 14:00:00+00:00,81583.140625,253.5,-0.012839145773874508,-0.009852721330886887,0.003107259637934538,0.0031413139382054926,0.0001854012431589232,-0.18367892086766593
2025-03-12 15:00:00+00:00,81690.6796875,260.17498779296875,0.0013172850104771767,0.02599061157414383,0.003184879704615553,0.003146710040753489,0.00018178410928808893,0.20997249986011088
2025-03-12 16:00:00+00:00,82039.328125,265.489990234375,0.0042588279220025374,0.020222703800447495,0.003236130722936427,0.003152842413383276,0.00017840382947771928,0.46685270039874954
2025-03-12 17:00:00+00:00,81872.828125,263.45770263671875,-0.0020315766819929185,-0.007684304612110443,0.003217889361712076,0.0031543758387322573,0.00017856352016162982,0.35569148122935884
2025-03-12 18:00:00+00:00,82514.015625,261.42498779296875,0.007800998389198504,-0.007745445003267383,0.00316824948843918,0.0031577921025090906,0.00017679745654786125,0.05914896138371953
2025-03-12 19:00:00+00:00,83055.46875,262.5400085449219,0.006540517502356759,0.004256095131933323,0.003161020129031803,0.0031607643522180663,0.00017529640834186517,0.0014591104070883253
2025-03-13 13:00:00+00:00,81725.8359375,265.5400085449219,-0.01613850155641258,0.01136203672478589,0.003249156224574982,0.0031653537475556004,0.00017391756834170074,0.48185170606072636
2025-03-13 14:00:00+00:00,81962.234375,261.95001220703125,0.0028884035519780816,-0.013611828192327348,0.0031959842750081354,0.0031687220995815367,0.00017249157340965842,0.15804931735333227
2025-03-13 15:00:00+00:00,81059.4375,262.0249938964844,-0.01107590290127345,0.000286203307759073,0.0032325044680514142,0.0031723825820642528,0.00017145554925743182,0.3506558186512324
2025-03-13 16:00:00+00:00,80760.9140625,259.2900085449219,-0.0036895702334796866,-0.01049273637486952,0.0032105878388679473,0.00317537051898176,0.00017051498653079778,0.2065350418910323
2025-03-13 17:00:00+00:00,79976.3671875,265.79998779296875,-0.009761930762930374,0.02479694096578556,0.0033234816376419792,0.0031802949282935195,0.00017045378895698215,0.8400324230081864
2025-03-13 18:00:00+00:00,80788.4296875,264.67999267578125,0.01010257746105199,-0.004222578881636663,0.0032762116270807265,0.0031863452479093386,0.00016722435215350752,0.5374000736979563
2025-03-13 19:00:00+00:00,80251.234375,263.57000732421875,-0.006671614824741259,-0.00420250633294256,0.003284310943961337,0.00319160240585089,0.000165218067119439,0.5611283301324798
2025-03-14 13:00:00+00:00,83581.6015625,274.10791015625,0.04066127535480293,0.039202846404437774,0.0032795245009905644,0.003199011237314647,0.00015879799034122948,0.5070168929903225
2025-03-14 14:00:00+00:00,83446.1015625,289.3500061035156,-0.0016224856977581767,0.054115187570355536,0.003467507776702982,0.0032079359689774485,0.00015858593315020518,1.636789610334981
2025-03-14 15:00:00+00:00,84746.7265625,288.7099914550781,0.015466187714529008,-0.0022143546090696497,0.003406739152835088,0.0032166259027657184,0.00015485072416623416,1.2277194768897612
2025-03-14 16:00:00+00:00,84779.875,290.07000732421875,0.0003910706357225352,0.004699603908734553,0.003421448867720302,0.00322489324313949,0.00015225925504912575,1.2909272708407407
2025-03-14 17:00:00+00:00,84346.9921875,291.5,-0.00511904187656616,0.004917707377149652,0.0034559620022016567,0.0032345147109907753,0.00014819596308028994,1.4942869333822892
2025-03-14 18:00:00+00:00,84600.0078125,294.7900085449219,0.0029952093160117723,0.011223261633187044,0.003484515145651859,0.003243621854376525,0.000146450357155386,1.64488018980891
2025-03-14 19:00:00+00:00,84609.84375,297.1300048828125,0.00011625726776843005,0.007906502482660008,0.003511766382180708,0.00325077046509647,0.00014891712950471333,1.7526252215060139
2025-03-17 13:00:00+00:00,83026.0859375,283.17999267578125,-0.01889576940431963,-0.048087057913750446,0.0034107351861552546,0.003256062036697158,0.0001488655107593235,1.03901265423502
2025-03-17 14:00:00+00:00,82930.125,287.3399963378906,-0.0011564610646720415,0.014583458845064911,0.0034648446066841286,0.003260897128209846,0.0001508770705594432,1.3517460122870728
2025-03-17 15:00:00+00:00,83540.578125,287.5177917480469,0.007334093625360967,0.0006185718259724625,0.0034416543217816865,0.0032636429669056434,0.00015266192293225922,1.166049473613877
2025-03-17 16:00:00+00:00,83452.4921875,291.7900085449219,-0.0010549652809517711,0.01474965207428618,0.0034964804632716274,0.003269123330689776,0.00015504140206126516,1.4664285123789735
2025-03-17 17:00:00+00:00,84228.1796875,294.135009765625,0.009252026778707335,0.008004484082788367,0.003492121174373148,0.003275392791300981,0.0001563427909942309,1.386238416839853
2025-03-17 18:00:00+00:00,84517.3359375,293.9649963378906,0.0034271314641600666,-0.000578178645489079,0.0034781621199617054,0.0032801391728427827,0.00015812345086973348,1.2523313020916775
2025-03-17 19:00:00+00:00,84482.6953125,294.260009765625,-0.00040994815478925854,0.001003063281596555,0.003483080276702376,0.003282488827032784,0.0001600949445611914,1.2529530536982194
2025-03-18 13:00:00+00:00,81241.859375,285.2550048828125,-0.03911610030720296,-0.031080229267153935,0.0035111826228166323,0.003286682921161205,0.00016275757809215027,1.379350223117229
2025-03-18 14:00:00+00:00,81799.0,288.45001220703125,0.006834394712530806,0.01113826883258968,0.003526326876942643,0.0032901948349658735,0.00016564020857806058,1.4255719912685834
2025-03-18 15:00:00+00:00,81558.828125,289.6689147949219,-0.00294044124856913,0.004216794632053755,0.0035516561659145575,0.003293248439967396,0.00016876642748347133,1.5311559875998992
2025-03-18 16:00:00+00:00,81846.125,281.19000244140625,0.0035163826498500264,-0.02970799154544054,0.0034355933459452874,0.0032935608238063583,0.00016901625181424328,0.8403483133387049
2025-03-18 17:00:00+00:00,81379.7734375,278.8599853515625,-0.005714201433840398,-0.008320794871757558,0.0034266498120165954,0.003291811894587848,0.00016704289946100866,0.8072053218893103
2025-03-18 18:00:00+00:00,81820.421875,282.8866882324219,0.005400110060837399,0.014336611288188325,0.003457409308700437,0.0032922399382049384,0.00016743993839414323,0.9864395082772913
2025-03-18 19:00:00+00:00,82428.3515625,283.29998779296875,0.007402581473163742,0.0014599412224183864,0.003436924097386092,0.0032934776420356477,0.00016824186525963704,0.852620452876413
2025-03-19 13:00:00+00:00,84198.3046875,294.70660400390625,0.021245336596308045,0.039473934987784835,0.0035001489055831087,0.003294986327330508,0.0001697006224957523,1.2089677411627417
2025-03-19 14:00:00+00:00,84285.2265625,297.8699951171875,0.0010318145882487766,0.010676834585638563,0.003534071239593905,0.0032976594363556253,0.00017220598654193499,1.3728431164656945
2025-03-19 15:00:00+00:00,84726.921875,299.7850036621094,0.0052267996372468584,0.006408429955818285,0.0035382496735145244,0.0032995100068462474,0.00017420680446842814,1.3704382408985882
2025-03-19 16:00:00+00:00,84595.0,296.7925109863281,-0.0015582377075867807,-0.010032284827971461,0.0035083930608940024,0.0033010966472182485,0.00017568700605897505,1.1799188700737953
2025-03-19 17:00:00+00:00,84153.84375,296.98150634765625,-0.005228566255269667,0.0006365902252146626,0.0035290307978078097,0.0033042732956453653,0.0001780803528669016,1.2621128526762835
2025-03-19 18:00:00+00:00,85773.8359375,301.0071105957031,0.01906742058064245,0.013464019037144056,0.003509311520298977,0.0033086379801035323,0.00017986391508898055,1.1156964980783903
2025-03-19 19:00:00+00:00,85317.53125,303.67999267578125,-0.005334059536798213,0.008840603591960455,0.0035594090479004717,0.0033128717061033947,0.00018275252938058286,1.3490228706146223
2025-03-20 13:00:00+00:00,85414.2109375,307.8500061035156,0.0011325333718848816,0.013638179880133404,0.0036042012532174323,0.003316026961516503,0.000186146443078065,1.5481052817113277
2025-03-20 14:00:00+00:00,86020.2265625,304.92999267578125,0.007069969816057217,-0.009530453133174929,0.0035448638635498975,0.0033182447798283357,0.00018808937338589808,1.2048478850350215
2025-03-20 15:00:00+00:00,84720.1484375,294.4801025390625,-0.015229007800523343,-0.034870780775778404,0.0034759158000803934,0.0033191885634273176,0.00018874590338497827,0.830360997734636
2025-03-20 16:00:00+00:00,83713.7265625,298.3099975585937,-0.01195049217490297,0.012921768798846708,0.0035634538062987537,0.003323730903053408,0.00019131587162083858,1.253021514704452
2025-03-20 17:00:00+00:00,84018.6796875,297.8900146484375,0.003636190141454809,-0.0014088660551021086,0.0035455212549924957,0.0033314369332176656,0.00019077262005090545,1.12219626546883
2025-03-20 18:00:00+00:00,83976.6640625,299.614990234375,-0.0005001998857605087,0.005773944533252689,0.003567836298086159,0.003337922987331858,0.0001921017157873196,1.1968311152870894
2025-03-20 19:00:00+00:00,84188.125,302.07000732421875,0.002514926580455486,0.008160518290865029,0.003588035810563767,0.0033451936933313092,0.00019319005805092454,1.2570114615755485
2025-03-21 13:00:00+00:00,83999.9453125,298.79010009765625,-0.002237730246564747,-0.01091748233590639,0.003557027316935567,0.0033531191824623637,0.00019193884794480257,1.062359895646779
2025-03-21 14:00:00+00:00,84093.96875,297.96539306640625,0.0011187013858318569,-0.0027639713944113005,0.0035432433204837448,0.003362297609051324,0.00018752013899942243,0.964940152017369
2025-03-21 15:00:00+00:00,83559.28125,299.2850036621094,-0.0063785141395339045,0.0044189597873509285,0.0035817086885498953,0.003370980410144601,0.0001853693286911053,1.1368022956831578
2025-03-21 16:00:00+00:00,84062.71875,296.6600036621094,0.0060068369755228975,-0.00880959465949343,0.0035290317524034323,0.003379329067820608,0.00018089163196050465,0.8275821438523476
2025-03-21 17:00:00+00:00,83973.1640625,299.4100036621094,-0.0010658996695227464,0.009227169552509632,0.003565543909233465,0.0033903051291397954,0.00017148006138044254,1.0219192755295794
2025-03-21 18:00:00+00:00,84111.453125,302.70001220703125,0.0016454699545529505,0.010928372562389658,0.0035987966080812048,0.003398731310963574,0.00016903874553232854,1.1835469820105156
2025-03-21 19:00:00+00:00,83962.1796875,303.8099975585937,-0.001776286669729102,0.0036602416215071256,0.003618414846891164,0.00340838164240396,0.00016464765982849701,1.275652534059591
2025-03-24 13:00:00+00:00,87659.21875,328.25030517578125,0.04309032703769401,0.0773739449114847,0.0037446181914070646,0.0034213256612708924,0.0001598976486197931,2.0218716968434083
2025-03-24 14:00:00+00:00,87949.90625,324.94000244140625,0.003310622560187629,-0.010135885472813161,0.0036946031701018014,0.003430655527462357,0.0001592267064807846,1.657684495730604
2025-03-24 15:00:00+00:00,88324.6015625,324.8999938964844,0.004251276959818472,-0.00012313352578450062,0.003678476756745736,0.0034400412451212952,0.00015690532083303965,1.5196139325202105
2025-03-24 16:00:00+00:00,88002.8828125,328.6499938964844,-0.003649109021667828,0.01147591224888288,0.0037345366809938487,0.0034500064620904014,0.00015629418709165347,1.8204785743988938
2025-03-24 17:00:00+00:00,88429.625,331.9700012207031,0.004837464761747201,0.010051270926903904,0.0037540586790988104,0.0034609408753349807,0.00015418488321184795,1.9010800388329234
2025-03-24 18:00:00+00:00,88538.6484375,334.57501220703125,0.001232124257924135,0.007816499102610903,0.0037788583642454163,0.0034721341874401623,0.00015244167611370448,2.012075599171922
2025-03-24 19:00:00+00:00,88243.6875,335.57000732421875,-0.0033369986842709735,0.0029694941224221744,0.0038027650116527457,0.003482432275890782,0.00015357369891112356,2.0858567452187695
2025-03-25 13:00:00+00:00,87625.765625,338.86669921875,-0.007027080675575474,0.009776212116268761,0.0038672038618064856,0.0034929501615386166,0.00015796669580705477,2.3691936984299127
2025-03-25 14:00:00+00:00,87945.421875,337.7900085449219,0.003641333270604415,-0.003182386489822855,0.0038409049765550617,0.003503333755119333,0.00016004237314020932,2.1092615337563796
2025-03-25 15:00:00+00:00,87877.5,336.5199890136719,-0.0007726168767351621,-0.00376687588075989,0.0038294215130570608,0.0035143532888629644,0.00015934006185925158,1.9773321317799084
2025-03-25 16:00:00+00:00,87822.28125,338.5903015136719,-0.0006285580030340034,0.006133276351940959,0.0038554031698381994,0.003525926339543071,0.00015845657229148218,2.079287880145816
2025-03-25 17:00:00+00:00,87990.75,338.54998779296875,0.0019164540917681345,-0.0001190705128239127,0.0038475633835712134,0.003535899792193008,0.00015956939614218164,1.953153918690666
2025-03-25 18:00:00+00:00,87867.4765625,339.0000915527344,-0.0014019640718642822,0.0013286215726277793,0.0038580838418820888,0.0035469347849742404,0.00015855464106734728,1.962409014414693
2025-03-25 19:00:00+00:00,88272.265625,341.7799987792969,0.004596234445248391,0.008166874199680978,0.003871884292981144,0.0035575911153897365,0.00015854995437539776,1.982297496265798
2025-03-26 13:00:00+00:00,86875.4296875,331.8999938964844,-0.015950715774511466,-0.02933355131085132,0.003820412688493897,0.003567754862883502,0.00015544430543832863,1.6253913251948309
2025-03-26 14:00:00+00:00,86828.5859375,331.29998779296875,-0.0005393513899724419,-0.0018094278763104367,0.0038155635522089636,0.003575956228126285,0.0001553190804262898,1.5426779725005488
2025-03-26 15:00:00+00:00,86724.765625,331.2300109863281,-0.0011964081816833699,-0.00021124117256512184,0.0038193243717552926,0.0035850081072041945,0.0001533679537223915,1.5278045958364264
2025-03-26 16:00:00+00:00,86498.75,326.4100036621094,-0.0026095273778674864,-0.014658760192534087,0.003773580585408568,0.003593162601228315,0.0001500809427765445,1.2021378653576107
2025-03-26 17:00:00+00:00,86526.0625,327.3800048828125,0.00031570616759793696,0.0029673195361276787,0.003783599939992791,0.003601563858545019,0.00014628714091928255,1.244375139905256
2025-03-26 18:00:00+00:00,86214.203125,324.95001220703125,-0.0036107356057546113,-0.0074502287247918565,0.00376910068676148,0.0036065904070459935,0.00014678343973477541,1.1071431491803727
2025-03-26 19:00:00+00:00,86650.890625,329.4049987792969,0.005052360999509179,0.013616631129863393,0.0038015189042299225,0.003613170069569241,0.0001465210339681987,1.285473010663855
2025-03-27 13:00:00+00:00,86437.390625,329.7998962402344,-0.0024669504686910993,0.0011981024751454834,0.0038154772356680496,0.003619737209035037,0.00014661259462641173,1.3350832998473554
2025-03-27 14:00:00+00:00,87265.640625,329.6300048828125,0.00953646313561458,-0.0005152673874551184,0.0037773171951983537,0.003625093128918315,0.0001463978733683857,1.0397969777675133
2025-03-27 15:00:00+00:00,86969.8046875,322.6400146484375,-0.0033958213411500256,-0.021433632156872457,0.0037097934830111205,0.0036288477678743025,0.00014561814727096964,0.555876562460257
2025-03-27 16:00:00+00:00,86813.34375,320.489990234375,-0.0018006461636993184,-0.006686151811928197,0.0036917134669677437,0.0036318468859540868,0.00014501773163086545,0.4128224896390183
2025-03-27 17:00:00+00:00,86942.4765625,324.6708068847656,0.0014863713462051002,0.012960722949934625,0.0037343174443779594,0.003637239923591132,0.00014265301906260216,0.680515010651304
2025-03-27 18:00:00+00:00,87248.7421875,327.4849853515625,0.003516433753512115,0.008630440664643467,0.0037534636848722477,0.0036420502415609336,0.00014160356543374927,0.7867982912015034
2025-03-27 19:00:00+00:00,87150.8359375,324.4800109863281,-0.0011227809302976237,-0.009218272948541165,0.0037232002136964944,0.003646742673092847,0.0001394996065459479,0.5480842741908656
2025-03-28 13:00:00+00:00,84992.0546875,301.1600036621094,-0.025082586002593693,-0.07458223767908878,0.0035433900823955695,0.0036475245000782467,0.00013877274585031665,-0.7503953102938443
2025-03-28 14:00:00+00:00,84176.015625,302.9200134277344,-0.0096477472452046,0.0058270914313456445,0.003598649938210762,0.0036492999794755392,0.0001374257281065604,-0.3685630191859209
2025-03-28 15:00:00+00:00,84025.6171875,297.9100036621094,-0.0017883117430801043,-0.016677348813262126,0.0035454664140976725,0.0036504217177111397,0.00013627500601080347,-0.7701728048733061
2025-03-28 16:00:00+00:00,83779.328125,292.5950012207031,-0.0029354228969996512,-0.018002035322992035,0.003492448647763647,0.003650577857228827,0.00013608525672074005,-1.1619863405899742
2025-03-28 17:00:00+00:00,83907.9609375,292.8500061035156,0.0015341990254612377,0.0008711489405468333,0.003490133746923596,0.0036502270426306102,0.00013647726113514611,-1.1730400681801654
2025-03-28 18:00:00+00:00,83796.4453125,292.3599853515625,-0.0013299071137081325,-0.0016746838694922325,0.0034889306373471055,0.003649603771970684,0.00013713648384810332,-1.1716293878552773
2025-03-28 19:00:00+00:00,83789.859375,289.5599975585937,-7.859756220136799e-05,-0.009623348514574387,0.003455788083647129,0.0036480059705995605,0.00013884487785489853,-1.3844074763298861
2025-03-31 13:00:00+00:00,82607.1328125,284.6499938964844,-0.0142159598599895,-0.01710218703859181,0.0034458282742069885,0.003648176552737255,0.00013858553365671714,-1.460096686797721
2025-03-31 14:00:00+00:00,83497.828125,290.79998779296875,0.010724590578592418,0.021375369727038056,0.0034827251716970185,0.003649111142065263,0.00013724892104772954,-1.212293467213357
2025-03-31 15:00:00+00:00,83500.625,292.5957946777344,3.349581924764501e-05,0.006156412544243273,0.003504115025219684,0.003649889570673916,0.00013627220001483586,-1.0697306232552328
2025-03-31 16:00:00+00:00,83293.375,289.3299865722656,-0.0024851026614875925,-0.011224257447402035,0.0034736254422667546,0.0036505012597552607,0.00013537950034178038,-1.3065184687634666
2025-03-31 17:00:00+00:00,82687.046875,292.29998779296875,-0.007306052306855897,0.010212771576410769,0.0035350154448597695,0.003651082368743205,0.00013479675972016082,-0.8610512902861428
2025-03-31 18:00:00+00:00,83372.7890625,288.1875,0.00825902400278158,-0.014169320388279654,0.003456613401573524,0.003649791404776199,0.00013629892366870711,-1.4173112890621224
2025-03-31 19:00:00+00:00,82571.0078125,288.375,-0.009663361985460913,0.0006504065269934072,0.003492448592305354,0.003649028053422713,0.00013706033803709283,-1.1424126290640246
2025-04-01 13:00:00+00:00,83608.6171875,286.0199890136719,0.012487967276436484,-0.008200016460177791,0.003420939116505728,0.003647570487682908,0.00013903209796783407,-1.6300651035965295
2025-04-01 14:00:00+00:00,84152.421875,301.1700134277344,0.006483109490089595,0.051613233923036204,0.0035788632901747296,0.0036484010292223566,0.00013845963522512005,-0.502223907599976
2025-04-01 15:00:00+00:00,85272.8984375,300.010009765625,0.013226982794392491,-0.0038590939717871448,0.003518233990668379,0.003648549737061847,0.00013831243214130844,-0.9421838975424098
2025-04-01 16:00:00+00:00,85198.5234375,300.5249938964844,-0.0008725803293129705,0.001715084895818249,0.0035273497916538865,0.0036480154161244037,0.00013872394478687446,-0.8698254988055542
2025-04-01 17:00:00+00:00,85142.109375,293.69000244140625,-0.000662367676239064,-0.023006127291678086,0.0034494095177731348,0.0036454355538669985,0.00014097366740584193,-1.3905152621839252
2025-04-01 18:00:00+00:00,85124.1953125,299.67999267578125,-0.0002104240483633142,0.020190416666516928,0.0035205030905211382,0.003645029540983186,0.0001413029252234806,-0.8812729833094415
2025-04-01 19:00:00+00:00,84829.515625,306.0299987792969,-0.0034677675606862865,0.02096791811805625,0.003607588662089533,0.003647224088683338,0.00013964469948734459,-0.28383051228805917
2025-04-02 13:00:00+00:00,85468.5078125,305.3900146484375,0.007504434560283585,-0.0020934361013068285,0.0035731291263256778,0.0036473853440171207,0.00013955188128487759,-0.5321047413173762
2025-04-02 14:00:00+00:00,85882.1171875,315.2300109863281,0.004827647151028846,0.0317128696989807,0.0036704965050885973,0.0036494682648520555,0.00013893703281872045,0.1513508659996979
2025-04-02 15:00:00+00:00,86824.46875,311.3599853515625,0.01091285441664837,-0.012352814020363301,0.0035860856948987953,0.0036497724214655997,0.0001387751789779169,-0.4589201544242922
2025-04-02 16:00:00+00:00,86981.828125,309.17999267578125,0.0018107447293346003,-0.007026144071999223,0.0035545354626424306,0.003649214082333577,0.0001390947995449099,-0.680676919632623
2025-04-02 17:00:00+00:00,86601.21875,304.3008117675781,-0.004385335916330104,-0.015906883324115512,0.003513816735605446,0.003648493905978075,0.00013969078169319952,-0.964109218519648
2025-04-02 18:00:00+00:00,86317.65625,306.6700134277344,-0.0032797200904736592,0.007755570111835424,0.0035528074643214652,0.0036486533083753708,0.00013957405177083396,-0.6867024553480359
2025-04-02 19:00:00+00:00,86891.4609375,312.885009765625,0.006625595648931755,0.020063447432013624,0.003600871781758618,0.003648972693262183,0.00013944012818190704,-0.3449574532864343
2025-04-03 13:00:00+00:00,82280.1640625,294.8599853515625,-0.05452970561711268,-0.05933512435637189,0.0035836095942587925,0.003649882323959772,0.000138821081730253,-0.4773967244381202
2025-04-03 14:00:00+00:00,81496.0234375,290.6400146484375,-0.009575831857815794,-0.014415179428805752,0.0035663091570514705,0.003649895078090072,0.00013881323677304534,-0.6021466178708983
2025-04-03 15:00:00+00:00,82032.515625,290.8399963378906,0.00656147379988102,0.0006878368767947308,0.0035454233497778415,0.003649005523785016,0.0001393163439296023,-0.7435033900940979
2025-04-03 16:00:00+00:00,81752.6171875,281.67010498046875,-0.0034178768875043385,-0.03203672954455556,0.003445395568614728,0.0036461218691470755,0.00014172998163469768,-1.416258565881352
2025-04-03 17:00:00+00:00,81817.703125,277.44000244140625,0.0007958160234777589,-0.015131843253868902,0.003390953202603807,0.003640227452667021,0.00014488339836024797,-1.7205163109399284
2025-04-03 18:00:00+00:00,82004.5703125,279.44000244140625,0.00228134141499918,0.007182906843418131,0.0034076149826348283,0.0036354443162092383,0.0001477664147875008,-1.5418208115967735
2025-04-03 19:00:00+00:00,82066.6015625,283.3599853515625,0.0007561505442632818,0.01393051310366181,0.0034528051601571703,0.003631683122932762,0.0001495142622811469,-1.1963939763768454
2025-04-04 13:00:00+00:00,83290.8359375,274.5,0.014807398592205237,-0.03176686138943458,0.003295680694164002,0.0036243688564855984,0.00015503008078894269,-2.120157331073517
2025-04-04 14:00:00+00:00,82693.9140625,278.5249938964844,-0.007192521582208303,0.014556539082086354,0.003368143799384987,0.0036179369418237015,0.00015754336982858513,-1.585551602142962
2025-04-04 15:00:00+00:00,82845.3671875,274.1170959472656,0.0018298154506244842,-0.015952427463025016,0.0033087800229899323,0.003610102302802776,0.00016105448553749643,-1.8709337949031557
2025-04-04 16:00:00+00:00,83362.6015625,280.6000061035156,0.006223962047005297,0.023374816851372993,0.0033660178646552855,0.003602823183686152,0.00016206576664892086,-1.461168042624647
2025-04-04 17:00:00+00:00,84344.4609375,290.1333923339844,0.011709352949280197,0.03341060137055134,0.0034398630225282467,0.003595700836364848,0.00015962183337607234,-0.9762938474052237
2025-04-04 18:00:00+00:00,83895.46875,295.1072998046875,-0.005337534963177955,0.01699822756768338,0.0035175594606197073,0.003590311744432592,0.0001566333902350848,-0.4644749354125184
2025-04-04 19:00:00+00:00,83918.0,293.20001220703125,0.00026852731551546094,-0.006484006711955362,0.003493887035046489,0.003584719503132416,0.00015391803732465908,-0.5901353061976377
2025-04-07 13:00:00+00:00,78259.15625,268.9908142089844,-0.06981429622853283,-0.0861777805495049,0.0034371800962137815,0.003577749118572009,0.00015089215051503446,-0.9315860492307151
2025-04-07 14:00:00+00:00,78982.7734375,265.29998779296875,0.009203935581454409,-0.013816015965281108,0.003358960140883173,0.0035696057311938745,0.00014925964283744333,-1.4112695589129396
2025-04-07 15:00:00+00:00,78540.28125,264.2900085449219,-0.0056181408145107884,-0.00381419769810926,0.0033650249825776103,0.0035613880835388004,0.00014665825005236432,-1.3389161597869788
2025-04-07 16:00:00+00:00,77345.265625,270.0375061035156,-0.015332262150635729,0.021513843412164776,0.0034913256024326393,0.003555045438696325,0.00014112724170723895,-0.4515062825068827
2025-04-07 17:00:00+00:00,79064.859375,271.8374938964844,0.021989152403150147,0.006643577996727173,0.0034381581912031876,0.003548674530408147,0.0001375268569011917,-0.8035982330662993
2025-04-07 18:00:00+00:00,78321.78125,270.4649963378906,-0.009442779177289749,-0.005061752485903812,0.003453253897208711,0.003542636036158142,0.00013350503629756786,-0.669503873623227
2025-04-07 19:00:00+00:00,78234.46875,268.1099853515625,-0.0011154139046185593,-0.008745396930906995,0.003427005891844348,0.0035360973948262934,0.00012926393664380726,-0.8439438393598689
2025-04-08 13:00:00+00:00,79938.78125,278.7550048828125,0.02155078006569837,0.038935987924206196,0.003487106014426665,0.0035313228186432616,0.00012558168714084158,-0.35209595621220563
2025-04-08 14:00:00+00:00,78530.4765625,268.04998779296875,-0.01777432144854705,-0.03915979261627329,0.003413324349046016,0.0035251515587941488,0.00012202178706173666,-0.9164528109357541
2025-04-08 15:00:00+00:00,78486.2109375,265.15850830078125,-0.0005638333972967452,-0.010845693033083696,0.0033784088330105757,0.0035186400278983004,0.0001191742722636433,-1.176690171663043
2025-04-08 16:00:00+00:00,77427.8046875,252.8300018310547,-0.013577002736418951,-0.047610458340151894,0.0032653644624367315,0.00350970412053508,0.00011769574031183987,-2.0760280486868954
2025-04-08 17:00:00+00:00,77295.171875,252.8500061035156,-0.0017144557057350495,7.91183046886834e-05,0.003271226390600682,0.003500633273117291,0.00011466403122353768,-2.0006874001261994
2025-04-08 18:00:00+00:00,77226.828125,243.67999267578125,-0.0008845828355380173,-0.03694059257472832,0.0031553800485157662,0.003490267654005915,0.0001173089211654703,-2.8547496828290875
2025-04-08 19:00:00+00:00,76786.71875,237.94000244140625,-0.005715218977773278,-0.023837307781166515,0.003098712984677526,0.003480082979033688,0.00012424834407588975,-3.0694171193398336
2025-04-09 13:00:00+00:00,77719.2109375,249.6959991455078,0.012070779570167925,0.04822562320324449,0.0032127963747123935,0.0034721010274960987,0.00012579599989166908,-2.0613107969014033
2025-04-09 14:00:00+00:00,76968.9765625,248.55360412597656,-0.009700032945223216,-0.00458564146924253,0.003229269963387745,0.0034636835694795954,0.00012484645771140197,-1.8776151954084794
2025-04-09 15:00:00+00:00,77112.640625,249.1999969482422,0.0018647792871571485,0.002597241624100747,0.0032316361484766905,0.0034549864438730028,0.0001224708012845929,-1.8237024095016694
2025-04-09 16:00:00+00:00,78161.0625,270.79998779296875,0.013504383383664626,0.08312472129337665,0.0034646405656648892,0.003450677116405809,0.00011731365247912637,0.11902663470106026
2025-04-09 17:00:00+00:00,82134.9296875,299.1000061035156,0.04959177738059264,0.09939749008171744,0.0036415689066942153,0.00345231343014412,0.00011929669754045596,1.586426786759249
2025-04-09 18:00:00+00:00,81820.40625,299.4843139648437,-0.0038367012762850145,0.001284056067783668,0.003660264323911783,0.0034533403365724705,0.00012083300908701654,1.7124789732770676
2025-04-09 19:00:00+00:00,82227.609375,295.9200134277344,0.004964448485001058,-0.011972849209527783,0.0035987913995916823,0.003454229086330704,0.00012171498758886047,1.1877116871530526
2025-04-10 13:00:00+00:00,80862.578125,277.7699890136719,-0.016739978625494905,-0.06329579932425289,0.0034350869766270127,0.0034532730584784263,0.00012163494982759653,-0.14951362151413086
2025-04-10 14:00:00+00:00,81234.6015625,272.4049987792969,0.004590136502165954,-0.019503468590717853,0.003353312425244246,0.003450992703117104,0.00012221334615763072,-0.7992603176650621
2025-04-10 15:00:00+00:00,78640.9453125,263.5,-0.03244878749222086,-0.03323655700404103,0.0033506718281795197,0.0034486883896309778,0.00012278798153933298,-0.7982585935746502
2025-04-10 16:00:00+00:00,79403.6875,272.3550109863281,0.009652312714363795,0.03305303474758702,0.0034300045698296834,0.003448258664400687,0.00012280782947632926,-0.148639501641236
2025-04-10 17:00:00+00:00,79343.8125,277.48028564453125,-0.00075434262384273,0.018643485211421593,0.003497188714552017,0.003449114671739771,0.00012296949421609606,0.39094283601561114
2025-04-10 18:00:00+00:00,79499.9765625,269.0199890136719,0.001966260232582937,-0.030964202498323143,0.003383900230488472,0.0034474675893862946,0.0001231733502695977,-0.5160804570037953
2025-04-10 19:00:00+00:00,79790.328125,272.1700134277344,0.00364556882025016,0.011641234958571342,0.0034110652233607965,0.0034459167593553137,0.00012303373346295962,-0.2832681331661743
2025-04-11 13:00:00+00:00,82794.6875,278.8399963378906,0.036961603035641416,0.02421120708415241,0.0033678488893129845,0.0034441538168060843,0.00012338729282831965,-0.6184180375792022
2025-04-11 14:00:00+00:00,81887.59375,288.0299987792969,-0.011016399784094561,0.03242650965470494,0.0035173826166957907,0.003443859936336684,0.00012318805092803852,0.5968328892715058
2025-04-11 15:00:00+00:00,82480.0625,291.1300048828125,0.007209098547155252,0.010705282442534252,0.0035297015552432746,0.0034450780722311797,0.00012367669436080895,0.6842314427099592
2025-04-11 16:00:00+00:00,82785.4375,296.29998779296875,0.0036955728515473945,0.017602493799237905,0.003579131749988864,0.003446522791525905,0.0001247411386391719,1.0630731762561958
2025-04-11 17:00:00+00:00,83846.5859375,302.0599975585937,0.012736600811980024,0.019253251674371245,0.0036025318643713405,0.0034495493373236656,0.00012630306946935247,1.21123364373022
2025-04-11 18:00:00+00:00,83574.8984375,301.7049865722656,-0.003245554051822613,-0.0011759907797659955,0.0036099952523171814,0.0034500682033593733,0.00012690581693896254,1.260202666948889
2025-04-11 19:00:00+00:00,83853.390625,299.6499938964844,0.0033267071639841565,-0.006834567740530136,0.0035734988372330277,0.0034509892841354506,0.00012760756442663793,0.9600493015287374
2025-04-14 13:00:00+00:00,84460.9765625,310.7099914550781,0.007219687621390632,0.03624486723224114,0.003678740219456933,0.003453512457932168,0.0001306045471543283,1.724501684146
2025-04-14 14:00:00+00:00,85450.1484375,306.4100036621094,0.011643534822112224,-0.013935887406378978,0.003585833486131671,0.0034557861907381438,0.0001317147113026759,0.9873407010298417
2025-04-14 15:00:00+00:00,84114.8125,303.9241943359375,-0.015750465609551872,-0.008145776787624478,0.0036132065839882543,0.0034573312489625955,0.0001330239443233886,1.1717840409747382
2025-04-14 16:00:00+00:00,84367.96875,306.135009765625,0.0030051313094314556,0.007247903459360783,0.003628569163171005,0.00345768092398062,0.00013345249981741556,1.2805173333147537
2025-04-14 17:00:00+00:00,84874.984375,309.28009033203125,0.005991589397641667,0.010221094499011442,0.003643948715979145,0.0034588612504748446,0.0001347973007711976,1.3730799092072656
2025-04-14 18:00:00+00:00,84941.0859375,312.3605041503906,0.0007785077786443404,0.009910675265507667,0.0036773782758113874,0.0034589759466535576,0.00013498322842904524,1.6179960406905984
2025-04-14 19:00:00+00:00,84881.8125,311.3099975585937,-0.0006980618097124484,-0.0033687903545629788,0.0036675700999974957,0.0034603340200718693,0.00013668296958973736,1.5161806957198742
2025-04-15 13:00:00+00:00,85642.75,311.037109375,0.00892472661541877,-0.0008769646328954905,0.0036317973135496,0.0034616217175869888,0.0001379436187766522,1.2336605163167895
2025-04-15 14:00:00+00:00,85171.9375,311.7950134277344,-0.005512566854287799,0.002433735830506035,0.0036607716412196726,0.0034640709660138927,0.00014017268519526835,1.4032739326621655
2025-04-15 15:00:00+00:00,84793.171875,312.28131103515625,-0.004456988300710371,0.0015584558708149788,0.003682859175211816,0.0034662384945287317,0.00014255339424150366,1.5195757479902672
2025-04-15 16:00:00+00:00,84817.34375,311.1499938964844,0.0002850280252327045,-0.003629328112122593,0.0036684713307410595,0.003467365153678439,0.00014389630086401143,1.397577115291345
2025-04-15 17:00:00+00:00,84512.1015625,307.3800048828125,-0.003605309372758687,-0.012190308334805647,0.0036371123093595415,0.003468256865596785,0.0001447918550842568,1.1661943530214227
2025-04-15 18:00:00+00:00,84194.03125,307.7699890136719,-0.003770706898009859,0.001267932006747487,0.003655484651872776,0.0034697431238438067,0.00014626558447490605,1.269892221712865
2025-04-15 19:00:00+00:00,84010.5234375,310.69000244140625,-0.0021819609539936464,0.00944292328004337,0.003698227194984036,0.003472289854597243,0.00014891198485767664,1.5172542398298803
2025-04-16 13:00:00+00:00,83806.1171875,314.23748779296875,-0.0024360677263573533,0.011353392234071844,0.0037495769800421973,0.0034773595447877012,0.00015309987416119777,1.778038269109746
2025-04-16 14:00:00+00:00,84550.8046875,317.5050048828125,0.008846590308704735,0.01034455103364558,0.003755197908007048,0.0034834302898777555,0.00015679261807966126,1.7332934512976639
2025-04-16 15:00:00+00:00,84879.2421875,314.73590087890625,0.00387697362363931,-0.008759704363698113,0.0037080432478844255,0.0034884374276319147,0.00015911036114271847,1.380210683171847
2025-04-16 16:00:00+00:00,85063.453125,317.489990234375,0.0021679191248390583,0.008712413759659395,0.003732390099045547,0.003493097176613388,0.0001621147723862683,1.4760710508355113
2025-04-16 17:00:00+00:00,83360.2109375,311.7300109863281,-0.020226376903121207,-0.01830882723914617,0.0037395540088070345,0.003500495065190772,0.00016307816278140114,1.4659163405998776
2025-04-16 18:00:00+00:00,84036.1015625,308.17388916015625,0.008075378577963161,-0.011473264919482239,0.0036671607015344317,0.003505478680226596,0.00016353329288574283,0.9886795431973551
2025-04-16 19:00:00+00:00,84382.3984375,311.67999267578125,0.004112343513680342,0.011312798098737064,0.003693661219011629,0.003511893366826958,0.00016323522327471473,1.1135332714236996
2025-04-17 13:00:00+00:00,84406.1875,307.1449890136719,0.00028187999236300174,-0.014657083937955857,0.003638891864576538,0.0035164412668256453,0.00016290303352504935,0.751677823925014
2025-04-17 14:00:00+00:00,84074.1640625,309.69000244140625,-0.003941395708658244,0.008251892011943332,0.003683533531313917,0.003520502441972073,0.00016399527227094614,0.9941206663109823
2025-04-17 15:00:00+00:00,84502.734375,313.74639892578125,0.0050845784895647336,0.013013207823740172,0.0037128549892061556,0.0035237573674485136,0.00016586331309411604,1.140081059699694
2025-04-17 16:00:00+00:00,84929.8828125,312.17999267578125,0.005042114671151549,-0.0050050917839935755,0.00367573794214437,0.0035267882159001453,0.00016696606653061893,0.8920957973032783
2025-04-17 17:00:00+00:00,85147.125,317.3550109863281,0.0025546346145258417,0.01644113465306595,0.003727137128662044,0.0035316208331076164,0.00016851752387760072,1.1602134368912087
2025-04-17 18:00:00+00:00,85098.75,315.3299865722656,-0.000568295722900011,-0.006401388801553659,0.00370545967563878,0.003537395825353543,0.0001684374043458433,0.9977822380838929
2025-04-17 19:00:00+00:00,84896.4375,317.3099975585937,-0.002380215563638107,0.006259539393743531,0.0037376126360849204,0.003543605619578665,0.00016884250825237245,1.149041307869397
2025-04-21 13:00:00+00:00,87080.609375,328.0350036621094,0.025402102911211765,0.033241114858174145,0.003767026965205012,0.0035482006422915377,0.00017113166734106195,1.278701518622838
2025-04-21 14:00:00+00:00,88168.6015625,320.7391052246094,0.01241667406052726,-0.022492284817264795,0.003637792814455011,0.003551527886012401,0.00017089643953376426,0.5047789683504003
2025-04-21 15:00:00+00:00,88072.875,318.7499084472656,-0.001086311506017677,-0.006221227106577698,0.00361916093288956,0.003554293003273749,0.00017062138128875565,0.38018640527842257
2025-04-21 16:00:00+00:00,87082.0625,315.0299987792969,-0.011313675568895695,-0.01173894073719728,0.003617622157023404,0.0035574699410267333,0.00016998457987838926,0.3538686629087463
2025-04-21 17:00:00+00:00,86798.7890625,314.9200134277344,-0.003258250526859674,-0.00034918755631020026,0.0036281613698662812,0.0035598208636173933,0.00016997034996232886,0.40207310430339455
2025-04-21 18:00:00+00:00,86825.546875,316.92999267578125,0.0003082265232850559,0.0063622252389213575,0.00365019287620561,0.0035637686724033866,0.00016925940538359648,0.5106020761821659
2025-04-21 19:00:00+00:00,87380.0625,317.6499938964844,0.006366241590267738,0.0022692223042045335,0.0036352685590775855,0.003568049667837837,0.0001677331608036506,0.40074896888418776
2025-04-22 13:00:00+00:00,90104.265625,340.1549987792969,0.03070036793369621,0.0684512639937435,0.0037751264761978006,0.0035765457014005214,0.00016503014088196512,1.2033000380173613
2025-04-22 14:00:00+00:00,90839.109375,345.23199462890625,0.008122406139625338,0.014815246747411566,0.003800477536649189,0.0035853665538346634,0.0001625599777501904,1.323271482880562
2025-04-22 15:00:00+00:00,90849.25,345.244384765625,0.0001116265791096272,3.5888662059503526e-05,0.0038001897072967032,0.003596113381481012,0.00015477977629477598,1.318494771739628
2025-04-22 16:00:00+00:00,90711.4453125,342.1512145996094,-0.001518001610701968,-0.008999740605086591,0.003771863775523606,0.003607332561328447,0.00014198226293620796,1.1588152688415911
2025-04-22 17:00:00+00:00,91491.8671875,346.85400390625,0.008566547302994285,0.013651166093372356,0.003791091105348418,0.003616970806839047,0.00013415861278505084,1.2978689544766429
2025-04-22 18:00:00+00:00,91533.453125,344.51031494140625,0.00045442825227288075,-0.0067799216092175015,0.0037637639920667667,0.003625879040650364,0.00012544080696828117,1.0992033194689839
2025-04-22 19:00:00+00:00,91399.7265625,343.0199890136719,-0.0014620265886017103,-0.0043353093045406296,0.003752965155526057,0.00363456785743452,0.00011531695874345723,1.0267119370961937
2025-04-23 13:00:00+00:00,93019.703125,348.4115905761719,0.017568845474824745,0.015595789963559368,0.003745567647189498,0.0036392499754599305,0.00011399616352017765,0.9326425420514186
2025-04-23 14:00:00+00:00,92952.6171875,340.75,-0.0007214615626363856,-0.02223544186260824,0.0036658462161711257,0.0036396545972845456,0.00011404760766187839,0.22965513633772514
2025-04-23 15:00:00+00:00,93091.9609375,347.625,0.00149796116028021,0.0199752419774869,0.003734210736342617,0.003640887037491726,0.00011467193589707054,0.8138320690308941
2025-04-23 16:00:00+00:00,93665.234375,349.0450134277344,0.006139257308066477,0.004076579634275851,0.0037265162016281387,0.0036430157841923338,0.0001150621009428885,0.7256987031485775
2025-04-23 17:00:00+00:00,93922.234375,349.7099914550781,0.0027400568119709816,0.0019033229771375129,0.003723399403583217,0.0036478209913082702,0.00011221647312946293,0.6735055038465928
2025-04-23 18:00:00+00:00,93701.7421875,345.0150146484375,-0.0023503636693286956,-0.013516278361072963,0.003682055494315699,0.0036533000424594617,0.00010541244091463843,0.27278992504806143
2025-04-23 19:00:00+00:00,93603.5390625,345.6099853515625,-0.0010485890557149233,0.0017229925077021824,0.0036922747666708984,0.003658993424767651,9.773585087228151e-05,0.3405233760817064
2025-04-24 13:00:00+00:00,92711.296875,347.1099853515625,-0.00957786323192364,0.004330761080594167,0.003743988025747941,0.0036642264823662884,9.358496449553092e-05,0.852290149508593
2025-04-24 14:00:00+00:00,93094.2578125,347.0,0.004122174715680392,-0.0003169104459065851,0.003727404978069522,0.00366806342009158,9.131220147687378e-05,0.6498754494816479
2025-04-24 15:00:00+00:00,93279.3828125,349.239990234375,0.001986601326920243,0.006434557033242965,0.003744021237108515,0.003674065436868581,8.384778273366055e-05,0.8343190238213677
2025-04-24 16:00:00+00:00,93498.359375,346.3800964355469,0.0023447832730313246,-0.008222620269558247,0.0037046649668610494,0.003678958765926919,7.648275847202811e-05,0.33610452143317804
2025-04-24 17:00:00+00:00,93019.109375,346.0450134277344,-0.005138940152995494,-0.0009678535027009766,0.003720149717115418,0.0036848304463902924,6.482909337363216e-05,0.5448058716719778
2025-04-24 18:00:00+00:00,93411.21875,345.9100036621094,0.004206503921660806,-0.00039022700610232,0.0037030884329630844,0.0036879255433280808,6.102037314856457e-05,0.24848896938219334
2025-04-24 19:00:00+00:00,93678.234375,350.29998779296875,0.002854418587867942,0.012611259154336963,0.0037393957105414195,0.003691420445916383,5.77204187167848e-05,0.8311662612919568
2025-04-25 13:00:00+00:00,94497.0625,364.7383117675781,0.008702877654690383,0.0403902470305114,0.003859784654867744,0.0036960979943310313,5.980081989490181e-05,2.7371975973638354
2025-04-25 14:00:00+00:00,95521.484375,367.4898986816406,0.010782440102353606,0.0075156893079697355,0.003847196273028401,0.0037001757344753156,6.162633940713221e-05,2.3856769681190912
2025-04-25 15:00:00+00:00,95161.7734375,367.9201049804688,-0.0037728678261482163,0.0011699768721115248,0.0038662594410570753,0.0037044468042876466,6.410099192809972e-05,2.5243390453447185
2025-04-25 16:00:00+00:00,95290.9609375,369.1000061035156,0.001356636020350836,0.003201818005494043,0.0038733999790977356,0.003709445156652059,6.53965849967447e-05,2.507085384563093
2025-04-25 17:00:00+00:00,94567.2265625,372.159912109375,-0.0076239838810516535,0.008256006594562295,0.003935400514927996,0.003713722828243243,7.14666223783342e-05,3.1018352247182324
2025-04-25 18:00:00+00:00,95025.109375,367.9500122070313,0.004830192111562442,-0.011376540618330731,0.0038721345823973835,0.003718494513181005,7.233557276364386e-05,2.1239904979863296
2025-04-25 19:00:00+00:00,95300.015625,368.7699890136719,0.0028888087285301963,0.00222602113116403,0.003869569029922936,0.00372276722061325,7.357185695154705e-05,1.995352780158405
2025-04-28 13:00:00+00:00,94109.7890625,364.1199951171875,-0.012567905140937804,-0.012689643452371037,0.00386909798379602,0.0037267760342903334,7.489330863103889e-05,1.900329309883134
2025-04-28 14:00:00+00:00,94440.3046875,355.4700012207031,0.003505868991738998,-0.024042609296376593,0.0037639649977511424,0.0037287763056532,7.424353446685086e-05,0.47396305079810047
2025-04-28 15:00:00+00:00,93787.671875,359.63140869140625,-0.006934520996411619,0.01163878126569361,0.003834527518400523,0.003731395459696353,7.51658060612603e-05,1.3720608360152124
2025-04-28 16:00:00+00:00,93721.5078125,357.7449951171875,-0.0007057154786369723,-0.005259213746868445,0.0038171066969269743,0.0037338877363118435,7.549206476794489e-05,1.1023537489792812
2025-04-28 17:00:00+00:00,94114.921875,361.2049865722656,0.004188906682501073,0.009625198568953507,0.0038379141094331977,0.003737323016243237,7.545736496557301e-05,1.3330851565762303
2025-04-28 18:00:00+00:00,94239.5390625,366.17279052734375,0.0013232201144856282,0.013659700242113295,0.0038855537088789945,0.0037410693840375588,7.715328465470318e-05,1.872691817180179
2025-04-28 19:00:00+00:00,94834.171875,369.2099914550781,0.006289978337507793,0.008260237447852089,0.00389321680313432,0.003744575344502934,7.921522215541258e-05,1.8764254468638102
2025-04-29 13:00:00+00:00,94962.2734375,373.5400085449219,0.0013498838899871739,0.011659552052424891,0.0039335621928930494,0.003748993525538801,8.223375347045845e-05,2.2444392912279367
2025-04-29 14:00:00+00:00,95083.453125,377.3999938964844,0.0012752689167482452,0.01028050000093126,0.003969144803779278,0.003754527400445796,8.567704188548237e-05,2.5049581382646733
2025-04-29 15:00:00+00:00,94846.7890625,380.2300109863281,-0.0024921169189345044,0.007470744912447518,0.0040088864867715525,0.0037604174310274427,9.075019783374466e-05,2.737945058800948
2025-04-29 16:00:00+00:00,95004.3046875,380.7650146484375,0.0016593600598411296,0.0014060637250701172,0.004007871179110223,0.0037655781640962126,9.581656627910929e-05,2.5287173650976147
2025-04-29 17:00:00+00:00,95308.46875,383.8150024414063,0.003196467751340922,0.007978246627001999,0.004027081826780543,0.003770203244875184,0.0001015567548939737,2.5294091188079335
2025-04-29 18:00:00+00:00,95433.9609375,381.8399963378906,0.0013158289512416258,-0.005159008919481764,0.004001091357697694,0.003774301469036695,0.00010581316500728022,2.1433050286832973
2025-04-29 19:00:00+00:00,95372.0625,381.5700073242188,-0.0006488101219891174,-0.000707323780493139,0.004000857246053778,0.003779181702339518,0.00010939723101310666,2.0263359653746766
2025-04-30 13:00:00+00:00,93088.8203125,375.8399963378906,-0.02423159515452457,-0.01513082815965345,0.004037434302810933,0.0037842657724022747,0.00011416992839652648,2.217471219999124
2025-04-30 14:00:00+00:00,93829.0859375,380.506103515625,0.007920798067384672,0.012338706783223059,0.004055310778249315,0.003789528385226312,0.00011923883796111396,2.228991808102656
2025-04-30 15:00:00+00:00,94036.4453125,379.6000061035156,0.0022075306505539008,-0.0023841351354458792,0.004036732831000115,0.0037956879207174067,0.00012231633922001365,1.9706681202184677
2025-04-30 16:00:00+00:00,93956.8671875,380.6036071777344,-0.0008466059637422227,0.002640349610896302,0.004050833308630897,0.003801640788877728,0.00012590549632753245,1.9792028705793414
2025-04-30 17:00:00+00:00,94110.4765625,380.1099853515625,0.0016335574916526055,-0.0012977864476234186,0.004038976309923651,0.0038083088629668467,0.00012772139905310845,1.8060203588976427
2025-04-30 18:00:00+00:00,94103.2109375,377.8399963378906,-7.720612778078311e-05,-0.0059898300822147955,0.004015165822437648,0.003813836067818909,0.00012939497471922362,1.5559317898983913
2025-04-30 19:00:00+00:00,94237.2421875,379.8399963378906,0.0014232871420049608,0.005279285884474693,0.00403067818540507,0.003819133121088891,0.0001316763050118901,1.6065537706049473
2025-05-01 13:00:00+00:00,95895.8671875,394.4635009765625,0.017447430179817664,0.03777651452107214,0.0041134567374555295,0.0038264284343440765,0.00013566229425508226,2.1157559267850887
2025-05-01 14:00:00+00:00,96862.9609375,400.8399963378906,0.010034319817364926,0.016035719752854484,0.004138217461641806,0.003833279773227073,0.00014084421074728052,2.165070802674941
2025-05-01 15:00:00+00:00,96926.359375,397.2699890136719,0.0006543027207027147,-0.008946213429460666,0.004098678538793223,0.003839833420946314,0.00014391086694526427,1.7986488674643302
2025-05-01 16:00:00+00:00,97106.921875,393.2898864746094,0.001861150323876009,-0.010069158049325722,0.004050070570467347,0.0038450410531860207,0.00014579026751593594,1.4063319916668326
2025-05-01 17:00:00+00:00,96807.9453125,386.6299133300781,-0.003083588213098073,-0.017079025393212148,0.003993782866499449,0.0038488203182075946,0.00014667005994071602,0.9883581444668954
2025-05-01 18:00:00+00:00,96891.0390625,385.7049865722656,0.0008579678965823525,-0.0023951454222773992,0.003980811747962212,0.0038545373004327146,0.0001449805585762999,0.8709750380982434
2025-05-01 19:00:00+00:00,96538.296875,381.7000122070313,-0.0036472500597461966,-0.010437802027885863,0.003953871412308684,0.0038601158084230337,0.00014218276766555244,0.6594020177338629
2025-05-02 13:00:00+00:00,96776.296875,389.3900146484375,0.0024623088783104407,0.019946457961250344,0.00402360936739901,0.0038668822619292937,0.00014009199792748247,1.1187441666071791
2025-05-02 14:00:00+00:00,97788.7265625,392.5895080566406,0.010407202770639144,0.008183107534976622,0.004014670421193426,0.0038733240794514125,0.00013779646990924583,1.025761703729463
2025-05-02 15:00:00+00:00,97394.171875,395.0700073242188,-0.0040429282286879855,0.006298425701173385,0.004056402962502409,0.0038800942475563593,0.000136621733948256,1.290488049381842
2025-05-02 16:00:00+00:00,97398.4140625,396.38580322265625,4.355594418801108e-05,0.0033250046134018826,0.004069735703995116,0.003887335366638318,0.0001349288970923055,1.351825600649633
2025-05-02 17:00:00+00:00,97458.578125,399.30999755859375,0.0006175202001883149,0.007350063925537652,0.00409722781966345,0.0038927037223627455,0.000136783726427871,1.4952370624918931
2025-05-02 18:00:00+00:00,97212.9375,399.3949890136719,-0.0025236435292604023,0.00021282314954279693,0.004108455101602828,0.0038978366817786396,0.0001390244237221328,1.5149742339169854
2025-05-02 19:00:00+00:00,96983.0703125,394.3900146484375,-0.0023673740510537907,-0.012610570038287933,0.004066586192596598,0.003902276623200305,0.0001401027657980269,1.1727789131098454
2025-05-05 13:00:00+00:00,94121.0078125,376.0,-0.029955158867972564,-0.04775116118957889,0.003994857351602479,0.003905993182801619,0.00013954121106764467,0.6368309986773866
2025-05-05 14:00:00+00:00,93890.3984375,376.5710144042969,-0.0024531436177045755,0.0015175033397408113,0.004010751053047973,0.003909654181929945,0.00013935692344952598,0.7254528057563228
2025-05-05 15:00:00+00:00,93708.7734375,380.1773986816406,-0.0019363097921153269,0.009531335691438735,0.0040570096559336966,0.003914541609661061,0.00013929588346799632,1.02277283955321
2025-05-05 16:00:00+00:00,94197.84375,383.0,0.005205473060812572,0.007397006759572085,0.004065910478975268,0.0039197573650518805,0.00013900192558875067,1.0514466853919304
2025-05-05 17:00:00+00:00,94509.4140625,385.6111145019531,0.0033021580540322374,0.006794397056197059,0.004080134432395748,0.0039253334781386515,0.00013860587627972207,1.1168426506296936
2025-05-05 18:00:00+00:00,94726.6171875,390.0,0.002295579958509598,0.01131735288684903,0.004117111025173016,0.003932854558288683,0.0001365144021111815,1.349721817147681
2025-05-05 19:00:00+00:00,94367.7734375,386.2000122070313,-0.0037953974158312443,-0.009791337521222361,0.004092498934107124,0.003938826028251425,0.00013551047170523798,1.1340297463502897
2025-05-06 13:00:00+00:00,93625.703125,380.0776977539063,-0.007894679967121796,-0.015979702009286865,0.00405954438864361,0.003944376498035016,0.00013347196656916913,0.8628620194107249
2025-05-06 14:00:00+00:00,94158.6953125,381.68499755859375,0.005676654964034063,0.004219955111514433,0.004053635155965498,0.0039498804272413875,0.00013099101855538963,0.792075135137895
2025-05-06 15:00:00+00:00,94558.671875,381.2749938964844,0.004238901457439086,-0.0010747711706215407,0.0040321525919960405,0.003955715378869393,0.00012658191454851083,0.6038557198260281
2025-05-06 16:00:00+00:00,94264.328125,382.6950073242188,-0.0031176709237249627,0.003717462886740653,0.004059807298650056,0.003961840921069046,0.00012244256487721472,0.8001006649873024
2025-05-06 17:00:00+00:00,94531.78125,384.8450012207031,0.0028332501638518278,0.005602312572212319,0.004071064737508087,0.003967292199598381,0.00011983220555132469,0.8659820407399534
2025-05-06 18:00:00+00:00,95049.2734375,386.8200073242188,0.005459337417931642,0.005118828491991544,0.004069678739612605,0.0039729967622907664,0.0001163141781397327,0.8312140348504258
2025-05-06 19:00:00+00:00,94948.0859375,385.2000122070313,-0.001065146483083785,-0.004196775870937906,0.004056953949135856,0.003978212307491222,0.00011283685519511964,0.6978361946411287
2025-05-07 13:00:00+00:00,97014.65625,395.1650085449219,0.021531784031470647,0.02554070920836237,0.004073250618201535,0.00398435540168023,0.00010760387760742493,0.8261339507264249
2025-05-07 14:00:00+00:00,96938.171875,394.6449890136719,-0.0007886905254648132,-0.0013168220407468506,0.004071099974141862,0.003990204572630671,0.0001024119533492566,0.789901948606646
2025-05-07 15:00:00+00:00,96970.6953125,391.8900146484375,0.0003354507535081376,-0.0070053732361650325,0.004041324168972118,0.003995841834897488,9.540947391579262e-05,0.47670668548882783
2025-05-07 16:00:00+00:00,96880.875,392.2000122070313,-0.0009266916825386538,0.0007907193412187036,0.004048270747007924,0.00400098975217193,8.948716488331625e-05,0.5283550428449114
2025-05-07 17:00:00+00:00,96284.9765625,391.0700988769531,-0.006169830982114292,-0.0028851199550810323,0.004061590009559838,0.0040043531747501315,8.786777074989386e-05,0.6513973704035881
2025-05-07 18:00:00+00:00,96554.2734375,389.6749877929688,0.0027929692742338402,-0.0035737978827414777,0.00403581295700192,0.00400749678614969,8.549184237419004e-05,0.33121488630801843
2025-05-07 19:00:00+00:00,96197.09375,392.4599914550781,-0.003706122571723472,0.007121572379526571,0.004079748942052401,0.004011054944499612,8.394259626276292e-05,0.8183449239258435
2025-05-08 13:00:00+00:00,99293.3515625,407.052001953125,0.031679469046993494,0.0365063467789823,0.004099488994456058,0.004014823094755583,8.27242676344256e-05,1.0234711303172828
2025-05-08 14:00:00+00:00,99494.28125,413.4700012207031,0.002021551875084021,0.015644017186098216,0.004155716248472352,0.004018495023647989,8.401865347302615e-05,1.6332233278222832
2025-05-08 15:00:00+00:00,100842.921875,419.2000122070313,0.013463909618511379,0.013763198733122463,0.004156960195249512,0.004023242117195526,8.365466189086584e-05,1.5984533919751232
2025-05-08 16:00:00+00:00,101323.0546875,421.7900085449219,0.004749896331458403,0.006159417977244943,0.0041628236519892165,0.004028129694229963,8.308891780474427e-05,1.6210821047853743
2025-05-08 17:00:00+00:00,101029.6328125,418.5950012207031,-0.0029001055956301767,-0.007603711824311764,0.0041432893455880405,0.004032699550259831,8.172296865954349e-05,1.35322782740462
2025-05-08 18:00:00+00:00,101381.859375,416.4100036621094,0.0034803055322877806,-0.005233507662825748,0.004107342341412934,0.004038422505987527,7.426796718167528e-05,0.927988714930285
2025-05-08 19:00:00+00:00,101135.890625,414.5899963378906,-0.0024291092602633053,-0.004380289372438084,0.004099335990179209,0.004042835980517172,6.96719537421248e-05,0.8109433800458643
2025-05-09 13:00:00+00:00,103717.921875,413.6499938964844,0.02520986029094733,-0.0022698803634017715,0.00398822099805482,0.004045687885535969,6.350467382525726e-05,-0.9049237484358731
2025-05-09 14:00:00+00:00,103136.1875,412.6400146484375,-0.005624600936468542,-0.002444613248576767,0.004000923678204001,0.004048404711682149,5.7685411577787755e-05,-0.8231029679682728
2025-05-09 15:00:00+00:00,102872.546875,407.2099914550781,-0.002559510592866111,-0.013246575724867196,0.00395839321398232,0.004049618703433871,5.489928990167879e-05,-1.6616879674569558
2025-05-09 16:00:00+00:00,102377.6875,410.8580017089844,-0.004822019671488472,0.008918658266391731,0.004013159622393155,0.004051617750421519,5.116439584225907e-05,-0.7516580113040147
2025-05-09 17:00:00+00:00,103199.71875,413.7799987792969,0.00799733439813133,0.007086768491597283,0.004009507039274726,0.004052883497861213,4.909175067008345e-05,-0.8835793793135465
2025-05-09 18:00:00+00:00,103248.21875,413.0799865722656,0.00046985212329623855,-0.0016931823686459433,0.004000843710170696,0.004053411812967736,4.8340112594376715e-05,-1.087463391699988
2025-05-09 19:00:00+00:00,103134.65625,416.0299987792969,-0.0011005032414763995,0.007116123814693088,0.004033852575906529,0.00405382791445332,4.805697418607537e-05,-0.41565951425586284
2025-05-12 13:00:00+00:00,104282.0234375,403.8084106445313,0.011063516130746354,-0.029816835711382134,0.0038722724908243494,0.004051567936315221,5.317110110366027e-05,-3.372046878271801
2025-05-12 14:00:00+00:00,102823.6640625,408.5750122070313,-0.014083471074887244,0.011734991456073082,0.0039735504072164205,0.004050675745989153,5.403109566609221e-05,-1.427425037784931
2025-05-12 15:00:00+00:00,102535.0078125,407.2829895019531,-0.00281124178950485,-0.0031672761251678103,0.003972135938651593,0.004050193155671717,5.460770958224967e-05,-1.4294175239588702
2025-05-12 16:00:00+00:00,102840.4453125,410.4700012207031,0.00297443263586341,0.0077945978569708635,0.003991328508675871,0.004050034343382086,5.4767244975604675e-05,-1.0719150604045264
2025-05-12 17:00:00+00:00,102569.453125,405.090087890625,-0.0026385519566583943,-0.01319336598130086,0.003949422323593236,0.004048567477061791,5.6268504588111336e-05,-1.7620008598825203
2025-05-12 18:00:00+00:00,101717.5,407.2550048828125,-0.008340797599477145,0.00533005526048697,0.004003785040753189,0.004047708714770189,5.655629834049652e-05,-0.7766362952638409
2025-05-12 19:00:00+00:00,101806.8359375,404.9100036621094,0.0008778895440292646,-0.005774707633642854,0.003977237873404559,0.0040467171321435964,5.726905771595056e-05,-1.2132076466780366
2025-05-13 13:00:00+00:00,103782.71875,407.8999938964844,0.019222218315639746,0.007357202126692569,0.003930326732710347,0.004044708689211587,5.9202711933902266e-05,-1.9320391374797796
2025-05-13 14:00:00+00:00,103191.15625,409.239990234375,-0.005716316717145668,0.003279725787659727,0.0039658436353103175,0.0040434898113013654,6.006922583779033e-05,-1.292611564542583
2025-05-13 15:00:00+00:00,103656.6953125,416.3900146484375,0.0045012780652695745,0.017320599114304298,0.004017010318466374,0.004043520552901843,6.0054955082149745e-05,-0.44143292421426544
2025-05-13 16:00:00+00:00,103784.71875,415.8150024414063,0.0012343094972857196,-0.0013819005815368683,0.00400651471092806,0.004043117828327228,6.022331814813374e-05,-0.607789781843855
2025-05-13 17:00:00+00:00,104288.9296875,418.5700073242188,0.004846475545639319,0.006603701798210163,0.00401356125313067,0.004041452903588479,5.962364242342599e-05,-0.4677951450824305
2025-05-13 18:00:00+00:00,104372.9609375,420.875,0.0008054298203759793,0.005491720002353085,0.004032414106293543,0.004039689514332675,5.8262336741990885e-05,-0.12487326197283503
2025-05-13 19:00:00+00:00,104718.34375,421.6700134277344,0.003303658439038349,0.0018871719635439941,0.0040267062897252365,0.004038489976848208,5.776604169001094e-05,-0.20398986633369218
2025-05-14 13:00:00+00:00,103871.546875,417.05999755859375,-0.00811929594866234,-0.010992958958181916,0.004015151503043347,0.004037907992391142,5.782326530711819e-05,-0.39355247800219245
2025-05-14 14:00:00+00:00,103276.1484375,418.6650085449219,-0.00574855613260739,0.003841007383716508,0.004053840261077192,0.0040389089489674375,5.756572753955439e-05,0.2593785008535729
2025-05-14 15:00:00+00:00,103488.6953125,417.1300048828125,0.002055929296412543,-0.0036731623503830405,0.004030681840400291,0.004039740117174739,5.707056535371087e-05,-0.15872064203860697
2025-05-14 16:00:00+00:00,103384.6171875,413.4500122070313,-0.001006201646054121,-0.008861317826952108,0.003999144393572515,0.004040494666862469,5.62088017028394e-05,-0.7356547735808627
2025-05-14 17:00:00+00:00,103248.8828125,413.3349914550781,-0.0013137694954885033,-0.0002782361851890332,0.004003287785744806,0.0040401559738349,5.637325514302211e-05,-0.6540014053926279
2025-05-14 18:00:00+00:00,103406.953125,417.864990234375,0.0015297931714353462,0.01090000897458476,0.0040409757526580735,0.0040405943960259766,5.6273893702295173e-05,0.006776794833398612
2025-05-14 19:00:00+00:00,103299.3046875,416.5700073242188,-0.0010415596351174513,-0.0031038581880994936,0.004032650641593592,0.0040401985240108304,5.6244337600333254e-05,-0.1341980853410144
2025-05-15 13:00:00+00:00,102146.3046875,404.1900024414063,-0.011224499846586659,-0.03016946181816785,0.00395697136257606,0.0040383191183205125,5.7117851801111764e-05,-1.424208950079399
2025-05-15 14:00:00+00:00,101945.0546875,402.6099853515625,-0.0019721566444048143,-0.003916755413152968,0.003949284117662341,0.004035853389953828,5.7721819440773807e-05,-1.4997668668485489
2025-05-15 15:00:00+00:00,103227.4765625,403.4450073242188,0.012501074760996562,0.0020718741995256165,0.003908310275122819,0.004032517642845827,5.921882760245708e-05,-2.097430373948406
2025-05-15 16:00:00+00:00,103783.046875,406.4599914550781,0.005367569118154224,0.00744531287689095,0.003916439184375007,0.004030015192708801,6.090324502939268e-05,-1.8648597177207926
2025-05-15 17:00:00+00:00,103981.28125,400.4500122070313,0.001908262471660041,-0.014896556886398744,0.003851174051647217,0.00402762047104288,6.499636345564259e-05,-2.714712177952549
2025-05-15 18:00:00+00:00,102679.7109375,395.4249877929688,-0.012596354140069486,-0.012627840274084506,0.003851052794973874,0.0040249588334083115,6.8854257350258e-05,-2.5257122090473905
2025-05-15 19:00:00+00:00,103219.03125,397.0199890136719,0.005238706562237844,0.00402552460115538,0.0038463836000560397,0.004021448399143684,7.24669517170793e-05,-2.4157880929105526
2025-05-16 13:00:00+00:00,104081.1953125,394.4400024414063,0.008318071310461457,-0.006519585926367345,0.003789733594595206,0.004016845451070682,7.814368910018406e-05,-2.9063365076648453
2025-05-16 14:00:00+00:00,103583.4453125,401.6050109863281,-0.00479379591742438,0.018002002201594425,0.003877115785970716,0.004013461806963599,7.973597043911379e-05,-1.7099687912746502
2025-05-16 15:00:00+00:00,104135.71875,401.0650024414063,0.005317513589369767,-0.001345530834240207,0.0038513682649490167,0.0040090327609598655,8.124725215143614e-05,-1.9405517335771445
2025-05-16 16:00:00+00:00,104216.53125,405.9700012207031,0.0007757296026556778,0.012155753231843135,0.0038954472611148544,0.004005748566409994,8.179695309812671e-05,-1.3484769434237778
2025-05-16 17:00:00+00:00,103865.796875,404.43499755859375,-0.0033711147920916043,-0.0037882429159000757,0.0038938226993561853,0.0040029865382552035,8.274213894622371e-05,-1.3193258029015498
2025-05-16 18:00:00+00:00,103770.1484375,398.8504028320313,-0.0009213091126554213,-0.01390460899656618,0.0038435947990597312,0.003999485865640108,8.49760278667553e-05,-1.8345299314863015
2025-05-16 19:00:00+00:00,104017.1328125,399.4800109863281,0.0023772820918866416,0.0015773125360958424,0.003840521269764529,0.003996292010269583,8.729699728970087e-05,-1.7843768438921084
2025-05-19 13:00:00+00:00,103407.671875,400.3399963378906,-0.005876468750085732,0.002150448038555865,0.0038714728711988096,0.003993153103145395,8.835402974477946e-05,-1.377189385680229
2025-05-19 14:00:00+00:00,104290.453125,405.9006042480469,0.008500669574265854,0.013794135591029764,0.0038920207179610608,0.003990169036152945,8.870087773737089e-05,-1.106508984978547
2025-05-19 15:00:00+00:00,104832.3203125,411.8399963378906,0.005182299290520514,0.014526603009602125,0.003928559389987895,0.003987817046992533,8.842740404164526e-05,-0.6701277465606772
2025-05-19 16:00:00+00:00,105357.7265625,411.05999755859375,0.004999355127657646,-0.001895732212124998,0.003901564801844371,0.0039852272278710086,8.864345360146483e-05,-0.9438082862021413
2025-05-19 17:00:00+00:00,105401.8515625,409.6400146484375,0.0004187235620535873,-0.0034604223370375215,0.0038864593797532463,0.003982114040563536,8.877962666932666e-05,-1.0774393224987342
2025-05-19 18:00:00+00:00,104755.359375,409.0729064941406,-0.00615248198167771,-0.0013853653224543995,0.0039050308159390115,0.003979346221260156,8.854675891082499e-05,-0.8392786617518898
2025-05-19 19:00:00+00:00,105494.4296875,413.1799926757813,0.007030431373652336,0.0099899199929461,0.003916604828328096,0.003977267565582756,8.853105843235694e-05,-0.6852141873013933
2025-05-20 13:00:00+00:00,104472.1484375,411.6000061035156,-0.009737638599235342,-0.0038312968483731067,0.003939806084774389,0.003975459821212197,8.816327154402203e-05,-0.4044057782044263
2025-05-20 14:00:00+00:00,104564.7109375,411.7900085449219,0.0008856094214821258,0.0004615126280339565,0.003938135579899947,0.003973402247384532,8.755759920680492e-05,-0.40278248608995676
2025-05-20 15:00:00+00:00,105382.1796875,412.9624938964844,0.00778742546533085,0.0028432436105602366,0.003918712775927411,0.003971450577699957,8.744789812405206e-05,-0.6030768366522972
2025-05-20 16:00:00+00:00,105231.078125,415.2210083007813,-0.0014348725241148856,0.0054541535713279665,0.003945802092871804,0.003969218130213613,8.633902804272338e-05,-0.27121034221305307
2025-05-20 17:00:00+00:00,106229.7265625,411.4699096679688,0.009445304659634762,-0.009075034683732773,0.0038733970516800823,0.003965449931167347,8.548668838946833e-05,-1.07680951527659
2025-05-20 18:00:00+00:00,105297.0390625,411.7892150878906,-0.008818681094673085,0.0007757106513158059,0.003910738789563393,0.0039613669735188645,8.202544712024853e-05,-0.6172253335144969
2025-05-20 19:00:00+00:00,107051.0859375,417.3200073242188,0.016520859512549342,0.01334172658421934,0.0038983257728731884,0.003957056399812592,7.82829382013303e-05,-0.7502353423214497
2025-05-21 13:00:00+00:00,107465.3984375,412.64691162109375,0.0038627615622876914,-0.011261039397306681,0.0038398118614996063,0.003951672869971099,7.492731647281374e-05,-1.4929269288868783
2025-05-21 14:00:00+00:00,108884.9921875,419.8547058105469,0.013123286900058458,0.017316421127487124,0.0038559465117796667,0.0039468838227409596,7.158053731282813e-05,-1.2704195075243696
2025-05-21 15:00:00+00:00,109026.0390625,418.5899963378906,0.001294536526107975,-0.003016801057008231,0.0038393580096763007,0.003942417417212015,6.973564654664871e-05,-1.4778583499154074
2025-05-21 16:00:00+00:00,109274.6953125,399.4800109863281,0.0022781083009281496,-0.04672818294704051,0.003655741247723537,0.0039350241715044205,7.604645616749155e-05,-3.6725304222693245
2025-05-21 17:00:00+00:00,106395.4765625,396.30999755859375,-0.02670178998845501,-0.007967001749784958,0.0037248763797377137,0.0039306350945324696,8.039912075493849e-05,-2.5592159822483778
2025-05-21 18:00:00+00:00,107047.7734375,397.6000061035156,0.006112153049863969,0.0032497630065923115,0.0037142295755983657,0.003925856859489042,8.456249021142021e-05,-2.5026141420572263
2025-05-21 19:00:00+00:00,108799.6328125,402.4500122070313,0.01623274398769244,0.012124405738225121,0.003699001566490524,0.003921533665364179,8.936512225333805e-05,-2.490144849159458
2025-05-22 13:00:00+00:00,111179.6796875,411.7699890136719,0.021639668963872503,0.022894018489160832,0.0037036443185576784,0.00391637507696692,9.285172879208309e-05,-2.2910802111783655
2025-05-22 14:00:00+00:00,110731.1171875,406.6499938964844,-0.00404273354201156,-0.012512064757175133,0.0036724093843278727,0.003910756782717806,9.721694696080358e-05,-2.451706269751831
2025-05-22 15:00:00+00:00,111236.671875,407.1199951171875,0.004555215545668111,0.0011551206835070283,0.0036599440477208854,0.0039050751216769763,0.00010172007526591985,-2.4098593450236976
2025-05-22 16:00:00+00:00,111191.9765625,405.8070068359375,-0.00040188450018056155,-0.0032302763220153903,0.0036496069175264373,0.003898671027370641,0.00010550050800706253,-2.360785881974433
2025-05-22 17:00:00+00:00,111539.7109375,403.6799926757813,0.003122453400582178,-0.005255227215893505,0.0036191593942894364,0.003894452475761726,0.00011146582465008276,-2.469753239044334
2025-05-22 18:00:00+00:00,111805.671875,403.8999938964844,0.002381612369715666,0.0005448407087925207,0.003612517926175061,0.00388843526774437,0.00011674333529274846,-2.3634526191787466
2025-05-22 19:00:00+00:00,111056.421875,399.7200012207031,-0.006723914419486236,-0.01040300241043051,0.0035992515738586424,0.0038822205283311545,0.00012201801764159228,-2.319075165634034
2025-05-23 13:00:00+00:00,109665.4609375,384.4299926757813,-0.012603909803256291,-0.039002606344275596,0.0035054792036562335,0.0038741230399141607,0.00013048220323775555,-2.825242271439961
2025-05-23 14:00:00+00:00,109755.4921875,375.6299133300781,0.0008206258679512537,-0.02315731308643075,0.0034224247538189112,0.0038653397470845884,0.00014251038034794,-3.107948994201667
2025-05-23 15:00:00+00:00,109137.84375,374.0400085449219,-0.0056433885854426545,-0.00424161920459056,0.003427225568078184,0.003855730422540005,0.000152130624588483,-2.8166902990172873
2025-05-23 16:00:00+00:00,109016.5078125,378.3200073242188,-0.0011123862452684158,0.011377651283284005,0.003470300185866347,0.0038472814610810346,0.00015918165718501186,-2.3682457004234734
2025-05-23 17:00:00+00:00,109482.5390625,376.2099914550781,0.004265757341740308,-0.005592942289467483,0.003436255631962574,0.003839046942735238,0.00016738094562724249,-2.406434670704279
2025-05-23 18:00:00+00:00,108783.625,377.1549987792969,-0.0064042583448764324,0.0025087648938220534,0.0034670199561680068,0.003830733214749533,0.00017326114656784339,-2.099219968160075
2025-05-23 19:00:00+00:00,108866.1640625,369.239990234375,0.0007584575828195468,-0.021209427625781728,0.003391687338431384,0.003820311165082283,0.0001805214220198967,-2.3743654456901915
2025-05-27 13:00:00+00:00,109915.8359375,367.2850036621094,0.009595669928943382,-0.005308689263174643,0.0033415112620437497,0.0038092277742675447,0.00018910575187875306,-2.4733066423261194
2025-05-27 14:00:00+00:00,109330.8671875,370.0,-0.005336181842059111,0.007364882227400868,0.0033842226767071943,0.00379873879799382,0.00019494345912996432,-2.126340238018848
2025-05-27 15:00:00+00:00,110124.953125,370.3150024414063,0.007236895353836988,0.000850995750127141,0.0033626802276235366,0.0037875765666826535,0.00020043348724784404,-2.1198869754419603
2025-05-27 16:00:00+00:00,110256.0546875,371.9949951171875,0.0011897720158961544,0.004526398808188292,0.0033739189758924095,0.003776696778118773,0.00020490050400025057,-1.9657238238216872
2025-05-27 17:00:00+00:00,110352.234375,373.0215148925781,0.0008719499525831635,0.002755698460916691,0.0033802805806810664,0.0037661155960794016,0.00020873453405754227,-1.8484483994966123
2025-05-27 18:00:00+00:00,109912.7109375,369.6412048339844,-0.0039908667285608185,-0.009103280163523478,0.0033630432884525483,0.003754602313202324,0.0002116266579182015,-1.8502348834574618
2025-05-27 19:00:00+00:00,109877.84375,372.3399963378906,-0.0003172764893565539,0.007274587014381315,0.0033886722166213846,0.0037439021528060095,0.0002136518640793978,-1.66265779011698
2025-05-28 13:00:00+00:00,108085.828125,361.9500122070313,-0.01644362097952446,-0.02830129104347115,0.0033487277516941476,0.0037330618754413698,0.00021695674533650576,-1.7714781033938796
2025-05-28 14:00:00+00:00,107550.1015625,359.80108642578125,-0.004968816333110606,-0.005954773426107744,0.0033454276769482364,0.00372209754029476,0.00021967498187338357,-1.7146689173900964
2025-05-28 15:00:00+00:00,107127.671875,362.0,-0.003935481777663853,0.00609287078698971,0.0033791455901552047,0.003711067037586379,0.00022000774903100658,-1.5086807118979946
2025-05-28 16:00:00+00:00,107386.703125,364.2550048828125,0.0024150491163973777,0.006209973396224391,0.0033919935549079415,0.0037003894194749514,0.00021968206416600616,-1.4038281447226653
2025-05-28 17:00:00+00:00,107716.046875,364.4599914550781,0.0030622017371403514,0.0005625973904819503,0.0033835255008756383,0.003690831988446611,0.0002208013191502474,-1.3917783134341761
2025-05-28 18:00:00+00:00,107483.671875,366.15240478515625,-0.0021596226209363635,0.004632870632575498,0.0034065863065320242,0.0036817870249277727,0.00022114990515517335,-1.2444080326539118
2025-05-28 19:00:00+00:00,107142.9921875,364.2099914550781,-0.003174628605535039,-0.00531905234905239,0.0033992889690602577,0.0036733033364933967,0.0002220743326075138,-1.233885808484775
2025-05-29 13:00:00+00:00,107577.1171875,364.7099914550781,0.0040436416765653165,0.0013718929104515653,0.0033902190446264894,0.0036645330008309215,0.00022269954265020478,-1.231767038854221
2025-05-29 14:00:00+00:00,107789.4609375,369.4450073242188,0.001971929169855226,0.012899405530474162,0.0034274687349854695,0.003657471245553225,0.00022339759237792342,-1.0295657536839455
2025-05-29 15:00:00+00:00,107053.9296875,371.0750122070313,-0.00684716547768768,0.004402332070301007,0.0034662437267854855,0.003651057761083419,0.00022326957003109053,-0.8277618587799404
2025-05-29 16:00:00+00:00,106819.109375,372.7999877929688,-0.002195886006822479,0.004637818660025887,0.0034900121333554116,0.0036451182366384082,0.0002227248658806702,-0.6964022749309823
2025-05-29 17:00:00+00:00,106313.7265625,365.5696105957031,-0.004742429832317797,-0.019585335945083646,0.0034385927614040608,0.003639265889418556,0.00022347258426236476,-0.8979764953131703
2025-05-29 18:00:00+00:00,105939.453125,367.2450866699219,-0.003526673437518919,0.004572722135505559,0.0034665563757121,0.003632423232580913,0.00022234903256893214,-0.7459751677461939
2025-05-29 19:00:00+00:00,105747.8984375,370.7799987792969,-0.0018097891855129587,0.009579455254513996,0.003506263521619187,0.0036266714868587483,0.000221049148439206,-0.5447112829420219
2025-05-30 13:00:00+00:00,105535.015625,363.62451171875,-0.0020151452897582372,-0.01948711751312541,0.0034455342576612236,0.003619172936801188,0.00021940201547645204,-0.7914178853958653
2025-05-30 14:00:00+00:00,105411.6015625,367.0199890136719,-0.001170097707431911,0.009294538549596769,0.003481779838019638,0.0036123055557789126,0.00021709609430191449,-0.6012347581792655
2025-05-30 15:00:00+00:00,105571.359375,362.1499938964844,0.0015144146458384714,-0.013357838760882312,0.003430381081009779,0.0036054186604780798,0.00021618683760075622,-0.8096588183206238
2025-05-30 16:00:00+00:00,103865.6171875,362.010009765625,-0.016289195268495017,-0.00038661105803987697,0.003485369071770096,0.0035994994571781724,0.00021449604417949448,-0.5320862016111125
2025-05-30 17:00:00+00:00,104148.859375,364.5199890136719,0.0027232947171004634,0.006909526759023252,0.003499990217858993,0.0035933080796225086,0.00021185769074594558,-0.44047427041683324
2025-05-30 18:00:00+00:00,104884.765625,366.625,0.007041061363260922,0.005758137808853749,0.003495502877041396,0.0035866994489405146,0.0002085402600622641,-0.43730918850820505
2025-05-30 19:00:00+00:00,104706.25,369.0409851074219,-0.001703466798285227,0.006568181326833556,0.003524536358693219,0.0035799657317522695,0.00020378323551784898,-0.27200163408042144
2025-06-02 13:00:00+00:00,103806.984375,372.5494079589844,-0.008625555141864681,0.009461959215480863,0.003588866492963127,0.003574754093270916,0.0001993698721240851,0.07078501652159128
2025-06-02 14:00:00+00:00,104160.8203125,372.5278015136719,0.003402798615439045,-5.799786933182759e-05,0.0035764676237766344,0.0035695875640046394,0.0001951267983151204,0.03525943043909335
2025-06-02 15:00:00+00:00,104426.8359375,373.0700073242188,0.0025506376935409145,0.0014544192584765951,0.003572549182161405,0.0035640462034416793,0.00019009532725122827,0.04473007749679246
2025-06-02 16:00:00+00:00,104359.640625,373.2373962402344,-0.0006436749728845875,0.000448579011873671,0.0035764534450765735,0.00355837701372082,0.00018438931483344355,0.09803405024896111
2025-06-02 17:00:00+00:00,104441.578125,374.0499877929688,0.0007848374132721762,0.002174777442707659,0.0035814279572192057,0.003552404044928234,0.00017749998206920898,0.16351501534042281
2025-06-02 18:00:00+00:00,104347.75,373.2300109863281,-0.0008987828272535169,-0.002194564653334605,0.003576790213361842,0.003546381622152599,0.00017016931090273185,0.17869609418953605
2025-06-02 19:00:00+00:00,104489.3515625,372.4700012207031,0.0013560960494178383,-0.002038380089410434,0.003564669467758265,0.0035404809003497795,0.0001630281723689415,0.14837047521912775
2025-06-03 13:00:00+00:00,105571.84375,388.1470031738281,0.010306537275079072,0.04122764108702284,0.0036766147998038364,0.0035359944454653133,0.00015520092974334636,0.9060535563225364
2025-06-03 14:00:00+00:00,106613.21875,389.1499938964844,0.009815802762822814,0.0025807156932400924,0.0036501101688807642,0.0035322729974186584,0.00014954752751216046,0.7879580052068988
2025-06-03 15:00:00+00:00,106691.7109375,388.2799987792969,0.0007359622785829159,-0.0022381320210212033,0.003639270524087399,0.003527748526327391,0.00014180956320009868,0.7864208537378112
2025-06-03 16:00:00+00:00,105881.9140625,390.4500122070313,-0.007619014751685596,0.005573225672537685,0.0036875987335906715,0.003524236409006016,0.0001349181594808978,1.210825327096052
2025-06-03 17:00:00+00:00,105982.4453125,389.4500122070313,0.0009490152835680639,-0.0025644326624492545,0.003674665281204811,0.003521483966001103,0.00012996466915788637,1.1786381344734307
2025-06-03 18:00:00+00:00,106055.7734375,389.43499755859375,0.0006916501030380629,-3.855421082996982e-05,0.00367198300418876,0.0035184179075412546,0.00012397230565720134,1.2387048529381388
2025-06-03 19:00:00+00:00,106208.6796875,387.4500122070313,0.001440714864852129,-0.005110124783370539,0.0036480070493959014,0.0035152287248699145,0.00011788815188877401,1.126307626327551
2025-06-04 13:00:00+00:00,104792.6796875,376.5,-0.013421915968449338,-0.028668792476091977,0.0035928082106760945,0.003514179840919124,0.00011689254540294657,0.6726551251487123
2025-06-04 14:00:00+00:00,105015.71875,383.6199951171875,0.0021261221970118377,0.01873441932534036,0.0036529769036807882,0.003512981516318175,0.00011504999630420021,1.2168221804410644
2025-06-04 15:00:00+00:00,105398.4765625,381.302001953125,0.003638140802387297,-0.006060749379532041,0.0036177183427031565,0.003511372995769922,0.00011284212598875768,0.9424259424519321
2025-06-04 16:00:00+00:00,105483.09375,385.1495971679688,0.0008025091231621064,0.010040105703204332,0.003651292197409301,0.0035105778396185678,0.0001116594660002759,1.2602098400720065
2025-06-04 17:00:00+00:00,105090.0234375,384.6400146484375,-0.003733342359138713,-0.0013239528986734275,0.003660100189026923,0.003509852104126389,0.00011051903821444497,1.3594769492021914
2025-06-04 18:00:00+00:00,105001.96875,381.760009765625,-0.0008382489188590314,-0.007515705500201604,0.0036357414466633513,0.0035092409718319797,0.00010970328695227972,1.1531147183073789
2025-06-04 19:00:00+00:00,105065.2578125,377.9299926757813,0.000602560098979303,-0.01008319058440595,0.0035970976566795953,0.0035081935319812916,0.00010853378846657332,0.8191377630357455
2025-06-05 13:00:00+00:00,104432.7734375,379.5,-0.006038112080194602,0.004145622930004709,0.0036339167055361196,0.00350793202844812,0.00010820569542381953,1.1643072630746805
2025-06-05 14:00:00+00:00,104598.7890625,381.4411010742188,0.0015884267229371166,0.005101854222023739,0.003646706663557067,0.0035083911496025804,0.0001087427460047489,1.2719516384885683
2025-06-05 15:00:00+00:00,104708.0546875,377.8999938964844,0.0010440713066815948,-0.009326856853404748,0.0036090823673911488,0.0035083338902895155,0.00010868787863225286,0.9269522817950778
2025-06-05 16:00:00+00:00,103426.6015625,375.260009765625,-0.01231384854755226,-0.0070104491214517855,0.0036282736171975825,0.003508817591011831,0.00010916289473705752,1.0942914849728673
2025-06-05 17:00:00+00:00,103260.828125,373.9800109863281,-0.0016040982588737171,-0.00341679565725818,0.0036217026124719365,0.0035107546478254257,0.00011012954387009133,1.0074314370845383
2025-06-05 18:00:00+00:00,103051.453125,368.5350036621094,-0.002029690822191049,-0.014666652722327268,0.003576223260191018,0.003513317956264961,0.00010982823303852678,0.572760775491947
2025-06-05 19:00:00+00:00,102017.5625,368.7000122070313,-0.01008342856622189,0.00044764164513491725,0.0036140837241335905,0.0035164322588658843,0.00010999476978309884,0.8877828051303461
2025-06-06 13:00:00+00:00,104158.90625,372.7000122070313,0.020772697897774715,0.010790500889779338,0.0035781866920960616,0.0035182303673030463,0.0001101096190032812,0.5445148692343458
2025-06-06 14:00:00+00:00,104826.9921875,376.5,0.006393620032252935,0.010144208001767744,0.0035916321945646305,0.003520819976679747,0.00010997605055412956,0.6438876239698198
2025-06-06 15:00:00+00:00,105098.6015625,379.1549987792969,0.002587674248836757,0.007027041993359957,0.0036076122150285805,0.00352316318099409,0.00011030759643744717,0.7655776824253391
2025-06-06 16:00:00+00:00,104838.75,375.0539855957031,-0.002475516560225825,-0.010875112035830822,0.003577436640514153,0.00352625900269547,0.00010915568485136775,0.468849953975086
2025-06-06 17:00:00+00:00,104994.859375,375.2099914550781,0.0014879351717440518,0.0004158692577422617,0.0035736034477171575,0.003530127205790026,0.00010657970978031782,0.40792231482657026
2025-06-06 18:00:00+00:00,104581.625,373.739990234375,-0.003943523642574433,-0.003925504090572415,0.003573667843030504,0.0035332846252287484,0.00010497815231204901,0.3846821163485128
2025-06-06 19:00:00+00:00,104228.1015625,374.4599914550781,-0.0033860853236950613,0.0019246229900410227,0.003592697035074889,0.003537118238686271,0.00010282010897277633,0.5405440331067296
2025-06-09 13:00:00+00:00,107159.1875,383.0950012207031,0.027733680868047103,0.02279803803056348,0.003575008453854721,0.003540469729985643,0.00010066509612845463,0.3431052588973268
2025-06-09 14:00:00+00:00,107630.5390625,384.1700134277344,0.004388965214314467,0.002802194521970643,0.0035693402334875477,0.0035436207241990843,9.850160883828091e-05,0.2611075046569998
2025-06-09 15:00:00+00:00,107748.6796875,387.6099853515625,0.0010970476867203087,0.00891444377848921,0.0035973525288266655,0.0035475258782053194,9.582959209451366e-05,0.5199505657104712
2025-06-09 16:00:00+00:00,107773.015625,389.5400085449219,0.00022583283384207284,0.004966936051971022,0.0036144484432015897,0.0035512888153149892,9.389950404235643e-05,0.6726300477381678
2025-06-09 17:00:00+00:00,108397.203125,393.4800109863281,0.005774978980447704,0.01006369082780554,0.0036299830589962756,0.003555976403770025,9.057755222586872e-05,0.817052938698364
2025-06-09 18:00:00+00:00,108499.46875,394.4100036621094,0.0009429894123693948,0.002360718096165901,0.003635133039875915,0.0035608048264854863,8.680676687915876e-05,0.8562490697746988
2025-06-09 19:00:00+00:00,108602.9375,391.9800109863281,0.0009531792818061166,-0.006180140553163478,0.0036092947392544344,0.00356464064563714,8.367186258996183e-05,0.5336811233200817
2025-06-10 13:00:00+00:00,109290.71875,386.5199890136719,0.006313020269469471,-0.014027261401082469,0.003536622262479831,0.0035670511240966716,8.064225689608929e-05,-0.37733147344883305
2025-06-10 14:00:00+00:00,108635.9609375,389.1018981933594,-0.006008991497533205,0.006657673691553041,0.0035817043899231114,0.0035703541055807963,7.697300042377196e-05,0.1474579953987316
2025-06-10 15:00:00+00:00,109028.9765625,388.5617980957031,0.0036112022139760443,-0.0013890327838966745,0.0035638397272578556,0.003572974995926226,7.39188888966879e-05,-0.12358503766389571
2025-06-10 16:00:00+00:00,108698.125,389.8599853515625,-0.0030391422545166737,0.003335437129349252,0.003586630269395746,0.003576097350931818,7.03274195539256e-05,0.14976972752215775
2025-06-10 17:00:00+00:00,108736.859375,390.2998962402344,0.0003562846661596569,0.0011277455959358377,0.0035893982820876776,0.0035794170048895047,6.597068871424394e-05,0.15129866600919384
2025-06-10 18:00:00+00:00,109378.1796875,391.9800109863281,0.005880586349259418,0.004295437768140802,0.0035837130596453374,0.003582021076967169,6.288260278837137e-05,0.02690700771185596
2025-06-10 19:00:00+00:00,109439.390625,391.0199890136719,0.0005594700554367095,-0.00245216463273599,0.003572936460817139,0.00358379928920103,6.103451307384893e-05,-0.17797845574269455
2025-06-11 13:00:00+00:00,109640.390625,390.5398864746094,0.001834948485442126,-0.0012285753516999467,0.003562007434015464,0.0035849992108786975,5.985575330409146e-05,-0.38411974779476776
2025-06-11 14:00:00+00:00,109864.5390625,388.9577941894531,0.0020423096258467394,-0.004059266619594029,0.0035403397448214103,0.003586694993935653,5.701130421101204e-05,-0.8130887331163531
2025-06-11 15:00:00+00:00,109709.2734375,388.4100036621094,-0.0014142456161868491,-0.0014093473373321516,0.003540357086435193,0.003587925005781038,5.5140833249740085e-05,-0.8626623237701876
2025-06-11 16:00:00+00:00,109439.1640625,388.75,-0.0024650827070543404,0.0008749713263151673,0.003552201840448885,0.0035886906444281995,5.4300256326550106e-05,-0.6719821681849637
2025-06-11 17:00:00+00:00,109120.078125,381.6499938964844,-0.0029199054774608417,-0.018432521241407002,0.003497523099821226,0.0035895571251308663,5.2357194830338095e-05,-1.757810471089478
2025-06-11 18:00:00+00:00,108862.140625,383.239990234375,-0.0023665932190831654,0.004157457048887631,0.003520415711413676,0.0035902010563541005,5.123475181318437e-05,-1.362070517973436
2025-06-11 19:00:00+00:00,108727.84375,387.1300048828125,-0.0012344032510381595,0.010099167246779693,0.003560541546036247,0.003592370397437875,4.6927619599839744e-05,-0.6782541214116157
2025-06-12 13:00:00+00:00,106952.6640625,385.9200134277344,-0.016461568941216316,-0.003130437654851136,0.003608325391522871,0.0035944196694337543,4.4812830070350736e-05,0.31030671500296486
2025-06-12 14:00:00+00:00,107591.7421875,382.6268005371094,0.00595755467479886,-0.008570025889614478,0.003556284086099341,0.0035953579005710934,4.336830431443471e-05,-0.9009763026115598
2025-06-12 15:00:00+00:00,107038.265625,386.1650085449219,-0.005157506119554349,0.009204658393647206,0.003607728565948743,0.0035972283287195495,4.1362366600675816e-05,0.2538596819317841
2025-06-12 16:00:00+00:00,107686.2734375,390.24169921875,0.006035731012155486,0.010501527352834166,0.00362387597566223,0.0035988839890023663,4.03798445276725e-05,0.6189223101821688
2025-06-12 17:00:00+00:00,108291.40625,383.0,0.005603675313717169,-0.018731299569074062,0.0035367534069676004,0.0035980154375691077,4.11520485521373e-05,-1.4886751147732487
2025-06-12 18:00:00+00:00,107499.3125,381.5667114257813,-0.007341347321157382,-0.003749287620807955,0.0035494804808708083,0.0035975656518540105,4.153723471804803e-05,-1.1576401585132265
2025-06-12 19:00:00+00:00,106767.78125,379.739990234375,-0.006828244874135004,-0.004798919261178096,0.0035566908461383334,0.003597301346253626,4.174902916819077e-05,-0.9727292089041969
2025-06-13 13:00:00+00:00,104727.359375,371.2489929199219,-0.019295811501719815,-0.022613804859040965,0.0035449093258484716,0.0035967756109331573,4.2212057421522054e-05,-1.22870782077164
2025-06-13 14:00:00+00:00,104970.5859375,376.7699890136719,0.0023197811615385034,0.014761915099282319,0.0035892910918683693,0.00359690666317731,4.2175791671385926e-05,-0.1805673588364991
2025-06-13 15:00:00+00:00,105454.7890625,379.7200012207031,0.004602144390688945,0.007799249689441834,0.003600784796939417,0.0035973065729036032,4.20954966560252e-05,0.08262698654526575
2025-06-13 16:00:00+00:00,105813.7578125,377.6799926757813,0.003398225630415717,-0.005386885382969049,0.0035692900477556347,0.003597383582570226,4.203896673085983e-05,-0.6682736755746316
2025-06-13 17:00:00+00:00,105451.609375,375.260009765625,-0.003428378224398586,-0.006428111762522309,0.0035585991715987027,0.003595416655433474,4.101750872793189e-05,-0.8976040958260272
2025-06-13 18:00:00+00:00,105100.703125,380.5400085449219,-0.0033332008632041125,0.013972173984129829,0.0036207180088256127,0.003594926786099221,4.052580367879011e-05,0.636414836601751
2025-06-13 19:00:00+00:00,105108.0625,382.8500061035156,7.001967763929893e-05,0.006051964434466507,0.003642441854577194,0.0035949796416073843,4.058664138507414e-05,1.1694047930574512
2025-06-16 13:00:00+00:00,107096.0390625,385.6700134277344,0.018737005631122707,0.007338832845760304,0.0036011603865448456,0.003593539002489954,3.873522266521178e-05,0.19675591181604762
2025-06-16 14:00:00+00:00,107539.734375,380.6900024414063,0.0041344081409453864,-0.01299671429279644,0.003539993888341853,0.0035912944792755716,3.784624650665474e-05,-1.3555001002463456
2025-06-16 15:00:00+00:00,107417.15625,381.6000061035156,-0.0011404904297809282,0.002387553514257181,0.0035525051995920405,0.0035893031825322925,3.665321187545174e-05,-1.0039497511239195
2025-06-16 16:00:00+00:00,107837.8984375,381.4696960449219,0.00390924825373919,-0.0003415416953224366,0.003537436296257309,0.0035874603366466496,3.6430636100851166e-05,-1.37313112652929
2025-06-16 17:00:00+00:00,107713.234375,380.3399963378906,-0.0011567007305689795,-0.002965833977731701,0.0035310423881038584,0.003586430906270446,3.7142667023436896e-05,-1.4912369682994966
2025-06-16 18:00:00+00:00,108269.6015625,381.9549865722656,0.005151968819302333,0.004237185569472368,0.0035278137266606386,0.00358434485332011,3.6855556824684274e-05,-1.5338562629342576
2025-06-16 19:00:00+00:00,108497.359375,382.1499938964844,0.002101407846732952,0.0005104202522875023,0.0035222054812933954,0.0035827529722966137,3.744760378233579e-05,-1.6168588878249897
2025-06-17 13:00:00+00:00,105428.5859375,373.75,-0.02869202196303394,-0.022226061012478707,0.0035450537126768054,0.0035809823308844057,3.665518606207745e-05,-0.9801783067409162
2025-06-17 14:00:00+00:00,104966.6171875,368.4399108886719,-0.004391445104758379,-0.01430949044605695,0.0035100674934635096,0.003578481785958349,3.628201040045467e-05,-1.8856257340685267
2025-06-17 15:00:00+00:00,104269.546875,370.2345886230469,-0.006663024955972326,0.0048591937771027575,0.0035507451573266163,0.0035770651811360696,3.56624756770786e-05,-0.7380313147011851
2025-06-17 16:00:00+00:00,103595.9296875,371.1199951171875,-0.006481302780117451,0.002388619250582121,0.003582380082274287,0.0035768198882293145,3.557285579487512e-05,0.15630440460091893
2025-06-17 17:00:00+00:00,103907.2265625,367.9549865722656,0.0030004084194376543,-0.008564835696288317,0.0035411876415635192,0.003575274403829771,3.5060856349318835e-05,-0.9722170481701342
2025-06-17 18:00:00+00:00,104426.3515625,375.3479919433594,0.004983604458781465,0.019892962589926542,0.003594380023118117,0.003574402293155789,3.388499432049263e-05,0.5895745406764339
2025-06-17 19:00:00+00:00,104829.1796875,375.239990234375,0.003850112063458368,-0.00028777894742299686,0.003579537599673874,0.0035739098803605008,3.3585835686858755e-05,0.16756228327453532
2025-06-18 13:00:00+00:00,104493.953125,371.3200073242188,-0.003202960366446978,-0.010501550976191291,0.0035535071285898276,0.0035726637722170384,3.2914934644102635e-05,-0.5820046077667985
2025-06-18 14:00:00+00:00,104659.5078125,373.5899963378906,0.001583093307027259,0.006094685342136354,0.0035695753223604493,0.0035717949840485133,3.2280451536067585e-05,-0.06876179181025387
2025-06-18 15:00:00+00:00,104841.5234375,372.510009765625,0.0017376112156636029,-0.0028950202860851594,0.0035530770400116546,0.0035714092137121905,3.236482925908178e-05,-0.5664226915515657
2025-06-18 16:00:00+00:00,104517.1640625,369.6199951171875,-0.0030986021014631883,-0.007788471665347064,0.003536452585875361,0.003570115361407887,3.218112326154128e-05,-1.0460410365089854
2025-06-18 17:00:00+00:00,104348.2890625,370.0899963378906,-0.0016170700733205694,0.0012707717602338548,0.0035466800621543793,0.003569590250908859,3.2304005990218495e-05,-0.7092058106173182
2025-06-18 18:00:00+00:00,103684.1953125,368.5499877929688,-0.006384541412653366,-0.004169854893966684,0.003554543551041448,0.003568972106850139,3.22298443519446e-05,-0.4476768690265345
2025-06-18 19:00:00+00:00,103935.1484375,368.9500122070313,0.0024174360893490345,0.001084812076724431,0.0035498098357832665,0.0035680087338627172,3.191765320259562e-05,-0.5701828378149919
2025-06-20 13:00:00+00:00,105732.8828125,370.9800109863281,0.01714880824498096,0.005487015822628704,0.003508653137209931,0.00356686234214098,3.27964464701533e-05,-1.7748631695212156
2025-06-20 14:00:00+00:00,104069.0234375,371.8900146484375,-0.015861574270019798,0.0024499685971620237,0.0035734938444174106,0.0035668605154193177,3.279606768515495e-05,0.20225988864803637
2025-06-20 15:00:00+00:00,104257.9453125,371.4700927734375,0.0018137059058866247,-0.0011297940674359934,0.003562990730922261,0.003566682563550847,3.278747094100941e-05,-0.11259888373910434
2025-06-20 16:00:00+00:00,103778.609375,367.8580017089844,-0.004608197693564257,-0.009771358159930897,0.003544641847914378,0.0035658816437648387,3.272811181062038e-05,-0.6489771231950017
2025-06-20 17:00:00+00:00,103201.9140625,368.4200134277344,-0.005572474117267191,0.0015266293882143709,0.0035698951591597024,0.003565796422186588,3.271059610081893e-05,0.12530303515354016
2025-06-20 18:00:00+00:00,103252.8984375,367.8049011230469,0.0004939034883135706,-0.001670990578170473,0.0035621750739102285,0.0035656770028602994,3.271051835322308e-05,-0.10705819187135648
2025-06-20 19:00:00+00:00,103485.4453125,369.7699890136719,0.0022496743357732084,0.005328523425863369,0.00357315937421982,0.0035652737836168523,3.246160559634704e-05,0.2429205351399797
2025-06-23 13:00:00+00:00,102433.796875,363.7699890136719,-0.01021427205770247,-0.016359391427806815,0.00355126921105522,0.0035642207964144126,3.185854551568498e-05,-0.40653410724027744
2025-06-23 14:00:00+00:00,101607.5546875,366.9027099609375,-0.00809881621864094,0.00857494784550106,0.0036109786431665278,0.0035639040561505834,3.128292164425838e-05,1.5048014872544473
2025-06-23 15:00:00+00:00,101502.34375,362.0899963378906,-0.0010360001922071068,-0.013203927840305977,0.003567306753326971,0.0035627736180414344,2.9858419252680307e-05,0.15182100724000852
2025-06-23 16:00:00+00:00,100640.4921875,368.0,-0.008527205832761297,0.01619014857296773,0.0036565798914654675,0.0035635617039116185,3.167582735273175e-05,2.9365669448197393
2025-06-23 17:00:00+00:00,102472.109375,367.7699890136719,0.018035974377519415,-0.000625225266741805,0.003588976466443232,0.0035644342739776748,3.164223154427665e-05,0.7756150962745954
2025-06-23 18:00:00+00:00,103055.1640625,367.0400085449219,0.005673760390698856,-0.00198685568055504,0.0035615877368583163,0.0035640989964265952,3.156261450138595e-05,-0.07956437094806171
2025-06-23 19:00:00+00:00,103298.171875,367.2999877929688,0.002355260444241725,0.000708062369488752,0.0035557259255026754,0.0035639637663973426,3.1581120535441005e-05,-0.2608470109672803
2025-06-24 13:00:00+00:00,105129.0,379.8250122070313,0.017568488781829063,0.03353173287727406,0.0036129423109420933,0.0035644023004231143,3.207994569298029e-05,1.5130951586866477
2025-06-24 14:00:00+00:00,105553.9453125,379.6799926757813,0.004033984698020498,-0.0003818790714479376,0.0035970232240179327,0.0035645293827886184,3.219553832268358e-05,1.0092653492431438
2025-06-24 15:00:00+00:00,105276.109375,380.21240234375,-0.0026356403383416376,0.0014012767033255915,0.0036115734576532455,0.0035649937227554174,3.26742534341321e-05,1.4255791640879563
2025-06-24 16:00:00+00:00,106071.421875,380.30999755859375,0.007526146620768954,0.00025665309895399276,0.0035854143447494324,0.003565201687487622,3.276524697900348e-05,0.6168931757103203
2025-06-24 17:00:00+00:00,106089.734375,379.6400146484375,0.00017262820743581926,-0.0017632293518639762,0.003578480207203719,0.0035654762337074264,3.2807015697377046e-05,0.39637782406804184
2025-06-24 18:00:00+00:00,105636.109375,377.2999877929688,-0.004285029036298316,-0.006182879230747906,0.0035716952283199213,0.003565998825099068,3.264917866276227e-05,0.1744730940919596
2025-06-24 19:00:00+00:00,105605.2890625,376.75,-0.00029180182432669757,-0.0014587571100119347,0.0035675296506885125,0.0035664517011699567,3.2475467151288156e-05,0.033192733257201935
2025-06-25 13:00:00+00:00,108018.9765625,383.2900085449219,0.022598464764216734,0.017210067608045342,0.003548358082462941,0.0035663876385368582,3.250782860107535e-05,-0.5546219741456576
2025-06-25 14:00:00+00:00,107698.0234375,383.9200134277344,-0.00297568909107107,0.0016423274106840992,0.0035647823532298463,0.0035675086260936683,3.122733259618864e-05,-0.08730405824526832
2025-06-25 15:00:00+00:00,107046.5078125,386.1400146484375,-0.006067839029020213,0.0057658034178966425,0.0036072172977822943,0.003568955319199812,3.1018609094947216e-05,1.2335169015916656
2025-06-25 16:00:00+00:00,107206.609375,384.739990234375,0.001494508872508588,-0.003632279847596954,0.0035887711819015356,0.0035694258131309,3.110280587493454e-05,0.6219814652229124
2025-06-25 17:00:00+00:00,107409.8828125,386.0,0.001894295225990003,0.003269613369196994,0.0035937102796566745,0.00356918222793313,3.08491918293153e-05,0.7950954391043737
2025-06-25 18:00:00+00:00,107408.546875,388.2000122070313,-1.2437829491250104e-05,0.005683332715290558,0.0036142376328655765,0.0035701481203792343,3.134183755891841e-05,1.4067302979112144
2025-06-25 19:00:00+00:00,107737.515625,388.5799865722656,0.003058099251762724,0.0009783320789377337,0.0036067286712345298,0.0035701314554673303,3.132177621787745e-05,1.1684272153860462
2025-06-26 13:00:00+00:00,106938.8828125,385.7658081054688,-0.007440375398642792,-0.007268563672773719,0.003607348402749322,0.0035698559959187817,3.0911092106386756e-05,1.2129111032862436
2025-06-26 14:00:00+00:00,107492.78125,385.4100036621094,0.00516621154689657,-0.0009227583728039607,0.0035854501035352954,0.0035706676075282434,3.066553116331609e-05,0.48205576248865384
2025-06-26 15:00:00+00:00,107252.609375,388.9450073242188,-0.002236806801196022,0.00913025206489575,0.0036264386441574054,0.00357195024358302,3.136578027570473e-05,1.7371925740546925
2025-06-26 16:00:00+00:00,107168.015625,386.25,-0.0007890449380879412,-0.006953136066421883,0.0036041536996593987,0.003572741291141705,3.15722432709402e-05,0.9949374913947439
2025-06-26 17:00:00+00:00,107222.359375,384.9645080566406,0.0005069607361235899,-0.003333685039509758,0.0035903379696231442,0.003573498435204616,3.143791701222416e-05,0.5356440890145666
2025-06-26 18:00:00+00:00,107407.8828125,386.3699951171875,0.001728772998759566,0.0036443037625834944,0.003597221963602677,0.003573630616400188,3.152200318987015e-05,0.748408883166111
2025-06-26 19:00:00+00:00,107669.4765625,386.4500122070313,0.0024325561719267383,0.00020707820545902837,0.003589225326852079,0.0035734379585653986,3.138826912249701e-05,0.5029703366269751
2025-06-27 13:00:00+00:00,106830.2421875,394.80279541015625,-0.00782507932607311,0.021383862966608973,0.003695608914910345,0.003575543273017977,3.51198382648905e-05,3.418741310446126
2025-06-27 14:00:00+00:00,106538.234375,393.7000122070313,-0.0027371240542269333,-0.0027971591514840367,0.003695387055329462,0.0035778230710801565,3.8297311535267435e-05,3.0697712068128484
2025-06-27 15:00:00+00:00,107394.0078125,394.510009765625,0.008000458401152608,0.0020552843053142943,0.003673482513609167,0.003578702479493216,3.987240494510677e-05,2.377083455247728
2025-06-27 16:00:00+00:00,107545.2421875,394.0050048828125,0.001407229251589627,-0.001280901295417383,0.003663620973542312,0.003579055464809301,4.0534496433882224e-05,2.08626025170807
2025-06-27 17:00:00+00:00,106878.515625,388.1000061035156,-0.006218795137408287,-0.015100557863992102,0.003631225638136903,0.003579556552335835,4.099559975670377e-05,1.2603568701935923
2025-06-27 18:00:00+00:00,106675.1328125,387.8299865722656,-0.0019047473595374075,-0.0006959894441472905,0.003635617564722829,0.003581150280275518,4.128917192320004e-05,1.3191663070555881
2025-06-27 19:00:00+00:00,106976.109375,383.6600036621094,0.0028174585695472393,-0.010810311403983973,0.0035864082728715276,0.003581715331496843,4.112216117324141e-05,0.11412195372986042
2025-06-30 13:00:00+00:00,107520.6640625,390.9030151367188,0.005077520269536022,0.018702732835598323,0.003635608266979204,0.0035833515310088747,4.128324707135079e-05,1.265809733425594
2025-06-30 14:00:00+00:00,106958.109375,394.2699890136719,-0.00524579629520081,0.008576439835212848,0.0036862094077536782,0.003585937648003038,4.27837089118619e-05,2.343690210617521
2025-06-30 15:00:00+00:00,107571.4296875,400.1536865234375,0.005717832482654707,0.014812763700193254,0.0037198881495384283,0.003589138888384335,4.5462923872968e-05,2.8759536346459282
2025-06-30 16:00:00+00:00,107705.7421875,402.3999938964844,0.0012478101255006529,0.005597913993356204,0.0037361052969298947,0.0035927038853116097,4.8415969743878714e-05,2.9618618066906626
2025-06-30 17:00:00+00:00,107540.609375,407.135009765625,-0.0015343613835818943,0.011698246144016683,0.0037858722591567516,0.003596717527752942,5.405257697979001e-05,3.4994581567227305
2025-06-30 18:00:00+00:00,107285.1171875,403.0,-0.0023786006643363323,-0.010208287815080527,0.003756345806060734,0.003600822166296229,5.664957087666426e-05,2.7453630690884934
2025-06-30 19:00:00+00:00,107750.109375,404.1900024414063,0.004324806867219748,0.002948508529427259,0.0037511795095698137,0.003604162738833616,5.948526627239981e-05,2.4714820988270696
2025-07-01 13:00:00+00:00,106844.4609375,387.7200012207031,-0.008440603254716022,-0.041601637703288966,0.0036288264063356994,0.0036049368442346392,5.94992059944114e-05,0.40151060340711187
2025-07-01 14:00:00+00:00,105939.2265625,381.340087890625,-0.0085085454327697,-0.0165918366581704,0.0035996117799260057,0.003605910579874014,5.891342126834155e-05,-0.10691621386777805
2025-07-01 15:00:00+00:00,106043.78125,378.3299865722656,0.0009864441216981181,-0.007924800970880401,0.0035676772566261695,0.0036054655337658145,5.9102558152798554e-05,-0.6393678771390991
2025-07-01 16:00:00+00:00,106075.53125,380.3049926757813,0.00029935982596683786,0.005206747960333094,0.003585228263240787,0.0036055603781585967,5.906479924145761e-05,-0.34423404767180854
2025-07-01 17:00:00+00:00,106288.03125,378.864990234375,0.00200128561060876,-0.0037936277798608863,0.003564512257671298,0.003605743796976621,5.8917317662729954e-05,-0.6998203743991127
2025-07-01 18:00:00+00:00,105740.1484375,378.4200134277344,-0.0051680303319683405,-0.0011751899369480266,0.0035787732381651395,0.0036058970955733663,5.8833521427874806e-05,-0.46102726387844306
2025-07-01 19:00:00+00:00,105486.3984375,373.1400146484375,-0.002402634761791777,-0.014051001786226739,0.003537328225965744,0.0036056346153392677,5.910765949246801e-05,-1.1556266981308538
2025-07-02 13:00:00+00:00,107783.546875,384.8999938964844,0.02154300059326168,0.031029820831226254,0.003571045906875426,0.0036062111706892685,5.8587829160423955e-05,-0.6002144868271824
2025-07-02 14:00:00+00:00,108195.6875,383.989990234375,0.0038164884364765977,-0.002367059282301799,0.003549032305325247,0.0036062503747421163,5.854809226459511e-05,-0.9772832419250308
2025-07-02 15:00:00+00:00,108795.265625,388.0360107421875,0.005526310127642317,0.010481661357793721,0.003566662653131304,0.003606452359776948,5.8387369711737836e-05,-0.6814779778929576
2025-07-02 16:00:00+00:00,109483.1796875,396.630615234375,0.006303108298532139,0.021907260835539275,0.003622753891204892,0.003607668094033975,5.794572202880818e-05,0.26034358780475075
2025-07-02 17:00:00+00:00,109113.4921875,402.7170104980469,-0.00338237402498731,0.015228700739525654,0.0036908085556094225,0.003610704017673966,5.743973409482921e-05,1.3945840662007412
2025-07-02 18:00:00+00:00,109567.359375,403.7900085449219,0.004150960963911929,0.0026608539160139235,0.0036853129513044988,0.003612567669455418,5.8023017674921324e-05,1.2537314459692919
2025-07-02 19:00:00+00:00,109681.96875,402.193603515625,0.0010454708018421456,-0.0039613885271447165,0.0036669072236691137,0.0036142996110011985,5.806899771661087e-05,0.905950072096157
2025-07-03 13:00:00+00:00,110462.3203125,410.489990234375,0.007089485121280122,0.02041797079794247,0.003716108706327108,0.003617157391974744,5.8797465421585637e-05,1.6829180244908493
2025-07-03 14:00:00+00:00,109764.9609375,407.4800109863281,-0.0063331091576258,-0.007359665586159872,0.003712295868426962,0.0036195307371291985,5.9724085860122315e-05,1.5532281484395638
2025-07-03 15:00:00+00:00,109162.9609375,402.5,-0.005499540781565733,-0.012296781824884877,0.0036871480632560596,0.0036216136202849624,5.9868945294890734e-05,1.0946316600083812
2025-07-07 13:00:00+00:00,108545.1640625,400.135009765625,-0.005675475210870866,-0.0058930822851246305,0.0036863458010458062,0.0036235000607320617,6.0099080317185874e-05,1.0457021968067155
2025-07-07 14:00:00+00:00,108258.0390625,402.4800109863281,-0.0026487170274852876,0.005843418906150831,0.003717784050697303,0.0036262753080594304,6.055003857272735e-05,1.5112912360569442
2025-07-07 15:00:00+00:00,108305.9140625,403.1458129882813,0.00044213268264695397,0.001652881855872878,0.0037222880807380315,0.0036281304653522886,6.176638479446282e-05,1.5244151928118652
2025-07-07 16:00:00+00:00,107984.1796875,402.1044006347656,-0.002975028645299639,-0.002586557361944989,0.0037237343636672762,0.003630737592191293,6.245308014432391e-05,1.4890662119638487
2025-07-07 17:00:00+00:00,107928.1640625,399.4299926757813,-0.0005188737733458801,-0.006673245480345698,0.003700887494430794,0.0036314760522407155,6.302317449860939e-05,1.1013637878810767
2025-07-07 18:00:00+00:00,108008.71875,399.4100036621094,0.0007460947864726306,-5.00450998141248e-05,0.003697942242853514,0.0036332921485142202,6.334690048605114e-05,1.0205723380819467
2025-07-07 19:00:00+00:00,108141.421875,395.3399963378906,0.0012278792999087795,-0.010242322502818422,0.0036557684325148015,0.0036348618267751614,6.270360538537631e-05,0.33341951569049516
2025-07-08 13:00:00+00:00,109106.5390625,394.9299926757813,0.008884995122087881,-0.0010376294294250996,0.003619672991822715,0.003635927611213829,6.18736878470692e-05,-0.262706490540691
2025-07-08 14:00:00+00:00,108387.328125,396.4830017089844,-0.0066136444980264,0.003924653847298649,0.003658019886344388,0.0036366789041372004,6.186353485607746e-05,0.34496868400482145
2025-07-08 15:00:00+00:00,108281.640625,394.7999877929688,-0.0009755666350552839,-0.004253892668673246,0.003646047340197186,0.0036374959727401884,6.165429292252675e-05,0.13869865424850242
2025-07-08 16:00:00+00:00,108476.78125,397.5775146484375,0.0018005360625099527,0.0070106438483842235,0.00366509321227152,0.0036383879686504926,6.166005076358499e-05,0.43310447024151766
2025-07-08 17:00:00+00:00,109035.0,397.8792114257813,0.0051327792208207355,0.0007585498542430527,0.0036490962665729474,0.0036394493340142177,6.127966217476853e-05,0.15742470203600145
2025-07-08 18:00:00+00:00,109185.125,396.0849914550781,0.0013759044788710058,-0.004519657230005861,0.003627646086910448,0.0036402687653426637,6.0777228247713886e-05,-0.20768762900421472
2025-07-08 19:00:00+00:00,108777.4140625,396.7300109863281,-0.0037411145491173946,0.001627163137881518,0.0036471726636044116,0.003641526722597405,6.011130965798938e-05,0.0939247712140998
2025-07-09 13:00:00+00:00,109194.109375,396.7250061035156,0.0038233968689613436,-1.2615416639347575e-05,0.003633208864235179,0.003642621376156516,5.9333948254258016e-05,-0.15863619729135
2025-07-09 14:00:00+00:00,109006.3828125,404.3900146484375,-0.0017206799758832747,0.019136434238369717,0.0037097828972457677,0.00364531178973623,5.8643035243863425e-05,1.0993821728605724
2025-07-09 15:00:00+00:00,109095.4921875,401.7300109863281,0.0008171353864634729,-0.006599546548900899,0.003682370397998514,0.003647271590482374,5.786589267048824e-05,0.606554325809965
2025-07-09 16:00:00+00:00,109428.40625,401.8299865722656,0.003046937405383291,0.00024883166597920134,0.003672081138184955,0.0036483526544890854,5.7710598249545e-05,0.41116336367309564
2025-07-09 17:00:00+00:00,109210.3984375,404.5150146484375,-0.001994228655449023,0.0066597746525306764,0.0037039972423499336,0.0036502730888298917,5.761140424826539e-05,0.9325263673235238
2025-07-09 18:00:00+00:00,109545.453125,410.8399963378906,0.003063277595642058,0.015514980542255571,0.003750406654204897,0.0036528846950723624,5.854789584593055e-05,1.6656782916531199
2025-07-09 19:00:00+00:00,111779.75,415.3900146484375,0.020190857143418416,0.011014037850181077,0.0037161472865025864,0.003654583189299646,5.888497513035034e-05,1.0454975495304064
2025-07-10 13:00:00+00:00,110758.1484375,412.6679992675781,-0.009181436027831325,-0.006574479419935464,0.0037258477600900274,0.0036565685074472377,5.925112776326146e-05,1.169247831359358
2025-07-10 14:00:00+00:00,111266.1796875,415.135009765625,0.004576364589739749,0.005960398246389029,0.0037310080289587096,0.0036586295012173945,5.9659320136388474e-05,1.213197327355542
2025-07-10 15:00:00+00:00,111454.234375,416.1400146484375,0.0016887067400774868,0.002417985246652672,0.003733729965326295,0.003661100832247244,5.964772874328854e-05,1.2176345119800256
2025-07-10 16:00:00+00:00,112700.9140625,419.4700012207031,0.011123478989044967,0.007970235246169362,0.003721975147318501,0.0036626931072999288,5.998097659885052e-05,0.9883473624487171
2025-07-10 17:00:00+00:00,113822.90625,418.0700073242188,0.009906254992448653,-0.0033431124151884445,0.0036729865815055903,0.003663840321997365,5.949867723098199e-05,0.1537220646556228
2025-07-10 18:00:00+00:00,113468.078125,421.7999877929688,-0.0031222392232190034,0.008882338966184056,0.0037173449551890767,0.0036659571050901307,5.909727210869885e-05,0.8695469057256536
2025-07-10 19:00:00+00:00,113436.828125,421.6900024414063,-0.00027544578664286145,-0.00026078638385568535,0.003717399449645501,0.0036679600631908445,5.876379770751112e-05,0.8413238827880803
2025-07-11 13:00:00+00:00,118125.1796875,434.9125061035156,0.04049880540015508,0.030874422743542865,0.003681793392857273,0.003669502864290931,5.786999449801383e-05,0.21238171306139372
2025-07-11 14:00:00+00:00,117695.4375,432.8500061035156,-0.003644657268162931,-0.00475361370148444,0.003677712707457463,0.0036692045941667164,5.7779208223136945e-05,0.1472521613291953
2025-07-11 15:00:00+00:00,116967.609375,428.3399963378906,-0.0062031961876531615,-0.010473997569661024,0.0036620394195167813,0.003668648800236505,5.7683393802269965e-05,-0.11458030264966398
2025-07-11 16:00:00+00:00,117439.7734375,431.75531005859375,0.004028582166788755,0.007941751678002202,0.003676397675344364,0.0036686973862654253,5.768876164041222e-05,0.1334798816957847
2025-07-11 17:00:00+00:00,117649.6875,428.2300109863281,0.0017858232985047183,-0.008198555794948777,0.0036398737649543534,0.003668301599455626,5.78055232104023e-05,-0.49178405319159524
2025-07-11 18:00:00+00:00,117715.6484375,429.8175048828125,0.0005604983330625476,0.0037002512761495666,0.0036513200291380123,0.003668636505972311,5.7645063790365474e-05,-0.30039825955042304
2025-07-11 19:00:00+00:00,118029.4921875,434.5871887207031,0.002662569710479523,0.011035877712467886,0.0036820220155681428,0.0036694099134864,5.750567860231557e-05,0.21931924617327972
2025-07-14 13:00:00+00:00,121618.046875,451.0,0.02995084329132109,0.037070750438121906,0.003708331218832526,0.0036714419625857495,5.6671088415823884e-05,0.6509360818359734
2025-07-14 14:00:00+00:00,121127.671875,443.8200073242188,-0.0040402415299441614,-0.01604824817216864,0.00366406784225348,0.003671916288840321,5.6484878471117765e-05,-0.13894774671160795
2025-07-14 15:00:00+00:00,119827.234375,445.2000122070313,-0.010794136934138636,0.0031045554900874686,0.0037153491401944183,0.003672401951047667,5.673457611942772e-05,0.7569844014758567
2025-07-14 16:00:00+00:00,120258.15625,448.68499755859375,0.003589742271492188,0.007797430252676018,0.003731015105751663,0.003672587400317887,5.691033907004148e-05,1.0266624024479434
2025-07-14 17:00:00+00:00,119805.5703125,448.2406005859375,-0.0037705527626707112,-0.000990933941321818,0.0037414003323614246,0.0036726756509084125,5.701451555099577e-05,1.2053892028871553
2025-07-14 18:00:00+00:00,119644.4375,450.0700073242188,-0.001345857853955689,0.0040729993639690345,0.0037617294771787346,0.003672273271208779,5.628258623978109e-05,1.5894117869574174
2025-07-14 19:00:00+00:00,119836.3125,451.0899963378906,0.001602425590011273,0.0022637255206636327,0.0037642179313377207,0.0036724044732967284,5.649068288064675e-05,1.6252849737181507
2025-07-15 13:00:00+00:00,118169.8125,453.3450012207031,-0.014004070149371608,0.004986559701032875,0.003836385889337881,0.0036738245796261964,5.949562499722328e-05,2.73232375858345
2025-07-15 14:00:00+00:00,116077.6171875,442.9796142578125,-0.01786359791757977,-0.023129676208038966,0.0038162362821616866,0.0036769480775566297,6.196156781713603e-05,2.247977407804317
2025-07-15 15:00:00+00:00,116382.2734375,445.4249877929688,0.002621152609233068,0.005505103655098319,0.003827258006196042,0.003680742181327797,6.407931732294255e-05,2.2864760579430765
2025-07-15 16:00:00+00:00,117137.046875,448.1400146484375,0.006464356481123874,0.006076861119544015,0.0038257752487704374,0.0036850438145302014,6.501682261674316e-05,2.1645387851358158
2025-07-15 17:00:00+00:00,117387.28125,448.4400024414063,0.0021339745173676464,0.0006691824453933792,0.0038201753858355613,0.0036889595999067813,6.5971416633442e-05,1.9889793584069342
2025-07-15 18:00:00+00:00,116792.6953125,444.0899963378906,-0.005078036336973471,-0.009747662382425654,0.0038023781808412542,0.0036929240319596135,6.551168496708819e-05,1.6707576508927884
2025-07-15 19:00:00+00:00,116526.4765625,442.0,-0.0022820144901976504,-0.004717354269489757,0.0037931293645777527,0.00369649663406649,6.502411117068983e-05,1.4861061346551823
2025-07-16 13:00:00+00:00,118732.8359375,446.239990234375,0.018757379178722024,0.009547019917236547,0.0037583536745409846,0.003700180391542745,6.204665742360151e-05,0.9375731975549035
2025-07-16 14:00:00+00:00,119061.125,454.7900085449219,0.0027611237036746683,0.018978890741537944,0.003819802715159309,0.003704326338347476,6.158085863066946e-05,1.8751991995500028
2025-07-16 15:00:00+00:00,119096.1484375,453.3500061035156,0.0002941202445507219,-0.0031713251812650087,0.0038065883074415914,0.0037086189383827486,5.9514364532776164e-05,1.6461466038991042
2025-07-16 16:00:00+00:00,119312.9140625,453.6799011230469,0.0018184349408417665,0.0007274182062785669,0.0038024375205972633,0.0037125485195071807,5.773984003902728e-05,1.55679338614941
2025-07-16 17:00:00+00:00,119129.3125,451.9100036621094,-0.0015400090951431832,-0.003908832695909505,0.0037934408767960393,0.003715393302600366,5.7444798746891695e-05,1.3586534533711156
2025-07-16 18:00:00+00:00,119634.7890625,455.8999938964844,0.004234114880440007,0.00879042076598043,0.0038107643894311678,0.003717392566497396,5.8649461443922285e-05,1.5920320602270066
2025-07-16 19:00:00+00:00,119255.75,455.8399963378906,-0.0031733310332450076,-0.00013161111571932508,0.0038223733139734614,0.003719676905875212,6.003170964034146e-05,1.7107027055121078
2025-07-17 13:00:00+00:00,118419.015625,454.1650085449219,-0.007041032140158018,-0.0036812757634765844,0.003835237154674008,0.0037224824047252933,6.144059358887347e-05,1.8351832780654314
2025-07-17 14:00:00+00:00,118724.5234375,452.9700012207031,0.002576565928990642,-0.002634686132985768,0.003815302753850678,0.0037241356388506863,6.258998242377789e-05,1.4565767790559003
2025-07-17 15:00:00+00:00,118933.6328125,453.4849853515625,0.0017597496527136714,0.001136259811894619,0.0038129246927695033,0.003725812785923062,6.360729553651329e-05,1.3695269718932679
2025-07-17 16:00:00+00:00,118513.140625,450.635009765625,-0.0035417842994894663,-0.006304439766641107,0.003802405432757259,0.0037277337420814154,6.41578380879564e-05,1.163874795367531
2025-07-17 17:00:00+00:00,119237.3359375,453.5,0.006092080762583168,0.006337548690562428,0.003803338915905574,0.0037296836273290777,6.465456065502678e-05,1.1392125757298703
2025-07-17 18:00:00+00:00,119633.6484375,454.6400146484375,0.0033182168581269043,0.0025106596535350786,0.003800268741999909,0.003731058372184121,6.52712441785411e-05,1.06035009270655
2025-07-17 19:00:00+00:00,118958.125,451.3399963378906,-0.0056626029709694525,-0.007285001578821706,0.0037941081900701667,0.0037322553740063236,6.57643683342721e-05,0.9405217084949846
2025-07-18 13:00:00+00:00,118822.4765625,439.3900146484375,-0.0011409547399911417,-0.026833492907029317,0.0036978695223316665,0.003731824293317397,6.590578865892187e-05,-0.5152016488483989
2025-07-18 14:00:00+00:00,118242.84375,430.6940002441406,-0.00489007811680076,-0.019989573003299815,0.0036424529940666337,0.003730850384977994,6.679643240038327e-05,-1.3233849134561408
2025-07-18 15:00:00+00:00,117913.4140625,428.4200134277344,-0.002789931583721571,-0.00529380755245138,0.0036333441520118343,0.003729773750130633,6.784816180980651e-05,-1.421255868200414
2025-07-18 16:00:00+00:00,117653.6796875,428.6000061035156,-0.0022051847405268267,0.000420043112939445,0.003642895039423504,0.0037295591935791114,6.810602052397278e-05,-1.2724888855472358
2025-07-18 17:00:00+00:00,117703.7421875,425.3700866699219,0.00042541680101865507,-0.007564515110664125,0.0036139045264365066,0.003729463052489341,6.826764898444832e-05,-1.6927274891092159
2025-07-18 18:00:00+00:00,117437.15625,427.476806640625,-0.0022674579666014634,0.0049404512634204385,0.003640047326508939,0.0037291635098254173,6.862493302016468e-05,-1.2985977456661808
2025-07-18 19:00:00+00:00,117454.3125,423.2200012207031,0.0001460781025535609,-0.010007892141871656,0.0036032734108481807,0.003728450611002934,6.97164998066645e-05,-1.7955175676043762
2025-07-21 13:00:00+00:00,118851.84375,432.8924865722656,0.01182827875479529,0.02259725697094653,0.003642286673169642,0.003728070502017902,7.012874668812248e-05,-1.223233451322877
2025-07-21 14:00:00+00:00,118864.8203125,432.2000122070313,0.00010917671728296992,-0.0016009259451684448,0.0036360633118424908,0.003727853286105728,7.039717682916336e-05,-1.3038871499916642
2025-07-21 15:00:00+00:00,118360.5390625,427.375,-0.004251501702121659,-0.011226624357260863,0.0036107895704524094,0.0037275723441647602,7.083613016578998e-05,-1.6486328860572148
2025-07-21 16:00:00+00:00,117839.28125,431.1900024414063,-0.004413709189289551,0.008886985933804492,0.0036591363921052965,0.0037277717396397756,7.062249464724054e-05,-0.9718624055594859
2025-07-21 17:00:00+00:00,117906.921875,432.5618896484375,0.0005738427678538415,0.003176579694234801,0.003668672566204566,0.003728362801339265,6.996297833609481e-05,-0.8531688695120107
2025-07-21 18:00:00+00:00,117209.3203125,430.6885986328125,-0.005934116699936064,-0.004340093591746858,0.00367452517841178,0.003727775172692032,7.026907609777886e-05,-0.7578012582114411
2025-07-21 19:00:00+00:00,116856.4921875,425.5799865722656,-0.003014779377357902,-0.01193240710531845,0.0036419028040770626,0.0037271007127933414,7.090361285525797e-05,-1.2016017983484302
2025-07-22 13:00:00+00:00,118292.703125,419.5499877929688,0.01221546852032549,-0.014270233669895178,0.003546710631421027,0.0037250112043472755,7.431762819535754e-05,-2.399169312259978
2025-07-22 14:00:00+00:00,119043.40625,424.3200073242188,0.006326097032087621,0.011305225597972248,0.0035644141972308425,0.0037226848202619577,7.711850556076338e-05,-2.0523040725472868
2025-07-22 15:00:00+00:00,118934.0390625,421.875,-0.0009191391651085777,-0.005778843191722258,0.0035471342209971034,0.003719296946375161,8.028016847291335e-05,-2.144523718035613
2025-07-22 16:00:00+00:00,118715.75,422.42779541015625,-0.001837065580840266,0.0013094721281322191,0.003558312990569122,0.00371666637477627,8.292738714731453e-05,-1.9095426692492365
2025-07-22 17:00:00+00:00,119222.640625,427.5350036621094,0.004260694463713483,0.012017631181278245,0.003586021928560261,0.0037143359442507735,8.461257268343971e-05,-1.516488763089297
2025-07-22 18:00:00+00:00,119942.9296875,429.4599914550781,0.006023368993203527,0.004492420705883016,0.0035805361147505372,0.0037118280790139706,8.63227126654645e-05,-1.5209434482468474
2025-07-22 19:00:00+00:00,119278.296875,426.2200012207031,-0.005556651741743941,-0.007572937888886731,0.003573324002667213,0.0037091546463029865,8.809854695761627e-05,-1.5418034499606554
2025-07-23 13:00:00+00:00,117521.953125,416.4249877929688,-0.014834240736849143,-0.023249303703906977,0.0035433804214438664,0.003706178067538409,9.063850826964123e-05,-1.7961200951171277
2025-07-23 14:00:00+00:00,118052.3125,413.9500122070313,0.004502701257701954,-0.005961120975335354,0.003506496428920283,0.0037034032316619874,9.415224876537896e-05,-2.0913659028196223
2025-07-23 15:00:00+00:00,118567.0859375,415.1300048828125,0.0043510739443446324,0.00284651287743537,0.003501224657757373,0.003699801226704792,9.767790796976012e-05,-2.032973198083806
2025-07-23 16:00:00+00:00,117795.7109375,409.60009765625,-0.006527065585142977,-0.01341042380754554,0.003477207229332615,0.003695798023032911,0.00010178028016959924,-2.1476733345207157
2025-07-23 17:00:00+00:00,118118.5859375,409.0700073242188,0.0027372245418715723,-0.0012950036965756065,0.003463214565916576,0.003692155042583899,0.00010610970952852424,-2.157582729088329
2025-07-23 18:00:00+00:00,118396.328125,411.1199951171875,0.0023486241133717804,0.004998822359846311,0.00347240494386901,0.0036887332465240915,0.00010982852277352306,-1.9696914534776295
2025-07-23 19:00:00+00:00,118449.7890625,412.8399963378906,0.00045144027728017484,0.004174969020083717,0.0034853586452573224,0.0036857885669531005,0.00011288244674730366,-1.775563229458132
2025-07-24 13:00:00+00:00,118331.4296875,409.12109375,-0.0009997362584998973,-0.009048914866898988,0.0034574169756119975,0.0036821388886242273,0.0001166677555564371,-1.9261698482193084
2025-07-24 14:00:00+00:00,119072.3203125,412.3201904296875,0.0062416287046472806,0.00778902379290564,0.0034627711070681377,0.0036791871776594575,0.00011994940127141277,-1.8042280186261976
2025-07-24 15:00:00+00:00,119151.9921875,412.6449890136719,0.0006688811661106781,0.000787423781900144,0.00346318161734405,0.0036760515374628915,0.00012310774960879538,-1.7291350121766262
2025-07-24 16:00:00+00:00,118580.53125,413.53619384765625,-0.0048076050337669055,0.0021574085639842243,0.0034873869216845515,0.0036728076192314983,0.00012548906854405607,-1.4775844597320462
2025-07-24 17:00:00+00:00,119200.40625,416.4700012207031,0.005213844396015283,0.007069392033150077,0.00349386394159796,0.003669233164610922,0.00012749843357000938,-1.3754617849219841
2025-07-24 18:00:00+00:00,119116.5859375,418.489990234375,-0.0007034354972925219,0.004838538313809668,0.0035132805976655092,0.0036667200438677892,0.00012907826815181184,-1.1887318322385332
2025-07-24 19:00:00+00:00,119071.09375,414.9299926757813,-0.0003819860717636651,-0.008543157793025098,0.0034847247943061857,0.003662876304769652,0.00013102476032488127,-1.3596782014462938
2025-07-25 13:00:00+00:00,116148.7265625,406.8299865722656,-0.024849245769896174,-0.01971443889082837,0.003502664201430991,0.003659070456364308,0.0001323220092768833,-1.1820123937661582
2025-07-25 14:00:00+00:00,114983.9765625,404.1123962402344,-0.010078711007870457,-0.006702326978431634,0.0035145105285220106,0.0036552889596336508,0.00013316862735656402,-1.057144117996355
2025-07-25 15:00:00+00:00,115787.0546875,405.4383850097656,0.006959984210309788,0.003275866038402184,0.003501586477901277,0.0036509532429790264,0.00013387738370478937,-1.1156982676559886
2025-07-25 16:00:00+00:00,116182.703125,406.1700134277344,0.003411210365435357,0.0018029104123522075,0.003495959402758425,0.0036464822675027053,0.00013450857837714967,-1.1190577326765583
2025-07-25 17:00:00+00:00,116189.2109375,407.510009765625,5.601204024973852e-05,0.0032936719867322876,0.0035072964733776444,0.0036409974439033676,0.00013333818378631916,-1.0027208015671296
2025-07-25 18:00:00+00:00,116562.609375,409.18011474609375,0.003208557143298293,0.00408994123576559,0.0035103891113976164,0.0036358999910572993,0.0001323680058010685,-0.9481964988451139
2025-07-25 19:00:00+00:00,116763.9375,405.6400146484375,0.0017257202633924483,-0.00868933460131055,0.0034740179488075033,0.0036300126567674904,0.0001315658185458077,-1.185678086331169
2025-07-28 13:00:00+00:00,118422.59375,409.4150085449219,0.014105261397345926,0.009263229555218192,0.003457237302277226,0.0036238703576592706,0.00013087249405818082,-1.2732473433872675
2025-07-28 14:00:00+00:00,117992.28125,408.5176086425781,-0.0036403206456952107,-0.0021943134277051424,0.003462240108545898,0.003617904769704443,0.0001299271211182072,-1.1980921290245605
2025-07-28 15:00:00+00:00,118196.234375,407.05999755859375,0.0017270371944530702,-0.0035744302561477224,0.00344393372353233,0.0036119306954159607,0.000129541333171777,-1.2968599887794874
2025-07-28 16:00:00+00:00,118032.8125,406.2099914550781,-0.0013835885402914464,-0.0020903425049710513,0.00344150056964099,0.0036060702155003483,0.00012915824084881993,-1.27417069772565
2025-07-28 17:00:00+00:00,117679.984375,405.5499877929688,-0.002993714326850385,-0.001626105805692939,0.003446210415023849,0.003600867827841729,0.00012920685249974192,-1.1969753138146364
2025-07-28 18:00:00+00:00,117794.828125,406.0899963378906,0.0009754228733543644,0.0013306604779481446,0.0034474348560274756,0.0035946616968561985,0.00012744347111675404,-1.1552325084887625
2025-07-28 19:00:00+00:00,118000.2421875,403.8800048828125,0.0017423105087944377,-0.005456984668479272,0.0034227048809023232,0.0035882636397472105,0.00012625429086042875,-1.3113119381257994
2025-07-29 13:00:00+00:00,118606.1640625,399.9028015136719,0.005121781858579096,-0.009896294862083203,0.003371686494328756,0.003581084455976069,0.0001261161275175636,-1.660358320296119
2025-07-29 14:00:00+00:00,117777.8125,394.864990234375,-0.007008554177407647,-0.01267761176354117,0.0033526262871826982,0.00357373754614918,0.00012637519065460224,-1.749641348283336
2025-07-29 15:00:00+00:00,117416.234375,391.6706848144531,-0.0030747241664095186,-0.008122512641999619,0.003335745579810953,0.003565820565988843,0.00012615355030910986,-1.8237694112781204
2025-07-29 16:00:00+00:00,117675.1484375,395.7999877929688,0.002202668290812117,0.010487605368795306,0.003363496821958014,0.003558172624455252,0.0001242315021457588,-1.5670405584312106
2025-07-29 17:00:00+00:00,117772.6640625,398.4599914550781,0.000828341784452675,0.00669809300875758,0.0033832977680085595,0.0035506403013441613,0.0001208014766875047,-1.385268938131376
2025-07-29 18:00:00+00:00,117535.328125,395.2650146484375,-0.0020172372028265796,-0.008050632242411553,0.003362946451538972,0.003543101029638966,0.00011808924661790375,-1.5255798750491865
2025-07-29 19:00:00+00:00,117571.3984375,394.6400146484375,0.00030684203136500894,-0.0015824690494346313,0.0033565987977783977,0.0035354955980557807,0.00011507306873741157,-1.5546365647518496
2025-07-30 13:00:00+00:00,117754.9921875,397.9299926757813,0.0015603331760718632,0.008302097969097423,0.003379304650134592,0.0035284439183454037,0.00011134296069763094,-1.3394584379323484
2025-07-30 14:00:00+00:00,118643.8203125,401.5950012207031,0.007519769697419009,0.009168029127388108,0.0033848792137924112,0.003521469589976851,0.00010684720028026797,-1.2783711302322687
2025-07-30 15:00:00+00:00,117937.5703125,401.2850036621094,-0.005970478879044356,-0.000772213960026731,0.0034025205250440694,0.0035148404530275868,0.00010145937767170465,-1.107043336565246
2025-07-30 16:00:00+00:00,117737.984375,402.3150024414063,-0.0016937351476946584,0.002563462756379399,0.0034170366052812453,0.0035085559266144384,9.536297482501356e-05,-0.9596944883601485
2025-07-30 17:00:00+00:00,117803.625,403.7699890136719,0.0005573590744620528,0.00361001176755972,0.0034274835686395207,0.0035040494940529023,9.26142294883402e-05,-0.8267188080749616
2025-07-30 18:00:00+00:00,116576.9453125,394.135009765625,-0.01046751346609497,-0.024151866722699204,0.0033809001317464077,0.0034996902796808984,9.21436246581514e-05,-1.289184665517519
2025-07-30 19:00:00+00:00,117011.015625,395.25,0.003716551233204969,0.0028249611079189467,0.003377887097969542,0.0034954326621135265,9.176438375113865e-05,-1.2809497469384545
2025-07-31 13:00:00+00:00,118594.40625,403.2000122070313,0.013441239604643069,0.01991427094295226,0.0033998231869138544,0.0034913814645716997,9.050074560260493e-05,-1.0116853408024293
2025-07-31 14:00:00+00:00,117908.4140625,404.4649963378906,-0.00580114952049711,0.0031324500921469135,0.003430331919514199,0.0034883219211229942,8.93845444323309e-05,-0.6487698961501868
2025-07-31 15:00:00+00:00,118289.8828125,409.55859375,0.0032300747864350697,0.012514782013192756,0.003462329862978957,0.0034853599633974945,8.718913855658447e-05,-0.2641395568278413
2025-07-31 16:00:00+00:00,118512.8203125,406.43499755859375,0.0018828971369246924,-0.007655970541527748,0.0034294601755901805,0.0034824630761431945,8.608554032142454e-05,-0.6157003877203163
2025-07-31 17:00:00+00:00,117776.9609375,406.6099853515625,-0.0062284687048716255,0.0004304504654696208,0.0034523728759424843,0.003479297846189409,8.356396231158304e-05,-0.32220791717044445
2025-07-31 18:00:00+00:00,117637.765625,403.4500122070313,-0.0011825541312032693,-0.007801864510685081,0.0034295960150512363,0.003475856724576221,8.121718046466221e-05,-0.5695926558927111
2025-07-31 19:00:00+00:00,116779.0859375,401.7099914550781,-0.007326124571405921,-0.004322180567467369,0.003439913818730117,0.00347300879538085,7.938065034445861e-05,-0.4169149094536643
2025-08-01 13:00:00+00:00,114269.515625,385.3999938964844,-0.021724165321368682,-0.04144867384023028,0.003372727991262844,0.0034682353220334755,7.655966609052728e-05,-1.2474888625781089
2025-08-01 14:00:00+00:00,115570.2421875,379.9898986816406,0.011318672291026078,-0.014137070193054803,0.003287956237602659,0.0034618900498901103,7.543447898444145e-05,-2.30576010637424
2025-08-01 15:00:00+00:00,115368.703125,384.2101135253906,-0.0017453887077471643,0.011044903633117695,0.0033302802503474933,0.003456152634422372,7.200089945752258e-05,-1.7482057171957677
2025-08-01 16:00:00+00:00,114875.03125,374.6400146484375,-0.004288261158188849,-0.02522396960817366,0.003261283244686277,0.0034498089750991923,7.212513543760717e-05,-2.6138700366947933
2025-08-01 17:00:00+00:00,114362.3828125,371.6600036621094,-0.004472649407659194,-0.007986136276431183,0.0032498448748786153,0.0034448612124901522,7.546993605500868e-05,-2.5840268033272618
2025-08-01 18:00:00+00:00,113764.3671875,369.9100036621094,-0.005242848502658613,-0.00471972499229849,0.0032515453898885986,0.0034396467323677816,7.784095111639409e-05,-2.41648309509886
2025-08-01 19:00:00+00:00,113271.96875,366.5700073242188,-0.0043376247022814465,-0.009070223729641823,0.0032361934851972704,0.003434464386771118,8.08557899974899e-05,-2.4521546518808712
2025-08-04 13:00:00+00:00,114856.0078125,385.0499877929688,0.013887507747310516,0.04918364530585111,0.0033524583966173956,0.003431033476871922,7.987300354102e-05,-0.9837501630218916
2025-08-04 14:00:00+00:00,114726.8984375,382.3349914550781,-0.0011247299785453067,-0.007075998982440099,0.003332566265297963,0.0034268092158175503,7.822239196688448e-05,-1.204807832512779
2025-08-04 15:00:00+00:00,114849.3359375,385.625,0.0010666392533321724,0.008568229359291126,0.003357659814505621,0.003423094610813469,7.606059098099286e-05,-0.860298289349338
2025-08-04 16:00:00+00:00,115362.625,385.8399963378906,0.004459281011987374,0.0005573716097998533,0.0033445840569065644,0.0034192822783841244,7.411061369894331e-05,-1.0079287938567576
2025-08-04 17:00:00+00:00,115197.7890625,388.7228088378906,-0.0014298722202997942,0.007443749666182933,0.0033743946997714597,0.0034164658496895844,7.250823566017657e-05,-0.5802258120760099
2025-08-04 18:00:00+00:00,114963.1171875,388.4353942871094,-0.0020391990989591853,-0.0007396552278004667,0.0033787827243200756,0.0034143372879462475,7.169046887338201e-05,-0.4959454748296811
2025-08-04 19:00:00+00:00,114743.3359375,389.1799926757813,-0.0019135841773389453,0.00191508200255763,0.0033917437513562034,0.003412512606172895,7.082960711003395e-05,-0.2932227872509151
2025-08-05 13:00:00+00:00,114370.3046875,381.3299865722656,-0.003256301795057949,-0.02037683594860356,0.003334169543520878,0.0034101286447426995,7.102212668255048e-05,-1.0695131893379897
2025-08-05 14:00:00+00:00,113027.515625,378.5650024414063,-0.011810180663511586,-0.007277311663983329,0.003349317202524386,0.003408230355352829,7.110127803489747e-05,-0.8285807858408389
2025-08-05 15:00:00+00:00,112835.015625,376.6749877929688,-0.0017045770765521436,-0.005005080817784143,0.0033382809911138237,0.0034059949561402432,7.115783694007072e-05,-0.9516023524358723
2025-08-05 16:00:00+00:00,113118.2890625,377.4049987792969,0.002507363955578958,0.0019361638748632201,0.0033363747092282616,0.0034035118905397584,7.094056649038464e-05,-0.9463863150937282
2025-08-05 17:00:00+00:00,113592.734375,375.3900146484375,0.004185469219124239,-0.005353353587894686,0.003304700927518609,0.003400966623071536,7.170920791547875e-05,-1.342445389529221
2025-08-05 18:00:00+00:00,113575.6640625,376.2650146484375,-0.00015028773939982718,0.002328196742229698,0.00331290173607421,0.0033984688002216363,7.212885156210838e-05,-1.1863084229720025
2025-08-05 19:00:00+00:00,113687.09375,375.3200073242188,0.000980624344278956,-0.0025147063727729247,0.003301342262733485,0.0033957714776447936,7.269170855568742e-05,-1.2990369436559444
2025-08-06 13:00:00+00:00,114316.96875,374.2535095214844,0.00552513490723227,-0.0028456142017608418,0.0032738228944815717,0.0033922120771914107,7.33552873240931e-05,-1.613914784176093
2025-08-06 14:00:00+00:00,114974.921875,376.4500122070313,0.005739016142998963,0.005851867988145423,0.00327419237228363,0.0033885508843695053,7.367705318115365e-05,-1.5521591479058736
2025-08-06 15:00:00+00:00,115471.453125,379.7999877929688,0.004309306391883065,0.008859497514671527,0.00328912451964927,0.0033848149497359013,7.292448496409534e-05,-1.312185202730538
2025-08-06 16:00:00+00:00,115129.015625,380.0284118652344,-0.002969965790335412,0.000601251754342681,0.003300891697911053,0.0033817510647959825,7.251636187420029e-05,-1.1150499665882643
2025-08-06 17:00:00+00:00,115504.3984375,383.4700012207031,0.0032552364149532214,0.009015376081005591,0.0033199601608955233,0.0033787059974537247,7.117661546040605e-05,-0.8253530485849022
2025-08-06 18:00:00+00:00,115445.4375,381.1950073242188,-0.0005105951995299555,-0.005950319639279807,0.0033019495233340755,0.0033751633140339256,6.957451486792722e-05,-1.0523075991091182
2025-08-06 19:00:00+00:00,115205.375,383.3299865722656,-0.0020816105877329992,0.0055851275364562775,0.0033273619965410958,0.0033722595726779227,6.782235279588521e-05,-0.6619878887414665
2025-08-07 13:00:00+00:00,116630.1953125,392.8299865722656,0.012291800175560629,0.02448071215724906,0.0033681670987492853,0.0033701297009444365,6.58497699508543e-05,-0.029804237685507752
2025-08-07 14:00:00+00:00,116354.5390625,398.5700988769531,-0.00236630420757102,0.014506475476243095,0.0034254795909840754,0.0033687660862378776,6.377564756474147e-05,0.8892658391061492
2025-08-07 15:00:00+00:00,116814.0625,405.2900085449219,0.003941560135852019,0.016719491728165593,0.003469530978300852,0.0033680851173529315,6.244201638666981e-05,1.6246410160703473
2025-08-07 16:00:00+00:00,116282.21875,400.760009765625,-0.004563304657308896,-0.011240112572859303,0.0034464427500066515,0.0033676255307062506,6.174672156774586e-05,1.276459985230568
2025-08-07 17:00:00+00:00,116500.390625,402.75,0.0018744693984412354,0.004953253298258007,0.0034570699534939866,0.0033676227415598632,6.17426087711955e-05,1.4487112500476775
2025-08-07 18:00:00+00:00,116568.8046875,401.114990234375,0.0005870708428300639,-0.004067877168714612,0.0034410148693700014,0.0033672689875735985,6.125015175500579e-05,1.2040114135778588
2025-08-07 19:00:00+00:00,117494.296875,402.239990234375,0.007908098324945644,0.0028007562354081315,0.0034234852323284308,0.0033669281793868664,6.0872066418323074e-05,0.9291134056940797
2025-08-08 13:00:00+00:00,116900.4296875,409.1400146484375,-0.005067251016588476,0.01700853043983392,0.003499901717574151,0.0033679015318524197,6.2529067857517e-05,2.1110211657483164
2025-08-08 14:00:00+00:00,116507.296875,400.2149963378906,-0.0033686389911206484,-0.022055538007367835,0.003435106702091621,0.0033677164699702153,6.230942118687728e-05,1.0815416166247147
2025-08-08 15:00:00+00:00,116230.0859375,389.3399963378906,-0.0023821791346330095,-0.027548905101053078,0.0033497350810464776,0.003366088140387199,6.146165898528335e-05,-0.2660692797868829
2025-08-08 16:00:00+00:00,116212.515625,394.1700134277344,-0.00015117979591827149,0.012329333932495223,0.003391803467189891,0.003365573116825325,6.110764380576287e-05,0.42924826962633
2025-08-08 17:00:00+00:00,116675.7421875,392.7349853515625,0.003978106734481081,-0.0036472755140715993,0.003366038029742552,0.0033654789757488882,6.11024167688988e-05,0.009149457962986864
2025-08-08 18:00:00+00:00,116499.234375,394.4800109863281,-0.0015139518726737882,0.004433422892408839,0.003386116768085654,0.0033660371504306047,6.113597627290763e-05,0.3284419237114145
2025-08-08 19:00:00+00:00,116437.53125,395.1099853515625,-0.0005297843496507741,0.001595700304789381,0.003393321561440805,0.003366996750124435,6.110430898768338e-05,0.43081759294055816
2025-08-11 13:00:00+00:00,120021.5390625,407.6900024414063,0.030316302116652982,0.031342917602874776,0.003396806986695162,0.003367551919536721,6.12231768949524e-05,0.4778430104768514
2025-08-11 14:00:00+00:00,120229.578125,410.9200134277344,0.0017318472183019003,0.007891493351622548,0.003417794687764021,0.003368126868199312,6.15347409130169e-05,0.8071508683999783
2025-08-11 15:00:00+00:00,120298.703125,410.33050537109375,0.0005747765006578531,-0.001435635398448848,0.00341093041497486,0.0033689266009232434,6.177760394044182e-05,0.6799197665890596
2025-08-11 16:00:00+00:00,120025.6640625,405.3999938964844,-0.002272255478491023,-0.012088726664500372,0.003377610922322277,0.003369276802998975,6.17660914032518e-05,0.1349303336824538
2025-08-11 17:00:00+00:00,119530.5859375,405.2999877929688,-0.004133299213297283,-0.0002467154466055611,0.003390763833491886,0.0033694677893882628,6.181532076561972e-05,0.3445107756436257
2025-08-11 18:00:00+00:00,119749.9609375,401.60009765625,0.0018336222006319917,-0.0091706919703116,0.00335365535414123,0.00336894739172741,6.181480971181722e-05,-0.24738469077995903
2025-08-11 19:00:00+00:00,119041.1796875,400.239990234375,-0.00593642904563542,-0.0033924687649165863,0.0033621977813481168,0.0033682753459991443,6.166262424729233e-05,-0.09856156343028753
2025-08-12 13:00:00+00:00,118814.625,398.849609375,-0.0019049756326971492,-0.0034799158020799325,0.0033569066886757416,0.0033672731807223855,6.134451205030996e-05,-0.1689880920096329
2025-08-12 14:00:00+00:00,119393.4765625,397.9198913574219,0.004860058898784525,-0.002333719949570769,0.003332844497154073,0.003365695862864295,6.098576770677992e-05,-0.5386726599584956
2025-08-12 15:00:00+00:00,119922.3984375,396.7349853515625,0.004420289596041151,-0.002982192442905915,0.0033082642652308945,0.003364485265089036,6.139837320491768e-05,-0.9156757243470198
2025-08-12 16:00:00+00:00,119632.25,394.2998962402344,-0.0024223999097958597,-0.00615673685171452,0.003295933130407849,0.003363119365629675,6.20037859512771e-05,-1.083582787583667
2025-08-12 17:00:00+00:00,119235.515625,393.1900024414063,-0.003321793870089798,-0.002818815925372913,0.003297591329063423,0.0033614155013321676,6.23815844637027e-05,-1.0231252190441105
2025-08-12 18:00:00+00:00,119314.765625,393.6900024414063,0.000664430177992299,0.001270841968764342,0.003299591633769396,0.003359236496569754,6.221669307471202e-05,-0.9586633402185833
2025-08-12 19:00:00+00:00,119680.90625,394.2850036621094,0.0030639961684132957,0.0015102035703670924,0.003294468733705042,0.0033564388110818555,6.126921631391899e-05,-1.0114390407623877
2025-08-13 13:00:00+00:00,121716.09375,393.5450134277344,0.01686214594362574,-0.0018785535862798795,0.0032333030193694855,0.0033531695251448443,6.25272963971224e-05,-1.9170268455885973
2025-08-13 14:00:00+00:00,121022.6796875,385.260009765625,-0.005713268950393682,-0.02127699737958075,0.0031833703464543028,0.0033486861496533744,6.489293944721979e-05,-2.5475160257385165
2025-08-13 15:00:00+00:00,120958.8125,389.625,-0.0005278683787397256,0.011266281705347903,0.003221137773653325,0.003345211845630076,6.60575579030407e-05,-1.8782721601495855
2025-08-13 16:00:00+00:00,121394.3515625,388.55999755859375,0.003594254963138357,-0.002737146333227436,0.0032008078840352243,0.0033412267467184944,6.744534963122839e-05,-2.0819650791498554
2025-08-13 17:00:00+00:00,121871.4453125,385.260009765625,0.003922412174791292,-0.00852913537212053,0.0031611999741018087,0.0033377012797658106,7.119503070674253e-05,-2.479123948847265
2025-08-13 18:00:00+00:00,121643.25,385.7799987792969,-0.0018741815889418995,0.0013487992496940859,0.0031714048973477517,0.003335758757428228,7.410582509256095e-05,-2.217826464723822
2025-08-13 19:00:00+00:00,122809.1484375,389.9800109863281,0.009538930977816417,0.010828228297109716,0.00317549641820696,0.003333179026892553,7.693971095637057e-05,-2.0494307390238165
2025-08-14 13:00:00+00:00,118488.84375,379.8399963378906,-0.03581270104127028,-0.02634538214884333,0.003205702615676766,0.003332252683075728,7.814514671444724e-05,-1.6194232491672533
2025-08-14 14:00:00+00:00,118852.7734375,369.6400146484375,0.003066718572454594,-0.02722050313134541,0.0031100663784073717,0.003329923041467874,8.260004172397989e-05,-2.6617015981079715
2025-08-14 15:00:00+00:00,118269.46875,366.6650085449219,-0.004919874733814189,-0.008080950690854188,0.003100250744509427,0.0033274014640448874,8.721375000794668e-05,-2.604528752802891
2025-08-14 16:00:00+00:00,117913.7265625,371.3999938964844,-0.0030124281793300948,0.01283098452688481,0.0031497604623633396,0.003325960913664322,8.94314406649867e-05,-1.9702293733703269
2025-08-14 17:00:00+00:00,117913.828125,369.1449890136719,8.613285257072826e-07,-0.006090141462460724,0.0031306335726997403,0.0033222638332656945,9.283770434203942e-05,-2.064142601587131
2025-08-14 18:00:00+00:00,118234.71875,373.760009765625,0.0027177031301032746,0.012424415305532396,0.0031611696946301994,0.003319407223754565,9.512410179762425e-05,-1.6634851329373368
2025-08-14 19:00:00+00:00,118128.84375,372.8699951171875,-0.0008958657244900847,-0.0023840859975551203,0.003156468676746762,0.0033160540381252505,9.727456928936423e-05,-1.6405661062735468
2025-08-15 13:00:00+00:00,117857.6484375,365.4400024414063,-0.0022983979241486575,-0.02012770662199403,0.0031006897497636685,0.003311989133006203,0.0001010835009343603,-2.090344925624845
2025-08-15 14:00:00+00:00,117435.5703125,360.55999755859375,-0.0035876816167700783,-0.01344374209707989,0.0030702792739808857,0.0033069205425763594,0.00010543230940788141,-2.2444852998523426
2025-08-15 15:00:00+00:00,117359.5390625,360.8500061035156,-0.000647639151087226,0.0008040048213140477,0.003074739462902495,0.0033018531548860666,0.00010916055005971264,-2.0805473393028593
2025-08-15 16:00:00+00:00,117443.96875,365.1199951171875,0.0007191518723493406,0.011763676867983176,0.0031088867227776437,0.003297138871076424,0.00011129954786540917,-1.6914008359353558
2025-08-15 17:00:00+00:00,117678.0078125,368.3299865722656,0.00199078914883048,0.008753185712781395,0.0031299814928812965,0.003293735736899097,0.00011325262080233645,-1.4459201284498868
2025-08-15 18:00:00+00:00,117189.328125,367.9599914550781,-0.004161331253165221,-0.0010050256267847143,0.0031398762783467244,0.0032902450548294698,0.0001147285339017585,-1.3106484617985747
2025-08-15 19:00:00+00:00,117005.4921875,366.4800109863281,-0.0015699405735213905,-0.004030233830074832,0.0031321607570270974,0.003286809717594691,0.00011634043080149164,-1.32927959353586
2025-08-18 13:00:00+00:00,115143.65625,363.3999938964844,-0.016040341905820998,-0.008439840389975277,0.0031560574479888846,0.003283804429907368,0.00011736284579925918,-1.088478905300111
2025-08-18 14:00:00+00:00,115662.203125,362.3399963378906,0.004493367273032852,-0.00292115172545245,0.0031327433383427574,0.0032809384700877705,0.0001189329809215999,-1.246038992688687
2025-08-18 15:00:00+00:00,116203.03125,365.5799865722656,0.004665029729635125,0.00890210931747627,0.003146045181779762,0.0032781575275161964,0.00012011778918662053,-1.0998566209970668
2025-08-18 16:00:00+00:00,116043.0078125,366.8900146484375,-0.001378051169096388,0.0035770187743189618,0.003161672741551573,0.003275829702163164,0.00012101090864312691,-0.9433609076372699
2025-08-18 17:00:00+00:00,116529.6328125,364.4700012207031,0.004184720170312411,-0.00661786864881237,0.003127702305619956,0.0032733943590154708,0.0001225129951725117,-1.1891967312558513
2025-08-18 18:00:00+00:00,116552.859375,362.80999755859375,0.00019929907526635581,-0.004564972356246632,0.0031128365233089655,0.0032707050948658934,0.00012425376292524252,-1.270533526231393
2025-08-18 19:00:00+00:00,116405.7578125,363.4549865722656,-0.0012628988257841183,0.001776181414039757,0.0031223110729427916,0.0032679248707541187,0.00012569256212439643,-1.1584917623623179
2025-08-19 13:00:00+00:00,115213.078125,351.9700012207031,-0.010298732608178733,-0.03210950778028744,0.003054948335282168,0.0032638258147103037,0.00012857647250132383,-1.6245388861946353
2025-08-19 14:00:00+00:00,113937.984375,344.052490234375,-0.011128963544821763,-0.02275171453784636,0.0030196469783246947,0.00325882059500079,0.0001321498734057822,-1.809866407829871
2025-08-19 15:00:00+00:00,113787.046875,343.06500244140625,-0.001325612044265546,-0.0028742929217891963,0.003014974128103333,0.003254037671746944,0.00013570782218295257,-1.7616047461237774
2025-08-19 16:00:00+00:00,113372.8515625,339.7300109863281,-0.00364673319867838,-0.009768723878775762,0.002996572868232412,0.003248524519608466,0.00013934885772149774,-1.808063987719253
2025-08-19 17:00:00+00:00,113512.59375,337.2546081542969,0.0012318304947062776,-0.00731305791666984,0.002971076574085392,0.0032419063441974016,0.00014295330194810465,-1.894533154682408
2025-08-19 18:00:00+00:00,113073.9453125,335.5199890136719,-0.003871800922425229,-0.005156624497013664,0.0029672617160956274,0.0032342693796159274,0.00014520203848678368,-1.8388699380732392
2025-08-19 19:00:00+00:00,113166.703125,336.385009765625,0.0008199925021259774,0.002574831952229175,0.0029724733554715808,0.003225985085902106,0.00014573051830516975,-1.7395925944602362
2025-08-20 13:00:00+00:00,112865.7265625,329.1449890136719,-0.0026631288333239514,-0.021758016584097692,0.0029162527814092978,0.0032171485864254832,0.00014818982040155587,-2.0304755360444875
2025-08-20 14:00:00+00:00,113506.515625,339.3420104980469,0.005661389999225334,0.030510129550181245,0.0029896258257028747,0.0032093578509622984,0.00014764913518291217,-1.488203943675072
2025-08-20 15:00:00+00:00,113373.6171875,342.4700012207031,-0.001171530103166014,0.009175586861736801,0.0030207204261139347,0.003202352943574697,0.00014643739567779377,-1.2403424454529932
2025-08-20 16:00:00+00:00,113799.1796875,339.1509094238281,0.0037466017380297714,-0.009738897321318656,0.002980257945225605,0.0031949658221229835,0.00014627251474863336,-1.4678620741999973
2025-08-20 17:00:00+00:00,114199.7890625,338.2300109863281,0.0035141368354598477,-0.0027189989475613855,0.002961739367147337,0.0031859964496158697,0.00014373498247617034,-1.5602122643018517
2025-08-20 18:00:00+00:00,113533.53125,342.7449951171875,-0.005851227325593048,0.01326054627717738,0.0030188878240954694,0.0031790594683159343,0.0001415355880454864,-1.1316704613470734
2025-08-20 19:00:00+00:00,114327.890625,344.3599853515625,0.006972330695587039,0.004700863053828861,0.0030120383002698514,0.0031734311886363236,0.0001413477675556459,-1.1418142016493817
2025-08-21 13:00:00+00:00,113562.15625,343.0199890136719,-0.006720234317476869,-0.003898856775911697,0.0030205483969372223,0.003167243604132112,0.0001397432158398283,-1.0497483281265672
2025-08-21 14:00:00+00:00,113260.3203125,337.82501220703125,-0.002661430385897378,-0.015260676417356107,0.0029827305032771225,0.0031608551453576887,0.0001392619122753554,-1.2790621582760515
2025-08-21 15:00:00+00:00,112787.421875,336.55499267578125,-0.004184064152280079,-0.0037664848408080543,0.0029839762899162487,0.003154152804054865,0.00013790730001920286,-1.2339920665180177
2025-08-21 16:00:00+00:00,112368.7734375,335.510009765625,-0.0037187421769833157,-0.003109769883866286,0.0029857940022121636,0.0031473606780677214,0.00013595001534334302,-1.1884270512770427
2025-08-21 17:00:00+00:00,112411.7578125,337.489990234375,0.0003824563923300641,0.005884059974285395,0.003002265926641765,0.003140784993733498,0.00013319392273604752,-1.0399803853381382
2025-08-21 18:00:00+00:00,112621.09375,337.8500061035156,0.0018604927807652364,0.0010661767559935343,0.002999882125576636,0.0031338197843637085,0.00012933369278986953,-1.03559757629965
2025-08-21 19:00:00+00:00,112098.296875,337.5400085449219,-0.00465289458763133,-0.0009179809403146474,0.0030111073758891296,0.0031271560670456124,0.00012504295988798768,-0.9280705707897364
2025-08-22 13:00:00+00:00,112341.90625,348.5799865722656,0.0021708184832714287,0.03218367344866849,0.0031028491344677143,0.0031225767039147036,0.00012067000284948513,-0.16348362460549573
2025-08-22 14:00:00+00:00,115893.3984375,357.0150146484375,0.0311238340613741,0.023910118161700127,0.003080546601116125,0.003117406416708441,0.00011552034134156888,-0.31907640822605515
2025-08-22 15:00:00+00:00,116548.1640625,353.8550109863281,0.005633823398965651,-0.008890582983296718,0.003036126856503464,0.0031121142750811445,0.00011172487449279902,-0.6801298182042527
2025-08-22 16:00:00+00:00,116138.5078125,356.8774108886719,-0.003521101315750756,0.008505080191706624,0.0030728603080111307,0.003107291983858861,0.00010688725657831446,-0.32213078480972
2025-08-22 17:00:00+00:00,116927.09375,355.9049987792969,0.006767098547031266,-0.0027284980646601125,0.0030438197629392193,0.00310207386842992,0.0001020265626563994,-0.5709699903042526
2025-08-22 18:00:00+00:00,116753.453125,358.1000061035156,-0.0014861370300667859,0.00614845617080894,0.0030671470223679145,0.0030976455771834833,9.750653741261214e-05,-0.31278471808008157
2025-08-22 19:00:00+00:00,116641.0234375,358.2900085449219,-0.0009634306505648063,0.0005304441490703632,0.0030717323801338656,0.003093703379098533,9.3548027358351e-05,-0.23486330588783086
2025-08-25 13:00:00+00:00,111466.3203125,349.375,-0.04537855725555169,-0.025196894288258963,0.0031343548349000317,0.003091010407506736,8.988159015891231e-05,0.48223921402215697
2025-08-25 14:00:00+00:00,112205.3046875,348.6099853515625,0.006607785532418604,-0.0021920670811760423,0.0031068939772719915,0.0030878321183102123,8.57285659355368e-05,0.22235131025185573
2025-08-25 15:00:00+00:00,112189.828125,348.5249938964844,-0.0001379402692969757,-0.0002438307014543484,0.003106565004343921,0.0030846150078197875,8.114662129015291e-05,0.27049797237580203
2025-08-25 16:00:00+00:00,112568.9375,346.1390075683594,0.00337348119420073,-0.006869495773415558,0.003074906943741557,0.0030809556446537295,7.633044559676005e-05,-0.07924362113810389
2025-08-25 17:00:00+00:00,112516.5625,346.5299987792969,-0.0004653787200443196,0.001128941092733139,0.003079813238866917,0.003078397481645353,7.366355136753242e-05,0.019219236586900914
2025-08-25 18:00:00+00:00,112390.84375,346.0799865722656,-0.0011179601880627141,-0.0012994680408128722,0.0030792542793083677,0.003076662213859588,7.236367331271899e-05,0.035819981630535805
2025-08-25 19:00:00+00:00,110787.1953125,343.25,-0.014371270979221992,-0.008210878757157637,0.0030982822431038786,0.0030746146216837637,6.990262621663639e-05,0.3385798603154921
2025-08-26 13:00:00+00:00,110047.2265625,344.94000244140625,-0.006701595821282993,0.004911451292944853,0.0031344724734657598,0.003073509031507606,6.838092894330088e-05,0.8915269637343287
2025-08-26 14:00:00+00:00,110412.0859375,343.87579345703125,0.0033099958807024637,-0.003089969299366769,0.003114476015349316,0.003072730298861731,6.76272613301263e-05,0.6172912471466359
2025-08-26 15:00:00+00:00,109698.75,345.3377990722656,-0.006481629419292994,0.004242539102491523,0.0031480559174308334,0.003072341149196449,6.711507044943181e-05,1.12813363269032
2025-08-26 16:00:00+00:00,110061.875,345.6600036621094,0.0033047351451812356,0.0009325778227384803,0.0031405970837959044,0.003071759493622932,6.635281812256193e-05,1.0374478751727005
2025-08-26 17:00:00+00:00,109914.828125,348.04998779296875,-0.0013369315460546984,0.006890468975149457,0.0031665426196832236,0.003071106827023039,6.51954836891585e-05,1.4638405493731268
2025-08-26 18:00:00+00:00,110709.3984375,349.70001220703125,0.007202960075997361,0.004729566434444042,0.0031587201912622737,0.0030719177239039537,6.598605608204401e-05,1.315466819995937
2025-08-26 19:00:00+00:00,111146.6171875,351.57000732421875,0.003941469108157869,0.005333179795027193,0.0031631192763260972,0.003072965532767565,6.693590472516387e-05,1.346866736599737
2025-08-27 13:00:00+00:00,111486.96875,349.1700134277344,0.003057506586083603,-0.006849910693363995,0.0031319356633573766,0.0030726684527841324,6.662813891742261e-05,0.8895222279388382
2025-08-27 14:00:00+00:00,111771.734375,347.5950012207031,0.0025509937614232397,-0.004520935628336843,0.0031098649686735983,0.0030723223093836963,6.637536575820919e-05,0.5656113357877619
2025-08-27 15:00:00+00:00,112023.328125,345.4674987792969,0.0022484308025616973,-0.006139443770291107,0.0030838889056555322,0.0030710342962341195,6.536417554090495e-05,0.19666138699123178
2025-08-27 16:00:00+00:00,112147.6171875,347.3399963378906,0.0011088776474784804,0.005405548096152206,0.0030971678672153296,0.003070045949408595,6.449298629534354e-05,0.4205405791341479
2025-08-27 17:00:00+00:00,112386.8359375,347.20001220703125,0.0021307985227306783,-0.00040309883097482227,0.00308932989625328,0.0030698566185167553,6.441813211036283e-05,0.3022949765628489
2025-08-27 18:00:00+00:00,111985.984375,343.910400390625,-0.003573088651406395,-0.009519858478671444,0.003071012879960006,0.0030698688452830743,6.441828331159423e-05,0.017759471661142348
2025-08-27 19:00:00+00:00,112014.6796875,342.0299987792969,0.0002562073891795744,-0.005482710521279424,0.003053439064714523,0.0030695138386466077,6.44496717661069e-05,-0.24941591619614992
2025-08-28 13:00:00+00:00,112750.296875,339.8099975585937,0.006545680072271339,-0.0065118182486335816,0.0030138279630014825,0.0030679295259836716,6.46335093338216e-05,-0.8370512995474724
2025-08-28 14:00:00+00:00,113209.078125,341.31500244140625,0.004060746587113999,0.004419181008190738,0.003014908416306886,0.0030660116413740984,6.44681021891619e-05,-0.7926900797741147
2025-08-28 15:00:00+00:00,112651.3203125,342.17999267578125,-0.004938970710760887,0.0025310812876225535,0.0030375142672678674,0.0030643056078561172,6.383154717977197e-05,-0.41971942984236393
2025-08-28 16:00:00+00:00,112523.75,339.8175048828125,-0.001133076818597447,-0.0069281698284186614,0.003019962495764783,0.003062435636835079,6.345233114417865e-05,-0.6693708537482569
2025-08-28 17:00:00+00:00,112419.140625,338.57501220703125,-0.0009300972549133761,-0.003663053567928085,0.0030117203380554776,0.003060030018336189,6.25727345337789e-05,-0.7720564018922997
2025-08-28 18:00:00+00:00,112387.3359375,337.739990234375,-0.0002829517031583354,-0.0024693298062105715,0.0030051427717994526,0.0030579033422271336,6.222696254195671e-05,-0.8478731448944986
2025-08-28 19:00:00+00:00,111929.84375,338.8399963378906,-0.004078981578259281,0.0032516689662004067,0.003027253366802727,0.0030559234786441828,6.125727112705185e-05,-0.4680278979778933
2025-08-29 13:00:00+00:00,109151.3359375,334.7049865722656,-0.025136957553348417,-0.012278502016865122,0.0030664305085914617,0.003054336108094848,5.968434610760591e-05,0.20263940690257976
2025-08-29 14:00:00+00:00,108207.609375,335.57000732421875,-0.008683631504683575,0.002581093551344739,0.0031011682936389496,0.0030538938745618307,5.922808104626273e-05,0.7981757680143827
2025-08-29 15:00:00+00:00,108451.421875,338.8999938964844,0.0022506571871185915,0.009874460313175843,0.0031249013432677448,0.003054094954894477,5.9451642256631644e-05,1.190991294531808
2025-08-29 16:00:00+00:00,108737.859375,338.0,0.002637677738254644,-0.0026591651202031914,0.0031083929915739156,0.003053862986871663,5.920761771440086e-05,0.920996432676761
2025-08-29 17:00:00+00:00,108529.4375,335.1619873046875,-0.0019185762600266527,-0.00843193633467568,0.0030882127008599624,0.003054417392964626,5.9373460462811695e-05,0.5691988917591224
2025-08-29 18:00:00+00:00,108173.1953125,336.2300109863281,-0.003287846610715557,0.003181523119861448,0.003108256255304265,0.0030558942142476183,5.9595535313676424e-05,0.878623554282097
2025-08-29 19:00:00+00:00,108279.3359375,333.9800109863281,0.0009807289653253727,-0.0067143384287508745,0.0030844298045852904,0.003057051808855652,5.946163367509598e-05,0.4604312737055685
2025-09-02 13:00:00+00:00,111127.953125,343.510009765625,0.02596793638375013,0.02813510790965493,0.00309112154148322,0.003058627620076498,5.90833253085654e-05,0.549967714867451
2025-09-02 14:00:00+00:00,111291.859375,347.7799987792969,0.0014738460376146607,0.012353840694827806,0.003124936547312465,0.003061191952963616,5.8555588601155775e-05,1.088616746439651
2025-09-02 15:00:00+00:00,110739.5390625,339.7699890136719,-0.00497516527528525,-0.023301206666036064,0.0030681903852056848,0.003062874097448784,5.724656343484335e-05,0.0928664960465556
2025-09-02 16:00:00+00:00,110709.96875,340.6499938964844,-0.00026706144409940474,0.0025866535245138438,0.003076958631121322,0.0030646155187096127,5.602618932690503e-05,0.22030969016452462
2025-09-02 17:00:00+00:00,110904.5625,339.6199951171875,0.0017561465749905932,-0.0030282081615410988,0.003062272529294613,0.003067049181174368,5.2535012463807924e-05,-0.0909232082707872
2025-09-02 18:00:00+00:00,110661.8203125,341.06500244140625,-0.002191147244797283,0.00424575097171541,0.003082047642793751,0.0030685895447925492,5.1572548737509635e-05,0.260954680942761
2025-09-02 19:00:00+00:00,110691.515625,341.6189880371094,0.0002683068909025767,0.0016229638457324117,0.0030862255892713944,0.00306968129751184,5.123425782460933e-05,0.3229146368469025
2025-09-03 13:00:00+00:00,111441.4765625,341.4849853515625,0.006752385403296308,-0.0003923346737422671,0.003064253955393768,0.003071081231014643,4.9879062656011525e-05,-0.1368765822236696
2025-09-03 14:00:00+00:00,112325.359375,338.7300109863281,0.007900075145690817,-0.008100348990158738,0.003015614754059879,0.003071979154129852,4.8338468295411716e-05,-1.1660361210767423
2025-09-03 15:00:00+00:00,112241.46875,334.67999267578125,-0.0007471328655509853,-0.012028532751266056,0.002981785577140189,0.0030713607833472638,4.925772632701677e-05,-1.8185006269350392
2025-09-03 16:00:00+00:00,111872.140625,335.7550048828125,-0.003295903897703057,0.0032069123248544165,0.003001238762457197,0.0030711807910503864,4.949731880311766e-05,-1.4130468131292795
2025-09-03 17:00:00+00:00,112337.8515625,330.29998779296875,0.004154244890839726,-0.016380446428671137,0.0029402377132804955,0.003069842279656108,5.191649799343101e-05,-2.496404252690758
2025-09-03 18:00:00+00:00,112002.2265625,329.1000061035156,-0.0029921113802023336,-0.0036396209439609815,0.0029383344974831345,0.0030691023462262076,5.3472157838357685e-05,-2.445531544441774
2025-09-03 19:00:00+00:00,112226.90625,330.2250061035156,0.0020040193696189714,0.0034125842974506906,0.0029424762486804775,0.0030684106788722784,5.4842771731836395e-05,-2.2962812822003222
2025-09-04 13:00:00+00:00,110524.90625,320.4681091308594,-0.015281879001866342,-0.029991490874761547,0.002899510345713226,0.0030669726179306297,5.808144094974886e-05,-2.883232052770341
2025-09-04 14:00:00+00:00,109892.4921875,320.0799865722656,-0.00573834735696492,-0.0012118453202688098,0.002912664734421902,0.003065479264726965,6.085881605050549e-05,-2.51096784693027
2025-09-04 15:00:00+00:00,109530.46875,321.82000732421875,-0.0032997801546900047,0.005421483191950562,0.0029381779426030145,0.0030644508616774046,6.248567553175733e-05,-2.020829862201201
2025-09-04 16:00:00+00:00,109437.9296875,327.1600036621094,-0.0008452276097333418,0.01645695327066032,0.0029894571708027986,0.0030640900249259656,6.286032851478622e-05,-1.1872806885762868
2025-09-04 17:00:00+00:00,109814.0546875,324.17999267578125,0.0034309871360160074,-0.009150464569440074,0.002952081075580959,0.00306157722394452,6.428204789234412e-05,-1.7033705669573347
2025-09-04 18:00:00+00:00,110018.34375,325.9949951171875,0.0018585897507308554,0.005583134356625613,0.002963096734649648,0.003059619726170079,6.547187011979883e-05,-1.4742666024937943
2025-09-04 19:00:00+00:00,109895.53125,327.5350036621094,-0.0011169146354895543,0.004712901927323542,0.002980421496093449,0.0030586913034965782,6.620155503377443e-05,-1.1822956026213882
2025-09-05 13:00:00+00:00,113034.7265625,323.489990234375,0.02816488759580367,-0.012426759401162892,0.0028618637835648546,0.0030551746947558075,7.08752098775357e-05,-2.7274827337368337
2025-09-05 14:00:00+00:00,110607.890625,325.91241455078125,-0.021703655863339902,0.007460506873360504,0.002946556639939369,0.0030535536427058097,7.22385063177923e-05,-1.481163000460423
2025-09-05 15:00:00+00:00,110702.4921875,330.364990234375,0.0008549220968281274,0.013569396024998666,0.002984259737123409,0.0030521721879517346,7.27647784805966e-05,-0.9333148845692554
2025-09-05 16:00:00+00:00,110817.0234375,333.3599853515625,0.0010340511975406785,0.009024868900287156,0.0030082019441676766,0.0030511133473522982,7.293735167214388e-05,-0.588332345510843
2025-09-05 17:00:00+00:00,110602.2109375,335.7349853515625,-0.00194032436252648,0.007099171503700587,0.0030355178482036164,0.0030494660642406907,7.213720926985896e-05,-0.1933567458216356
2025-09-05 18:00:00+00:00,111199.7265625,335.32000732421875,0.005387843561396604,-0.001236793063968998,0.0030154751067283567,0.003047942416398297,7.186863847113386e-05,-0.45175907545515614
2025-09-05 19:00:00+00:00,111528.140625,336.010009765625,0.0029490185009822703,0.0020556288764527184,0.0030127823155899135,0.00304637937158573,7.15913555136023e-05,-0.46928928436664824
2025-09-08 13:00:00+00:00,111938.5703125,329.5899963378906,0.003673300128476359,-0.0192915038304599,0.0029443827575943754,0.003044203968483277,7.268454630768997e-05,-1.3733484758415662
2025-09-08 14:00:00+00:00,112607.8984375,332.1000061035156,0.005961617754231935,0.0075867001031240285,0.0029491715120484097,0.003042026606369636,7.355134795083255e-05,-1.262452652578141
2025-09-08 15:00:00+00:00,112595.875,331.27099609375,-0.00010677829530031511,-0.0024993870355623734,0.00294212373316296,0.003039741097267212,7.449940480580817e-05,-1.3103106576314738
2025-09-08 16:00:00+00:00,112440.6796875,328.97039794921875,-0.0013792900208561946,-0.00696898884662342,0.0029257240250015163,0.003036865126965506,7.552483847461139e-05,-1.471583444714697
2025-09-08 17:00:00+00:00,112188.6171875,328.4923095703125,-0.002244254060383695,-0.0014543439732960489,0.0029280359969256573,0.003033424519023171,7.570486750174937e-05,-1.392097041779757
2025-09-08 18:00:00+00:00,112474.921875,329.8099975585937,0.0025487432779094685,0.004003296764497745,0.0029322980808569126,0.003030388220114964,7.605154982540022e-05,-1.289784882533594
2025-09-08 19:00:00+00:00,112022.578125,329.9599914550781,-0.004029838747929385,0.0004546854254246247,0.0029454775722702383,0.0030270119143622877,7.52314643327715e-05,-1.0837798096205915
2025-09-09 13:00:00+00:00,112732.890625,328.8949890136719,0.006320779368180832,-0.003232891609103283,0.002917471442364799,0.0030232931536717687,7.503608100912805e-05,-1.4102776941948327
2025-09-09 14:00:00+00:00,111773.1796875,325.07000732421875,-0.008549584267610547,-0.011697951202195182,0.0029083006158817587,0.0030189891202750782,7.408032582264035e-05,-1.4941687035546352
2025-09-09 15:00:00+00:00,110944.890625,327.1400146484375,-0.007438039311786056,0.006347692323262314,0.0029486712980247936,0.0030154883053877873,7.230705094900888e-05,-0.9240731918400773
2025-09-09 16:00:00+00:00,110978.484375,326.239990234375,0.000302750895497906,-0.0027549817153759123,0.002939668820237256,0.00301176413111964,7.030102221080243e-05,-1.0255229385740827
2025-09-09 17:00:00+00:00,111039.015625,326.8399963378906,0.0005452836060206004,0.0018374664196361154,0.0029434698650579886,0.003008623034481316,6.903974660187252e-05,-0.943705222428501
2025-09-09 18:00:00+00:00,111169.3828125,327.0249938964844,0.001173377814468957,0.0005658585986190411,0.002941682193631045,0.0030058199882306074,6.826946023897317e-05,-0.939480030676264
2025-09-09 19:00:00+00:00,111368.671875,328.4508972167969,0.0017910565099036877,0.004350749093565442,0.0029492216409427023,0.0030035755338187263,6.787186274415506e-05,-0.8008310171316881
2025-09-10 13:00:00+00:00,113965.6328125,336.9800109863281,0.02305087039235966,0.02563626300845617,0.0029568564019710987,0.0030012370093979892,6.700415190921476e-05,-0.6623560803668217
2025-09-10 14:00:00+00:00,113865.6015625,333.260009765625,-0.0008781171440532506,-0.011100618598754943,0.002926783903062252,0.002998527909511472,6.666719532379825e-05,-1.076151563010329
2025-09-10 15:00:00+00:00,113882.9921875,330.95001220703125,0.00015271773798875514,-0.006955651964047374,0.002906053009760635,0.002995778578341483,6.70277437926697e-05,-1.3386332808454233
2025-09-10 16:00:00+00:00,113736.421875,326.5,-0.0012878544069868225,-0.013537394733265571,0.0028706723371237585,0.00299273246621497,6.849972161217992e-05,-1.781906936531374
2025-09-10 17:00:00+00:00,113737.1953125,324.92999267578125,6.80023916226707e-06,-0.004820196741643204,0.0028568489998633774,0.0029901161501626685,7.064462142705503e-05,-1.886444397425184
2025-09-10 18:00:00+00:00,113638.4765625,322.5801086425781,-0.0008683317382969683,-0.007258247693196957,0.002838652174865811,0.0029871785461386504,7.32141041758183e-05,-2.0286579060800096
2025-09-10 19:00:00+00:00,113526.3203125,326.5400085449219,-0.000987444011184844,0.012200974584443318,0.0028763374664665113,0.0029844922661252946,7.42849634702108e-05,-1.4559447108317514
2025-09-11 13:00:00+00:00,114680.28125,325.2850952148437,0.010113386424688219,-0.0038504650198135652,0.002836451843937588,0.0029814337552615078,7.654329141269792e-05,-1.89411650123878
2025-09-11 14:00:00+00:00,114509.71875,327.38629150390625,-0.0014883941837558685,0.0064387794258400025,0.0028590262475333018,0.002978888853752805,7.80429457595239e-05,-1.5358544587596599
2025-09-11 15:00:00+00:00,114170.0,327.8500061035156,-0.002971133616626319,0.001415412054306052,0.002871595043387191,0.0029766630582792673,7.917764035373989e-05,-1.3269909841044325
2025-09-11 16:00:00+00:00,114540.5390625,325.07000732421875,0.0032402475917019703,-0.008515639042030865,0.002838034550778931,0.0029735094113455375,8.087850059209408e-05,-1.6750416930930274
2025-09-11 17:00:00+00:00,114570.6015625,324.55499267578125,0.0002624272227926016,-0.0015855755438451509,0.0028327946981995342,0.0029696154811723386,8.19461499777361e-05,-1.6696426007808438
2025-09-11 18:00:00+00:00,114306.1171875,326.16119384765625,-0.0023111524332525045,0.004936728076656189,0.002853401041631425,0.002965486026972213,8.144579441491477e-05,-1.3761911974212664
2025-09-11 19:00:00+00:00,114501.234375,326.0199890136719,0.0017055154343922295,-0.0004330233373839861,0.0028473054530218627,0.0029608594288014485,8.011016869755783e-05,-1.4174726832531
2025-09-12 13:00:00+00:00,115185.203125,331.8500061035156,0.005955691412657003,0.017724382504509393,0.0028810124660143114,0.002957069753375455,7.837203707569428e-05,-0.9704645968010883
2025-09-12 14:00:00+00:00,115274.1328125,334.6216125488281,0.0007717603763129381,0.008317300678549687,0.002902833483840728,0.0029539800997584677,7.675171705891187e-05,-0.6663905105664466
2025-09-12 15:00:00+00:00,115153.8828125,331.5,-0.0010437099897756266,-0.009372569036959402,0.0028787565985922236,0.002950155105479934,7.462202454697248e-05,-0.9568020610693445
2025-09-12 16:00:00+00:00,115496.796875,332.797607421875,0.002973451590243272,0.00390671005813927,0.0028814444766122435,0.0029467720166803826,7.301533210384667e-05,-0.8947098942894137
2025-09-12 17:00:00+00:00,115872.78125,332.9075012207031,0.0032500790208251397,0.0003301575980105618,0.002873043156722391,0.0029431373769343693,7.111099079831504e-05,-0.9857016394382597
2025-09-12 18:00:00+00:00,116507.125,330.2300109863281,0.0054595540197828,-0.008075262626438965,0.0028344190193203044,0.0029382954181345,6.835992442271978e-05,-1.5195511067544702
2025-09-12 19:00:00+00:00,116737.328125,331.42999267578125,0.0019739221804599477,0.0036271891861117404,0.0028391089465478656,0.0029344773941568695,6.737226356915507e-05,-1.4155446552736317
2025-09-15 13:00:00+00:00,114681.8125,324.79998779296875,-0.017764906375828268,-0.020207033137441686,0.002832183941921643,0.0029303978160035416,6.599521837021374e-05,-1.4881968195172526
2025-09-15 14:00:00+00:00,114753.9375,321.3900146484375,0.0006287163388951799,-0.010554186183336384,0.0028006883393298597,0.002926038079504129,6.577567581533706e-05,-1.9057157318487228
2025-09-15 15:00:00+00:00,114924.40625,323.6629943847656,0.0014844131886255032,0.007047449161778469,0.0028163120867528138,0.002921609153570113,6.40158638655352e-05,-1.6448589530631814
2025-09-15 16:00:00+00:00,114705.625,324.2049865722656,-0.0019055113567517917,0.0016731566611441267,0.002826408788342033,0.002917278873554624,6.142699647996139e-05,-1.4793183847469191
2025-09-15 17:00:00+00:00,115040.7578125,323.4750061035156,0.002917417424373388,-0.002254140273282475,0.0028118295833093666,0.00291307180068655,5.9813153745922255e-05,-1.692641351219267
2025-09-15 18:00:00+00:00,115331.7734375,325.7300109863281,0.0025264798560786137,0.0069470010011512765,0.0028242868489562075,0.002909883002268156,5.935197975465319e-05,-1.4421785703826966
2025-09-15 19:00:00+00:00,115306.9609375,327.7799987792969,-0.000215163339002512,0.006273796839774548,0.002842673123238101,0.0029075644613697884,5.921255051903237e-05,-1.095905134348664
2025-09-16 13:00:00+00:00,115137.484375,325.5150146484375,-0.0014708672437271102,-0.006934059374575861,0.0028271853985296653,0.0029046635719709958,5.8807709009781076e-05,-1.3174832814596482
2025-09-16 14:00:00+00:00,115304.0703125,326.864990234375,0.001445797974624993,0.004138623203411498,0.0028348087742999643,0.002902906422987987,5.929977999996455e-05,-1.1483625856295472
2025-09-16 15:00:00+00:00,115817.6328125,328.52801513671875,0.0044440945033985746,0.005074904547143167,0.002836597564280914,0.0029012108074346166,5.972260454560279e-05,-1.0818892385104464
2025-09-16 16:00:00+00:00,116017.3515625,331.7900085449219,0.0017229392703104,0.00988014813093303,0.0028598309138800023,0.002899833385187942,5.970779149615531e-05,-0.6699707074329734
2025-09-16 17:00:00+00:00,116555.5,331.6600036621094,0.004627792060168512,-0.00039190559072859203,0.0028455113972494597,0.0028989334027135455,6.0118298275839455e-05,-0.8886147312249392
2025-09-16 18:00:00+00:00,116439.640625,332.92999267578125,-0.0009945218963680843,0.0038218768459846175,0.0028592495724716277,0.0028980431500143745,6.030671342838475e-05,-0.6432712933165361
2025-09-16 19:00:00+00:00,116838.1953125,335.21990966796875,0.0034169990791282773,0.006854527554492669,0.002869095236976029,0.0028968917715872585,6.0186816668935286e-05,-0.461837594171621
2025-09-17 13:00:00+00:00,116137.4375,334.2416076660156,-0.006015735786219115,-0.0029226555164216083,0.002877983317532864,0.0028950338740327598,5.898962716158041e-05,-0.289043299988863
2025-09-17 14:00:00+00:00,115657.4375,333.3999938964844,-0.0041415987830914595,-0.0025211557019579646,0.0028826507062849663,0.0028938767012111595,5.8530798404426675e-05,-0.1917963744254031
2025-09-17 15:00:00+00:00,115905.0703125,333.9800109863281,0.002138799663540187,0.0017381918296456135,0.00288149612511222,0.002892516691052202,5.7839095236243174e-05,-0.19053835290764143
2025-09-17 16:00:00+00:00,115677.8203125,331.25,-0.001962580848081688,-0.008207766539021567,0.0028635567224999446,0.002890568944825644,5.6786859519999765e-05,-0.4756773407444015
2025-09-17 17:00:00+00:00,116103.15625,330.1845092773437,0.0036701581057229414,-0.0032217600664545187,0.0028438891752983132,0.0028902693680212016,5.6987915349781515e-05,-0.8138601392631252
2025-09-17 18:00:00+00:00,115236.6328125,330.7049865722656,-0.00749138307342905,0.0015750814797151035,0.0028697904346992793,0.0028889899312672,5.656294521083048e-05,-0.33943594161083984
2025-09-17 19:00:00+00:00,115696.234375,329.7200012207031,0.003980396336887678,-0.002982885566424034,0.0028498766878790487,0.0028867502137797938,5.537471265863184e-05,-0.6658910562310099
2025-09-18 13:00:00+00:00,117356.7109375,349.2250061035156,0.014250020815117836,0.05747261794366185,0.0029757565912826274,0.0028862094578983766,5.431690387167849e-05,1.6486052591620899
2025-09-18 14:00:00+00:00,117701.359375,351.510009765625,0.0029324556610168828,0.0065217570391696905,0.0029864566699327895,0.002885391771593863,5.2365344371512566e-05,1.929995869441985
2025-09-18 15:00:00+00:00,117697.25,353.91461181640625,-3.491418246966682e-05,0.006817486349795618,0.003006991342757849,0.0028852503755276873,5.2018446896575595e-05,2.340342214987893
2025-09-18 16:00:00+00:00,117610.421875,354.55499267578125,-0.0007379965833579924,0.0018077868964780873,0.003014656244092154,0.0028852816076693918,5.20968190561635e-05,2.4833500157329906
2025-09-18 17:00:00+00:00,117564.8828125,357.5150146484375,-0.00038727759387570436,0.00831389889236295,0.003041001752356827,0.002886891924248766,5.534649946218504e-05,2.7844548364500423
2025-09-18 18:00:00+00:00,117861.9609375,350.5299987792969,0.002523741795531402,-0.019731068927916647,0.002974072346931139,0.002887306938163478,5.5911887400723705e-05,1.5518240002489718
2025-09-18 19:00:00+00:00,117427.1640625,349.3399963378906,-0.0036958560657674258,-0.003400641823510753,0.002974950465055566,0.0028878540503616884,5.6613581184362356e-05,1.5384367650272464
2025-09-19 13:00:00+00:00,116360.90625,345.2799987792969,-0.0091216391338313,-0.011689970982940109,0.0029673196085072333,0.0028885473100867835,5.7335255564177174e-05,1.373889374789259
2025-09-19 14:00:00+00:00,115926.796875,340.6849975585937,-0.003737691445114054,-0.01339738900606301,0.0029387941937699096,0.0028887266133675207,5.7477486271535596e-05,0.8710815947283993
2025-09-19 15:00:00+00:00,115936.1796875,341.3699951171875,8.09341158664466e-05,0.0020086292051424127,0.0029444647567078088,0.002888929391298369,5.76549974266962e-05,0.9632359359663273
2025-09-19 16:00:00+00:00,116126.671875,340.19500732421875,0.0016417296349084517,-0.0034479145871403366,0.0029295165514638044,0.0028886633742849287,5.742603199105891e-05,0.7114051896400653
2025-09-19 17:00:00+00:00,115620.453125,340.3999938964844,-0.004368723496612212,0.0006023746224886377,0.0029441157225743608,0.002889107445621755,5.775465731418186e-05,0.9524474650306407
2025-09-19 18:00:00+00:00,115443.84375,342.42999267578125,-0.0015286603060732265,0.005945857094138285,0.002966204013592377,0.002890072502250265,5.8558973461307166e-05,1.3000827514918083
2025-09-19 19:00:00+00:00,115209.8828125,344.7799987792969,-0.0020286775438339588,0.006839293063369571,0.0029926252016106475,0.002890805067310029,5.957065128598541e-05,1.7092331895416573
2025-09-22 13:00:00+00:00,113090.1875,340.52081298828125,-0.018569913031747983,-0.012430280422751181,0.0030110553401309133,0.0028919948426415903,6.125227287744715e-05,1.9437727270551721
2025-09-22 14:00:00+00:00,113017.5859375,336.2799987792969,-0.000642185484305431,-0.012532105866477709,0.002975466127592422,0.002892528113683831,6.184443712906573e-05,1.341074763693037
2025-09-22 15:00:00+00:00,112926.9609375,337.36529541015625,-0.0008021880245682317,0.003222163293392986,0.002987464575415899,0.002893291153380245,6.273717091368152e-05,1.5010785578014825
2025-09-22 16:00:00+00:00,112710.953125,335.9801025390625,-0.0019146416894095506,-0.004114366354499904,0.002980900198461191,0.0028938191293388866,6.334618419409012e-05,1.3746853142012712
2025-09-22 17:00:00+00:00,112448.5859375,336.1000061035156,-0.0023305013621950344,0.0003568133149110655,0.0029889215884877666,0.0028943535491141644,6.401870062996932e-05,1.4771939830551903
2025-09-22 18:00:00+00:00,112519.1484375,336.7200012207031,0.0006273122011031598,0.0018429751967115582,0.0029925573193236347,0.0028954497727185207,6.513680493162596e-05,1.4908245301108591
2025-09-22 19:00:00+00:00,112236.9921875,335.69000244140625,-0.002510778103251017,-0.003063605774127104,0.002990903408036914,0.0028968639460231252,6.628193157390993e-05,1.418779745561987
2025-09-23 13:00:00+00:00,113000.0625,334.1300048828125,0.006775734418770506,-0.004657968893428026,0.0029569010626238593,0.002898301091448127,6.663827277549531e-05,0.8793741004235776
2025-09-23 14:00:00+00:00,112716.40625,335.6099853515625,-0.0025133868245849323,0.004419574459709122,0.0029774723708560617,0.0029003114809646718,6.718381314045773e-05,1.148504175106489
2025-09-23 15:00:00+00:00,112915.5625,336.15399169921875,0.0017653198952563588,0.001619635720763838,0.0029770386318468613,0.0029026179219143558,6.740620923972037e-05,1.1040631237374454
2025-09-23 16:00:00+00:00,112882.3671875,334.75,-0.00029402672367358435,-0.004185379029227777,0.0029654764365808625,0.0029041035714162614,6.779834592015772e-05,0.9052265852750511
2025-09-23 17:00:00+00:00,111977.84375,330.31500244140625,-0.008045250091831596,-0.013337232553871203,0.002949824638335262,0.002905993117989556,6.745993957687956e-05,0.6497414705768328
2025-09-23 18:00:00+00:00,111830.703125,328.5599975585937,-0.001314879599138478,-0.005327289799733116,0.0029380124453956273,0.002907309554620595,6.729836594814416e-05,0.45622044967169134
2025-09-23 19:00:00+00:00,111654.03125,327.7799987792969,-0.001581064695960285,-0.0023768143061501934,0.0029356754530911475,0.0029083775614489943,6.72304149625799e-05,0.4060348527871963
2025-09-24 13:00:00+00:00,112861.53125,331.43218994140625,0.010756596373842325,0.011080585560571591,0.0029366267342877846,0.0029100207645074753,6.668464396516207e-05,0.39898195743849224
2025-09-24 14:00:00+00:00,113775.1875,335.114990234375,0.008062781747358139,0.011050493885613168,0.002945413649477616,0.0029118977470287766,6.605609710126607e-05,0.5073854484236069
2025-09-24 15:00:00+00:00,113425.5,334.0249938964844,-0.0030782281512384013,-0.003257905155385661,0.0029448844739188664,0.002913422470900234,6.573803203914353e-05,0.4785966668411763
2025-09-24 16:00:00+00:00,113755.84375,330.07000732421875,0.00290819639829167,-0.011911046834307533,0.0029015652861721117,0.002914326801452738,6.518395176287256e-05,-0.19577695023846414
2025-09-24 17:00:00+00:00,113806.8671875,327.5249938964844,0.0004484340878595022,-0.007740405963551154,0.002877901852415266,0.0029142749578927535,6.521212806763148e-05,-0.5577659640207573
2025-09-24 18:00:00+00:00,113678.328125,324.739990234375,-0.0011300873975835287,-0.00853953731763456,0.002856656986345655,0.0029135053496011695,6.562064354299488e-05,-0.8663182831827512
2025-09-24 19:00:00+00:00,113483.6640625,323.3099975585937,-0.0017138792301974817,-0.0044132243612693385,0.0028489562813246313,0.0029130086776467095,6.599979047445904e-05,-0.9704939343234062
2025-09-25 13:00:00+00:00,110917.4375,309.4574890136719,-0.0228727793530614,-0.04379087878707541,0.002789980511528423,0.002911484278228646,6.777362262184569e-05,-1.7927884330187536
2025-09-25 14:00:00+00:00,111609.25,302.3800048828125,0.006217813572202154,-0.02313620823849876,0.0027092736926626827,0.0029087547871609843,7.248225560491232e-05,-2.7521369586735407
2025-09-25 15:00:00+00:00,111532.453125,305.67999267578125,-0.0006883238494340561,0.010854258478242508,0.0027407268836200562,0.0029071932515659796,7.507377520180313e-05,-2.2173704132828154
2025-09-25 16:00:00+00:00,111011.484375,298.7182006835937,-0.004681949169377288,-0.023038122824245773,0.002690876555388765,0.0029047227117133282,7.965172687812869e-05,-2.684764846991442
2025-09-25 17:00:00+00:00,108936.5546875,298.2915954589844,-0.018868013123084806,-0.0014291400240847103,0.002738213966052775,0.0029031565454488476,8.199168774921181e-05,-2.011698794401977
2025-09-25 18:00:00+00:00,109823.4609375,301.5,0.008108530316562817,0.010698499837338272,0.0027453150485904116,0.0029022336572698563,8.346304127238381e-05,-1.8800969421583478
2025-09-25 19:00:00+00:00,109417.9296875,300.6650085449219,-0.0036994083219363577,-0.0027732996052658365,0.002747858686447712,0.0029010927672647713,8.510907197195349e-05,-1.8004435633789462
2025-09-26 13:00:00+00:00,109744.421875,299.9649963378906,0.0029794572534867624,-0.002330927586980497,0.0027333051759072893,0.002899541040390859,8.731398644557264e-05,-1.9038858635459635
2025-09-26 14:00:00+00:00,108884.171875,304.5076904296875,-0.007869551048515364,0.015030553782756558,0.002796620346061547,0.0028992875531033955,8.759457027727962e-05,-1.1720727291298592
2025-09-26 15:00:00+00:00,109108.59375,304.3800048828125,0.002058985339641405,-0.00041940590926586646,0.002789697808590925,0.0028987110690973073,8.820820729645353e-05,-1.235863009209635
2025-09-26 16:00:00+00:00,109500.84375,306.6000061035156,0.003588595491904201,0.007267049496325183,0.0027999784805632206,0.0028979994917193923,8.883789029323595e-05,-1.1033694162774927
2025-09-26 17:00:00+00:00,109903.2734375,308.20001220703125,0.0036683918602188484,0.005204976148704331,0.002804284190700644,0.0028976178049222425,8.919577164823419e-05,-1.046390568710847
2025-09-26 18:00:00+00:00,109832.65625,307.230712890625,-0.0006427459544877618,-0.0031499893598463413,0.002797261974537969,0.002896992024926209,8.977373416820534e-05,-1.1109045570208724
2025-09-26 19:00:00+00:00,109220.7109375,309.1700134277344,-0.005587194684727933,0.006292357724406069,0.0028306903587603685,0.0028968935715008664,8.984430184989663e-05,-0.7368660157335738
2025-09-29 13:00:00+00:00,113375.4453125,320.1099853515625,0.03733413028416611,0.03477331010656557,0.002823450743405983,0.0028962872353262992,9.022063968772563e-05,-0.80731517945805
2025-09-29 14:00:00+00:00,114174.5703125,319.7950134277344,0.00702375944106124,-0.0009844334701739521,0.0028009302995618346,0.0028955442170315055,9.082743002099264e-05,-1.0416888097329529
2025-09-29 15:00:00+00:00,113873.5390625,323.20001220703125,-0.002640069463177384,0.010591156921754389,0.0028382363002667503,0.002895193995828091,9.101007929052481e-05,-0.6258394235600948
2025-09-29 16:00:00+00:00,113686.0625,323.625,-0.0016477143010333282,0.0013140736554821712,0.0028466550154290023,0.0028948199921356404,9.116512603507132e-05,-0.5283267714466718
2025-09-29 17:00:00+00:00,114140.9296875,327.1528015136719,0.0039930983377419555,0.010841906599316518,0.0028662181253417598,0.002894623905599122,9.121459315588862e-05,-0.3114170581106011
2025-09-29 18:00:00+00:00,114104.7421875,324.29949951171875,-0.0003170925433629953,-0.008759874646883853,0.002842121136199765,0.002893948412764369,9.145451996777743e-05,-0.5667000010810247
2025-09-29 19:00:00+00:00,114370.828125,326.4200134277344,0.0023292298378857668,0.006517466834786022,0.002854049575220162,0.0028934909702661676,9.158640698130017e-05,-0.43064682135700316
2025-09-30 13:00:00+00:00,113417.4609375,320.19000244140625,-0.008370691558957425,-0.01927035964006984,0.0028231103023709076,0.0028928168632640174,9.195856110687346e-05,-0.7580214398102365
2025-09-30 14:00:00+00:00,113648.6796875,318.885009765625,0.0020365769135051075,-0.004084010373431332,0.002805883980724314,0.002892183443354451,9.24309705653983e-05,-0.9336639234906293
2025-09-30 15:00:00+00:00,113146.1015625,317.0299987792969,-0.004432015101036182,-0.0058341640724175695,0.0028019524703126854,0.0028910528106146738,9.312184989061165e-05,-0.9568145435969401
2025-09-30 16:00:00+00:00,112817.1953125,317.2699890136719,-0.0029111496144106582,0.0007567089719227165,0.0028122485063987296,0.002890425674256669,9.352966573473771e-05,-0.835854242007664
2025-09-30 17:00:00+00:00,113311.8046875,319.08990478515625,0.004374584098257895,0.005719784514717203,0.0028160340898741036,0.002887763632566527,9.33326162804533e-05,-0.7685367190059783
2025-09-30 18:00:00+00:00,113722.0234375,320.5899963378906,0.0036137275207773017,0.004690140490407217,0.002819066937496784,0.0028849738036925933,9.283296371948777e-05,-0.7099511160169268
2025-09-30 19:00:00+00:00,114451.2109375,322.17999267578125,0.006391547057526844,0.0049473360864576285,0.00281499854861054,0.0028817739237901384,9.185964723558548e-05,-0.7269282779667642
2025-10-01 13:00:00+00:00,116831.515625,339.79998779296875,0.020584232717997086,0.05324680047715977,0.002908461693535175,0.0028800040146141886,9.026515215498326e-05,0.31526761149335936
2025-10-01 14:00:00+00:00,117355.796875,342.42340087890625,0.004477459690591967,0.007690812306991887,0.0029178226384814557,0.002877951029382932,8.791146892760572e-05,0.45354274686682355
2025-10-01 15:00:00+00:00,117421.9140625,342.0899963378906,0.0005632322504878574,-0.0009741359883863157,0.002913340317002556,0.0028769388288841223,8.713215919291862e-05,0.4177732820535021
2025-10-01 16:00:00+00:00,117665.84375,337.1400146484375,0.0020752231193241523,-0.014575531830987271,0.0028652326274457834,0.0028751101982572927,8.61865239476482e-05,-0.11460690557040215
2025-10-01 17:00:00+00:00,116906.65625,336.0450134277344,-0.006472968065604724,-0.003253198276139174,0.002874472884667201,0.002873562752859959,8.533215791536144e-05,0.010665754030792682
2025-10-01 18:00:00+00:00,117282.7890625,337.9800109863281,0.0032122125351914596,0.005741635115384602,0.0028817528444537465,0.0028726120637046896,8.490979874179616e-05,0.10765283729918253
2025-10-01 19:00:00+00:00,117455.1640625,338.4700012207031,0.0014686592320419013,0.001448711098323878,0.002881695359436024,0.0028715659070834934,8.439463308995952e-05,0.12002484022571994
2025-10-02 13:00:00+00:00,119727.5859375,351.7998962402344,0.019162366655942488,0.0386270716249198,0.0029383361694428583,0.0028717129007164778,8.450488762243096e-05,0.7883954478947336
2025-10-02 14:00:00+00:00,118924.140625,346.95001220703125,-0.006733228872983081,-0.013881824834382094,0.0029174060908378437,0.0028712677401875357,8.418676723077899e-05,0.5480475396309046
2025-10-02 15:00:00+00:00,119966.578125,349.4549865722656,0.00872737226510889,0.007194047065194085,0.0029129361863447383,0.0028703799430667416,8.344625462067441e-05,0.509983862924066
2025-10-02 16:00:00+00:00,119748.1015625,347.1099853515625,-0.001822805539299461,-0.006733069201819771,0.002898667960680744,0.0028688139890512433,8.19820715402935e-05,0.36415244295001337
2025-10-02 17:00:00+00:00,119992.9296875,349.489990234375,0.002042438950337435,0.006833230625966674,0.0029125881928590194,0.002867172869930045,8.004919312015304e-05,0.5673426696607229
2025-10-02 18:00:00+00:00,120618.375,351.82000732421875,0.005198814095669327,0.006644780970112102,0.0029168027452220174,0.0028661951468905377,7.905617656783022e-05,0.6401473044684667
2025-10-02 19:00:00+00:00,120844.0546875,352.4700012207031,0.001869274267686061,0.001845813722028816,0.0029167343162407335,0.002865016309237619,7.773351021484198e-05,0.6653244766661724
2025-10-03 13:00:00+00:00,120504.5703125,346.7330017089844,-0.002813230022730468,-0.01641047946523929,0.002877343164743168,0.002863290358675652,7.62524308335469e-05,0.18429322073931484
2025-10-03 14:00:00+00:00,120970.359375,351.5899963378906,0.003857871629193805,0.013910677334377364,0.0029064144155179802,0.0028619152391261555,7.467608929387454e-05,0.5958959127694281
2025-10-03 15:00:00+00:00,122234.078125,356.885009765625,0.010392327841457358,0.014947914816949823,0.002919685043974925,0.002860700701203677,7.309108219774432e-05,0.806997803256881
2025-10-03 16:00:00+00:00,122793.1484375,352.2099914550781,0.004563340086892797,-0.013186064040254332,0.002868319575943996,0.0028586576373354614,7.107538696495125e-05,0.13593930361995685
2025-10-03 17:00:00+00:00,122149.4140625,350.20001220703125,-0.0052562188499327,-0.005723109647642386,0.0028669806965086623,0.002857158964566875,6.990716226228971e-05,0.14049679065696302
2025-10-03 18:00:00+00:00,122480.96875,350.22900390625,0.002710659949113323,8.278269051785368e-05,0.0028594565137798193,0.002855192033615604,6.810155710853959e-05,0.06261942230510936
2025-10-03 19:00:00+00:00,122724.0078125,351.9200134277344,0.0019823344982254107,0.004816677796525585,0.002867572691770336,0.0028533676012809954,6.622233694936163e-05,0.21450602838439325
2025-10-06 13:00:00+00:00,124994.21875,361.30999755859375,0.018329490961757927,0.02633239364742486,0.00289061367135105,0.0028521198885271657,6.47634480907323e-05,0.5943751291616742
2025-10-06 14:00:00+00:00,124505.8828125,359.989990234375,-0.0039145199382677855,-0.003660082684454559,0.0028913492447300904,0.002851145298633746,6.369946425457444e-05,0.6311504589060539
2025-10-06 15:00:00+00:00,125106.9140625,356.0,0.004815717936532597,-0.011145495307047863,0.0028455661517008735,0.0028496045270721667,6.267246984427571e-05,-0.0644361931375515
2025-10-06 16:00:00+00:00,125369.234375,359.5710144042969,0.0020945739547781296,0.009980963391821286,0.002868096117814366,0.0028484782048175538,6.16991180086473e-05,0.317960995715737
2025-10-06 17:00:00+00:00,125412.2734375,356.3999938964844,0.0003432395258962221,-0.008858015772662394,0.00284182707264372,0.002846898210456819,6.060771053484876e-05,-0.08367149605797017
2025-10-06 18:00:00+00:00,126149.0234375,358.4700012207031,0.005857436065204793,0.0057912994638973925,0.002841639130074642,0.0028451686351334358,5.9213383214873155e-05,-0.05960654276392098
2025-10-06 19:00:00+00:00,125424.2578125,359.69500732421875,-0.005761880804976994,0.003411492559566166,0.002867826476294053,0.002843884335173023,5.783354607301764e-05,0.4139836262296973
2025-10-07 13:00:00+00:00,123985.734375,343.7250061035156,-0.011535539347995671,-0.04541453367438245,0.002772294795334317,0.002841729826992393,5.80557709371851e-05,-1.1960056775958232
2025-10-07 14:00:00+00:00,122808.078125,335.6499938964844,-0.009543717297585247,-0.02377300461967702,0.0027331263465815627,0.0028393169018951646,5.951710306677464e-05,-1.784202352632359
2025-10-07 15:00:00+00:00,121813.796875,333.1199951171875,-0.00812917262983984,-0.007566161431808003,0.002734665560577023,0.002837283711465687,6.098041374939353e-05,-1.6828050939500983
2025-10-07 16:00:00+00:00,121866.6015625,333.8800048828125,0.0004333929906969152,0.0022788908382037794,0.0027397170397960116,0.00283546305744021,6.224366559161152e-05,-1.5382451649361406
2025-10-07 17:00:00+00:00,121272.375,330.2391967773437,-0.004887967811801878,-0.010964430995952052,0.0027231197276159857,0.0028343487110416695,6.36542589372477e-05,-1.7473926377076636
2025-10-07 18:00:00+00:00,120951.171875,335.364990234375,-0.0026521229452376115,0.015402231202194661,0.00277273039223602,0.0028354063227012246,6.204781652760365e-05,-1.010123062707963
2025-10-07 19:00:00+00:00,121771.6875,328.239990234375,0.0067609515858792655,-0.021474443430779068,0.0026955361872140846,0.0028346531444277926,6.347445536919208e-05,-2.191699895722613
2025-10-08 13:00:00+00:00,122510.328125,329.1600036621094,0.006047460139259949,0.0027989474806804867,0.002686793911173433,0.0028345851003575367,6.363318477655944e-05,-2.3225489923701814
2025-10-08 14:00:00+00:00,122278.796875,325.989990234375,-0.0018916797798401042,-0.009677289770358134,0.0026659568017145248,0.0028333808142852325,6.612300291599213e-05,-2.532008608009173
2025-10-08 15:00:00+00:00,122207.5234375,324.1726989746094,-0.0005830464414367164,-0.005590280779388106,0.002652641096522993,0.0028318362484174423,6.922463615897806e-05,-2.588603737590157
2025-10-08 16:00:00+00:00,123098.7890625,329.70001220703125,0.007266584685275135,0.01690679178896056,0.0026783367628387894,0.002830677549690627,7.12075351925134e-05,-2.139391378173335
2025-10-08 17:00:00+00:00,124141.4921875,329.07000732421875,0.008434784992955363,-0.0019126707536675637,0.0026507656829772934,0.002829301891475127,7.386814013576563e-05,-2.416958220007891
2025-10-08 18:00:00+00:00,123614.859375,330.0899963378906,-0.004251221834083721,0.0030948171069758402,0.0026703100097094667,0.002827196719202592,7.656591881762594e-05,-2.0490410343904757
2025-10-08 19:00:00+00:00,123520.203125,330.79998779296875,-0.0007660285325048402,0.0021485927923344658,0.002678104305400192,0.0028253368274827467,7.881461656388698e-05,-1.8680865111258707
2025-10-09 13:00:00+00:00,122504.71875,324.4599914550781,-0.008255181094591862,-0.019351690601562832,0.002648550968205689,0.002822813035610121,8.200050702814442e-05,-2.1251340231911167
2025-10-09 14:00:00+00:00,121392.1875,323.239990234375,-0.009123026473687857,-0.0037671844928655832,0.0026627742434773656,0.002820454536489733,8.453825248171504e-05,-1.8651946117110985
2025-10-09 15:00:00+00:00,121213.40625,322.15509033203125,-0.0014738430355139224,-0.0033619745699494676,0.0026577513189225406,0.002818129358896143,8.706770274861929e-05,-1.8419923221891306
2025-10-09 16:00:00+00:00,120304.1328125,319.9200134277344,-0.0075297035326906386,-0.006962070072887178,0.0026592603757540543,0.002815272192512704,8.942927116791495e-05,-1.7445274318038149
2025-10-09 17:00:00+00:00,120843.796875,319.3450012207031,0.004475800095929726,-0.001798979606055189,0.002642626344743466,0.0028122584525349954,9.21543307878002e-05,-1.8407394024935626
2025-10-09 18:00:00+00:00,120744.4140625,320.989990234375,-0.00082274559441822,0.005137912668661109,0.0026584251762423014,0.0028098833671463363,9.426348829463041e-05,-1.6067535123529109
2025-10-09 19:00:00+00:00,121013.578125,320.4100036621094,0.0022267240994257383,-0.0018085024504646014,0.0026477194429466787,0.0028067080861910025,9.64750791786801e-05,-1.6479762918863556
2025-10-10 13:00:00+00:00,121673.265625,320.32000732421875,0.005436546247154634,-0.0002809181306926446,0.0026326243951687207,0.002803140909186664,9.88994440925404e-05,-1.724140267749033
2025-10-10 14:00:00+00:00,121276.6484375,310.8450012207031,-0.0032650148601148592,-0.030026119407565475,0.002563106791171734,0.002798089053617164,0.00010326789830492105,-2.2754628137351394
2025-10-10 15:00:00+00:00,119072.296875,313.7650146484375,-0.018343441196649195,0.00934994516953688,0.002635079887455455,0.002794638366138092,0.00010521245654405885,-1.5165360065119313
2025-10-10 16:00:00+00:00,118343.828125,310.7479858398437,-0.006136660145482552,-0.009662095993843904,0.0026258064384364673,0.0027908343138583636,0.00010713655779330773,-1.5403507338762452
2025-10-10 17:00:00+00:00,117743.9609375,311.260009765625,-0.005081740828699307,0.001646358391056125,0.002643532689806875,0.002787841353648963,0.00010871630312126758,-1.3273875186973485
2025-10-10 18:00:00+00:00,117310.21875,305.4800109863281,-0.003690576193000824,-0.01874426116702607,0.0026040358141121286,0.0027844772175387596,0.00011124219527477576,-1.6220589946191597
2025-10-10 19:00:00+00:00,116787.390625,304.6000061035156,-0.004466760644692829,-0.0028848854854643434,0.002608158333476043,0.002781247315258149,0.00011351635160766578,-1.5247933828981293
2025-10-13 13:00:00+00:00,115323.5859375,304.8099975585937,-0.01261313976336619,0.0006891631647901726,0.002643084630786511,0.0027784279173312786,0.00011482652177728331,-1.1786761842989408
2025-10-13 14:00:00+00:00,114061.5703125,310.1300048828125,-0.011003574766584654,0.01730295649398416,0.002718970149482725,0.0027768101849914226,0.00011497137849972327,-0.5030820388818487
2025-10-13 15:00:00+00:00,114502.875,311.1451110839844,0.003861538790707861,0.003267818325288058,0.002717356320389199,0.002775115008039629,0.00011508753970778262,-0.5018674288900838
2025-10-13 16:00:00+00:00,114806.5703125,308.760009765625,0.002648783085650474,-0.00769509077274655,0.002689393202193826,0.002773021585599351,0.00011549142987513718,-0.7241089966237286
2025-10-13 17:00:00+00:00,114723.515625,314.3299865722656,-0.0007236932865304898,0.01787903902647577,0.0027398915109934823,0.0027702120825569892,0.00011418376006309477,-0.2655418909550065
2025-10-13 18:00:00+00:00,115247.6328125,313.1600036621094,0.004558120429475208,-0.0037290930028931685,0.0027172792709035444,0.0027668696930973576,0.00011271537913790142,-0.4399614548884406
2025-10-13 19:00:00+00:00,115891.1484375,315.3999938964844,0.005568232939658102,0.007127401443505795,0.002721519271737818,0.002763672675676279,0.00011120071993919456,-0.37907491931266896
2025-10-14 13:00:00+00:00,110940.8671875,309.04998779296875,-0.043654043695828336,-0.020338618570553885,0.00278571815443489,0.0027623474344594307,0.00011044107334836647,0.2116125755292211
2025-10-14 14:00:00+00:00,111547.5703125,304.7200012207031,0.005453808167583986,-0.014109710430385822,0.0027317493367809936,0.002759968708661327,0.0001095183010068276,-0.25766809401630536
2025-10-14 15:00:00+00:00,112735.875,309.1549987792969,0.010596553883707125,0.014449439127562462,0.0027422947555895308,0.0027576444071802566,0.00010836364448466115,-0.1416494587619611
2025-10-14 16:00:00+00:00,112405.046875,312.45001220703125,-0.0029388558983844864,0.010601730139947061,0.0027796795686095056,0.0027559441439998144,0.00010717809850933816,0.22145778792318413
2025-10-14 17:00:00+00:00,112859.0078125,310.2699890136719,0.0040304837154034314,-0.0070016447039554985,0.0027491823207337032,0.0027527915798546618,0.0001044699368703395,-0.03454830383824282
2025-10-14 18:00:00+00:00,112831.9140625,308.45001220703125,-0.0002400960561910374,-0.005883055508841451,0.002733712485247518,0.00274973001976149,0.00010223168937905311,-0.15667876185223012
2025-10-14 19:00:00+00:00,112671.1171875,300.6565856933594,-0.0014261174349737764,-0.025591093134685994,0.002668444169174484,0.0027456551528086525,0.00010047367854472931,-0.7684697599659917
2025-10-15 13:00:00+00:00,111505.1640625,307.875,-0.010402203409364836,0.023725154344343864,0.0027610828842638386,0.0027433620682017035,9.847242116212616e-05,0.17995714793037693
2025-10-15 14:00:00+00:00,111120.3515625,304.7099914550781,-0.003457042039096563,-0.010333379863983798,0.0027421618737742473,0.002740521629550291,9.593360342838452e-05,0.017097702633268205
2025-10-15 15:00:00+00:00,110767.4765625,302.3059997558594,-0.0031806638559108893,-0.007920727962587634,0.0027291946078168957,0.0027373948272602063,9.310635215305914e-05,-0.088073684057884
2025-10-15 16:00:00+00:00,110832.7734375,296.25,0.0005893213287421189,-0.020236056164789643,0.002672945833725429,0.0027333316858849507,9.042828877666166e-05,-0.667776123782037
2025-10-15 17:00:00+00:00,111129.046875,297.25,0.002669590770498678,0.0033698431215503626,0.002674818225826703,0.002729956270236343,8.872545374283497e-05,-0.6214456177305536
2025-10-15 18:00:00+00:00,111540.3515625,298.1099853515625,0.0036943123588124224,0.0028889612027968507,0.0026726649250744107,0.002726060445395617,8.593398495980933e-05,-0.6213551058545563
2025-10-15 19:00:00+00:00,111323.5,296.760009765625,-0.0019460457980609123,-0.004538732544879255,0.0026657445172459096,0.0027218281032834668,8.241761159100625e-05,-0.6804806030520456
2025-10-16 13:00:00+00:00,110916.8515625,298.79998779296875,-0.003659541469123895,0.006850648176334421,0.0026939097493639133,0.002718921272840465,8.020945065111377e-05,-0.31182763718634726
2025-10-16 14:00:00+00:00,110598.7578125,296.7499084472656,-0.0028719779119919884,-0.006884687433473534,0.002683121531530679,0.0027158569534241656,7.793700495970246e-05,-0.4200241196131741
2025-10-16 15:00:00+00:00,108573.7421875,288.4128112792969,-0.018479264053717193,-0.02849689863592919,0.0026563771817059243,0.0027124722978896006,7.5980158394248e-05,-0.7382863811971594
2025-10-16 16:00:00+00:00,109117.1796875,293.1326904296875,0.004992754169087787,0.016232548528108067,0.00268640273941453,0.00270945279868367,7.326322763393112e-05,-0.31461976237673556
2025-10-16 17:00:00+00:00,108371.15625,285.6575012207031,-0.006860380445110184,-0.025831829857167816,0.002635918182525649,0.0027052078738699138,6.988967645990725e-05,-0.991415254068511
2025-10-16 18:00:00+00:00,108595.625,283.75,0.0020691538934525617,-0.006699976211068298,0.00261290452538949,0.0027005671285475702,6.648162137148862e-05,-1.3185990556433012
2025-10-16 19:00:00+00:00,108320.6640625,283.7300109863281,-0.0025351815297613087,-7.044834458709604e-05,0.002619352580986935,0.002696796902369005,6.450420594939368e-05,-1.2006088632860394
2025-10-17 13:00:00+00:00,105868.1171875,285.1499938964844,-0.022901797703126406,0.004992215746943553,0.0026934454061505915,0.002693886057174608,6.0456763182319924e-05,-0.007288696926884662
2025-10-17 14:00:00+00:00,105164.78125,284.84381103515625,-0.00666567674405266,-0.0010743376090361528,0.0027085475541285954,0.002691664731866023,5.7294740629131446e-05,0.29466617838197173
2025-10-17 15:00:00+00:00,106720.640625,288.54998779296875,0.014686119747025451,0.012927340263306877,0.002703788002987063,0.0026893672130812304,5.3838504423099924e-05,0.2678527210285025
2025-10-17 16:00:00+00:00,106409.6640625,287.3099975585937,-0.002918184569205017,-0.004306575148065762,0.0027000366939401426,0.0026865707167086647,4.8505354348873734e-05,0.2776183663070288
2025-10-17 17:00:00+00:00,106424.046875,291.4100036621094,0.000135155398630544,0.01416945912488578,0.002738196979150624,0.00268600241977227,4.767664216206249e-05,1.0947616487112062
2025-10-17 18:00:00+00:00,106619.484375,291.4800109863281,0.001834719446084093,0.00024020766455437603,0.002733834370846704,0.002686014220176689,4.768858957682746e-05,1.0027587541245218
2025-10-17 19:00:00+00:00,106490.15625,289.8699951171875,-0.0012137239826137394,-0.005538900725660547,0.0027220355883099522,0.0026858037206389045,4.749769314825059e-05,0.76281320774801
2025-10-20 13:00:00+00:00,111196.8671875,302.6400146484375,0.04324965734520289,0.043111498959004915,0.002721659542243455,0.0026855027623463616,4.7206610391867864e-05,0.7659262039140603
2025-10-20 14:00:00+00:00,111302.25,304.010009765625,0.0009472650652477603,0.004516598997794572,0.002731391411814451,0.002685640623749669,4.733024466530938e-05,0.9666290210055689
2025-10-20 15:00:00+00:00,111300.4921875,300.8367919921875,-1.5793269056429483e-05,-0.010492729324976857,0.002702924183707914,0.0026844771869408684,4.599223407215818e-05,0.40108938257062804
2025-10-20 16:00:00+00:00,110734.921875,300.3299865722656,-0.0050944263831349985,-0.001686073010208843,0.0027121524220813076,0.002684754124188655,4.610982938715247e-05,0.5941964708350544
2025-10-20 17:00:00+00:00,110303.84375,297.70001220703125,-0.003900480264690826,-0.008795516363365754,0.002698908778571293,0.002684956038645286,4.614542468524351e-05,0.30236453605483504
2025-10-20 18:00:00+00:00,110949.5625,298.25,0.0058369323594560305,0.001845751951823934,0.002688158414324527,0.002685326065522119,4.6079460102359746e-05,0.06146662300548177
2025-10-20 19:00:00+00:00,110878.4609375,296.6099853515625,-0.0006410512417061735,-0.005513965787064326,0.002675091111868478,0.0026857002324445437,4.59003579951405e-05,-0.23113372181517156
2025-10-21 13:00:00+00:00,108404.0703125,294.6300048828125,-0.02256901760255459,-0.006697746780475794,0.0027178869209751335,0.0026863594017468165,4.607646941008824e-05,0.6842433813171926
2025-10-21 14:00:00+00:00,112040.71875,302.18798828125,0.03299672818202897,0.025328953057952946,0.002697126470203495,0.00268713208153392,4.5857667763312925e-05,0.21794367566094774
2025-10-21 15:00:00+00:00,113351.0390625,304.75,0.011627178271054675,0.008442466892942552,0.0026885505639870277,0.002687436090771879,4.580468863642862e-05,0.02433098550226921
2025-10-21 16:00:00+00:00,112841.3984375,302.08990478515625,-0.004506264604133339,-0.008767097325664235,0.002677119470054035,0.002687419676849443,4.580826563774083e-05,-0.22485476478991226
2025-10-21 17:00:00+00:00,112099.3125,300.8599853515625,-0.006598082015582975,-0.004079679454591294,0.002683870031331035,0.0026880083279015323,4.552638789878699e-05,-0.09089885583932902
2025-10-21 18:00:00+00:00,112030.90625,301.3800048828125,-0.0006104152532894186,0.0017269516103975572,0.0026901505572959916,0.0026884645997985097,4.540622797552453e-05,0.03713053412828443
2025-10-21 19:00:00+00:00,111920.5234375,302.0899963378906,-0.0009857746529481752,0.0023530309086758436,0.002699147458031568,0.002689154535450327,4.524585643817199e-05,0.22085829218187375
2025-10-22 13:00:00+00:00,108915.3203125,290.6299133300781,-0.02721830479985382,-0.03867429181949492,0.0026684025029371657,0.0026893069042367114,4.5158788971176873e-05,-0.4629088107940213
2025-10-22 14:00:00+00:00,108796.15625,287.07501220703125,-0.0010946972229636226,-0.012307134096353851,0.002638650317271951,0.0026892406371121862,4.523130923051131e-05,-1.1184801125789396
2025-10-22 15:00:00+00:00,108365.640625,286.6650085449219,-0.003964934856829741,-0.0014292317672558628,0.0026453496411923405,0.0026890227115280206,4.541342781867166e-05,-0.9616774692731744
2025-10-22 16:00:00+00:00,108415.078125,283.8328857421875,0.0004561060701535056,-0.009928681934306082,0.00261802039578789,0.002688527727408707,4.602892503200535e-05,-1.5318048720840487
2025-10-22 17:00:00+00:00,107781.3125,280.07000732421875,-0.005862886411366199,-0.013346036406945174,0.0025985024753174975,0.0026879590287445204,4.693324014587431e-05,-1.9060383035345705
2025-10-22 18:00:00+00:00,107978.9296875,279.7799987792969,0.0018318225893368064,-0.0010360223906405038,0.0025910610485675627,0.0026884249330344505,4.579784728340086e-05,-2.1259489308393045
2025-10-22 19:00:00+00:00,107788.953125,280.8110046386719,-0.0017609350299505726,0.003678286007194163,0.002605192800351468,0.002687926814916051,4.6544335134813456e-05,-1.7775313435018034
2025-10-23 13:00:00+00:00,109432.5390625,280.56500244140625,0.015133100204729152,-0.0008764258176682926,0.0025638169857428576,0.0026868936573711576,4.8589668377318015e-05,-2.532980276229937
2025-10-23 14:00:00+00:00,109597.703125,285.3949890136719,0.001508139626343317,0.017068711248177704,0.002604023450091549,0.0026862351700425685,4.944740021970711e-05,-1.6626095524887505
2025-10-23 15:00:00+00:00,109981.8828125,286.635009765625,0.0034992331174251066,0.004335516308434945,0.0026062020619731334,0.0026862712741735854,4.938711902026094e-05,-1.6212569955255698
2025-10-23 16:00:00+00:00,110312.9921875,285.71661376953125,0.003006058350980729,-0.0032092047844089508,0.002590054064383424,0.002685969536355375,4.992482844065364e-05,-1.9211978281701458
2025-10-23 17:00:00+00:00,111233.1875,285.2099914550781,0.008307077156486627,-0.001774737567989966,0.002564072808352077,0.0026846526726481347,5.207108416577343e-05,-2.3156780049399397
2025-10-23 18:00:00+00:00,110589.453125,284.5150146484375,-0.005804062022847048,-0.0024396933394522677,0.002572713822238078,0.002682215067194057,5.383096147083379e-05,-2.034168477843522
2025-10-23 19:00:00+00:00,110331.484375,284.989990234375,-0.002335395369651906,0.0016680299277202963,0.0025830341343522326,0.0026799763640934413,5.512233153977529e-05,-1.7586743345799325
2025-10-24 13:00:00+00:00,110897.4765625,289.4974975585937,0.005116811288993618,0.01569259529671397,0.0026104967086012787,0.002678661422533565,5.5830375068582786e-05,-1.2209252373560449
2025-10-24 14:00:00+00:00,110167.1171875,291.2149963378906,-0.006607679863941586,0.0059151604456950954,0.002643393090174579,0.002677053115519917,5.542506752290297e-05,-0.6073068892776486
2025-10-24 15:00:00+00:00,110044.8046875,288.489990234375,-0.001110861860125535,-0.009401423958095317,0.0026215684698029603,0.0026754579355015734,5.5624661470859296e-05,-0.9688052794145038
2025-10-24 16:00:00+00:00,110277.1015625,288.2749938964844,0.0021087050764232967,-0.0007455249668897502,0.00261409657863653,0.002673667557283219,5.584532468051825e-05,-1.0667138025874963
2025-10-24 17:00:00+00:00,110281.2734375,289.0248107910156,3.7830120941829294e-05,0.002597670430799345,0.002620796820548281,0.0026709188683851086,5.42733161755853e-05,-0.9235117985912706
2025-10-24 18:00:00+00:00,110640.734375,290.1549987792969,0.0032541914522357606,0.0039027238316000725,0.0026224970434113397,0.0026690979968289476,5.4030024755245064e-05,-0.8625010561943884
2025-10-24 19:00:00+00:00,110626.46875,289.0799865722656,-0.00012894477643587095,-0.0037118387821448366,0.0026131177270563074,0.0026669450463533946,5.3636138255976674e-05,-1.003564407269557
2025-10-27 13:00:00+00:00,115250.796875,295.8599853515625,0.04095121609344159,0.023182899987817775,0.0025670970906383375,0.002663402005053875,5.308142730301533e-05,-1.8142864521291184
2025-10-27 14:00:00+00:00,114802.1484375,294.4700012207031,-0.003900397846837718,-0.004709185476650389,0.0025650216936577365,0.0026603326612692755,5.336090875131058e-05,-1.7861571296646648
2025-10-27 15:00:00+00:00,114995.8984375,296.5899963378906,0.0016862636436229203,0.007173566870345229,0.0025791354332440524,0.0026577563770692177,5.348942002757706e-05,-1.4698410224794254
2025-10-27 16:00:00+00:00,115558.9765625,296.8450012207031,0.004884557262429827,0.0008594198170218942,0.0025687749238602394,0.0026560952229806468,5.4686141363895055e-05,-1.5967537102198635
2025-10-27 17:00:00+00:00,115664.40625,297.80499267578125,0.0009119293518156398,0.0032287641433361575,0.002574733250539478,0.0026529893957519075,5.3908658018244764e-05,-1.4516433554317842
2025-10-27 18:00:00+00:00,115362.6640625,296.1700134277344,-0.0026121818423255117,-0.0055052261815420455,0.002567295197580375,0.002650074951148676,5.3732637980024746e-05,-1.5405860698496603
2025-10-27 19:00:00+00:00,114914.3359375,295.6650085449219,-0.00389382084582038,-0.0017065735775272297,0.0025729166525030366,0.0026474703185601117,5.361997840998632e-05,-1.3904083565089629
2025-10-28 13:00:00+00:00,115442.03125,296.25,0.004581564139091649,0.0019766069016509892,0.00256622303672433,0.00264569160527676,5.452309612816355e-05,-1.457521201026973
2025-10-28 14:00:00+00:00,115080.40625,291.635009765625,-0.0031374412014799607,-0.015700638596933946,0.00253418474324881,0.002643347713900462,5.62453920252367e-05,-1.940834026059806
2025-10-28 15:00:00+00:00,114707.984375,291.3599853515625,-0.003241436175870724,-0.0009434881491864144,0.0025400148641707182,0.0026411368795520667,5.766266820571909e-05,-1.7536825562872411
2025-10-28 16:00:00+00:00,115371.1484375,290.364990234375,0.005764676621360125,-0.003420847064327314,0.0025167903255437765,0.0026386543096903648,5.975383902925835e-05,-2.039433551489768
2025-10-28 17:00:00+00:00,115325.6796875,289.97100830078125,-0.00039418617896308907,-0.0013577720324610637,0.002514366350031673,0.0026356619197014943,6.141244627305445e-05,-1.9750975092330978
2025-10-28 18:00:00+00:00,114936.515625,285.94000244140625,-0.0033801852059088125,-0.013998939467237395,0.002487808168592254,0.002632406696985854,6.397700240189527e-05,-2.2601641678247217
2025-10-28 19:00:00+00:00,113635.1953125,284.510009765625,-0.011386661695546911,-0.005013570481284468,0.0025037138272452865,0.0026298623077448432,6.601093758001342e-05,-1.9110239170084384
2025-10-29 13:00:00+00:00,112935.28125,281.2439880371094,-0.006178353857462325,-0.011545859235803093,0.0024903111315101928,0.002626594114279771,6.798878696120628e-05,-2.004492047303915
2025-10-29 14:00:00+00:00,112419.6640625,279.1400146484375,-0.00457605300427628,-0.00750907686458269,0.002483017690688427,0.0026240457727491505,7.045417340781683e-05,-2.0016994769691863
2025-10-29 15:00:00+00:00,111546.140625,280.1400146484375,-0.007800546767387868,0.0035760299430781157,0.002511427227143812,0.002622354484445056,7.192873409688249e-05,-1.54218281044448
2025-10-29 16:00:00+00:00,111172.6796875,280.9150085449219,-0.0033536571988187556,0.0027626323884537415,0.0025268349142483367,0.0026208125233327458,7.297818837831875e-05,-1.287749273758748
2025-10-29 17:00:00+00:00,111786.96875,279.8399963378906,0.005510329973578263,-0.003834164705204627,0.002503332897090392,0.002617643981515076,7.38925801004852e-05,-1.5469900261871274
2025-10-29 18:00:00+00:00,111056.453125,277.54998779296875,-0.0065563366030988455,-0.008216945029059718,0.0024991792910995575,0.002614154510464592,7.446834489687323e-05,-1.543947559520182
2025-10-29 19:00:00+00:00,110716.0859375,275.2799987792969,-0.0030695184911727447,-0.008212296099972602,0.0024863595605673266,0.00261053070309093,7.531808216431058e-05,-1.6486232648982895
2025-10-30 13:00:00+00:00,107788.15625,268.4599914550781,-0.0268013556182591,-0.025086861824734248,0.0024906260650049677,0.00260704052594201,7.594946091667204e-05,-1.5327885087264357
2025-10-30 14:00:00+00:00,108323.9296875,265.375,0.004958302381197806,-0.011557975206665017,0.0024498280367557866,0.002602234376902096,7.66301621835862e-05,-1.9888557691054207
2025-10-30 15:00:00+00:00,107748.8828125,265.9349975585937,-0.00532272640878467,0.00210798881457071,0.0024680998133536328,0.002597805467610545,7.657447157274078e-05,-1.6938498117313165
2025-10-30 16:00:00+00:00,108065.9296875,264.6199951171875,0.0029381403380736226,-0.004957092675893408,0.002448690312315854,0.0025932497130106433,7.718701093339814e-05,-1.8728462074988794
2025-10-30 17:00:00+00:00,107450.15625,261.92999267578125,-0.005714423686522997,-0.010217551633776169,0.0024376883367796987,0.0025885168595862476,7.788284424047406e-05,-1.9366077892692897
2025-10-30 18:00:00+00:00,106886.4296875,258.2300109863281,-0.005260211268970658,-0.014226561319684989,0.0024159288671284644,0.0025832591505081477,7.871783716340403e-05,-2.125697166098908
2025-10-30 19:00:00+00:00,106452.8984375,254.5399932861328,-0.004064246855650394,-0.014392735021207607,0.002391104394734511,0.0025780621540252573,8.094532356573141e-05,-2.309679559671262
2025-10-31 13:00:00+00:00,110095.3515625,269.0849914550781,0.03364420356898912,0.055569314876259865,0.0024441085625883244,0.0025735947563670413,8.081601674443831e-05,-1.602234297047658
2025-10-31 14:00:00+00:00,110795.875,274.0,0.006342721681722837,0.01810082332438163,0.002473016256246002,0.002569829880994953,8.01380650275624e-05,-1.2080853800956266
2025-10-31 15:00:00+00:00,110160.484375,274.2799987792969,-0.0057512929541132215,0.0010213715775205664,0.0024898220113631093,0.002566524274278929,7.926018661717561e-05,-0.9677275084689059
2025-10-31 16:00:00+00:00,108753.390625,270.0,-0.012855403780483297,-0.015727518967216022,0.002482681215255214,0.0025633174426687084,7.868348177569885e-05,-1.024817732943775
2025-10-31 17:00:00+00:00,109226.5078125,268.4100036621094,0.004340931744904253,-0.005906283127046185,0.0024573705507720373,0.002558975503165324,7.718305358878144e-05,-1.3164152967388536
2025-10-31 18:00:00+00:00,109316.3203125,268.1199951171875,0.0008219213215702648,-0.0010810525928670863,0.0024526986853446874,0.0025549017067510098,7.621218430935822e-05,-1.3410325702182075
2025-10-31 19:00:00+00:00,109818.265625,269.8299865722656,0.004581168127496014,0.006357458026623482,0.002457059260921702,0.002551043518366588,7.518423871338832e-05,-1.2500526580200662
2025-11-03 14:00:00+00:00,107995.9296875,262.29998779296875,-0.01673333050235231,-0.02830324097069217,0.0024287951272975493,0.0025469047793206462,7.496092645171188e-05,-1.5756162258637563
2025-11-03 15:00:00+00:00,105821.1953125,265.010009765625,-0.020342705208692243,0.010278757638930472,0.002504318808562173,0.002543912258941165,7.295762214676653e-05,-0.5426910748179693
2025-11-03 16:00:00+00:00,106717.328125,267.6000061035156,0.008432712417319643,0.009725753089104068,0.002507559089092549,0.0025408690678044416,7.052182201564317e-05,-0.472335764446131
2025-11-03 17:00:00+00:00,107464.046875,264.44000244140625,0.006972798409272483,-0.011878959364686522,0.0024607299848757556,0.0025368954432518445,6.812863676731766e-05,-1.117965395905684
2025-11-03 18:00:00+00:00,106961.703125,265.3900146484375,-0.004685488277683103,0.003586105711253238,0.002481168557481657,0.002533774877494253,6.626554962132079e-05,-0.793871330023196
2025-11-03 19:00:00+00:00,107110.515625,266.260009765625,0.0013903020657179584,0.003272814271802299,0.00248584378678389,0.0025312281019861183,6.509258446518986e-05,-0.6972271200339097
2025-11-03 20:00:00+00:00,106418.59375,264.739990234375,-0.00648084281179687,-0.0057251362827793525,0.002487723065165715,0.0025286009923856747,6.357172498224786e-05,-0.6430205760717455
2025-11-04 14:00:00+00:00,104435.875,257.3305053710937,-0.01880706824006129,-0.028386903592304363,0.0024640048773574568,0.0025260340670785007,6.300685607782137e-05,-0.9844831750441583
2025-11-04 15:00:00+00:00,103363.5625,251.1300048828125,-0.010320740337292873,-0.024390519022272492,0.0024295796198279497,0.002523218686153675,6.348604262361856e-05,-1.4749551626783701
2025-11-04 16:00:00+00:00,102204.0078125,250.1121063232422,-0.011281613964888094,-0.004061510140799884,0.0024471849164867327,0.0025208207506189945,6.359721254613047e-05,-1.1578468801419526
2025-11-04 17:00:00+00:00,101085.3125,250.1699981689453,-0.011006053868002416,0.00023143680512128928,0.002474840231304081,0.0025186482078015378,6.288866810933661e-05,-0.6965957113496686
2025-11-04 18:00:00+00:00,101419.1640625,251.5877990722656,0.0032972294798499888,0.00565135084920739,0.0024806731686057236,0.0025172624775159193,6.279246961938104e-05,-0.5827021796082105
2025-11-04 19:00:00+00:00,100452.5,247.95730590820312,-0.009577089043821346,-0.014535452548073622,0.002468403533094777,0.0025150021455659726,6.205300417062718e-05,-0.7509485333387435
2025-11-04 20:00:00+00:00,100638.90625,246.8600006103516,0.0018539459926986276,-0.004435200960652753,0.002452928095195307,0.002512447579453009,6.138626782405182e-05,-0.9695895575261174
2025-11-05 14:00:00+00:00,103150.4140625,252.22999572753903,0.024649328739662232,0.021519975941190202,0.002445264015854653,0.0025100344119775297,6.112915208500125e-05,-1.0595664083940217
2025-11-05 15:00:00+00:00,103686.015625,248.15499877929688,0.005178998307682069,-0.016287806714724563,0.0023933314177757214,0.00250718872213459,6.252906908739559e-05,-1.8208699732876654
2025-11-05 16:00:00+00:00,103905.546875,249.8999938964844,0.002115031354771956,0.007007267402365864,0.0024050688477403235,0.0025043946392262944,6.329239390135084e-05,-1.5693163959129532
2025-11-05 17:00:00+00:00,103827.5,249.5325927734375,-0.0007514151440645254,-0.0014712743986977379,0.002403338159672895,0.002501399706314972,6.375798586040006e-05,-1.538027673220193
2025-11-05 18:00:00+00:00,104308.3203125,249.6100006103516,0.0046202635097642875,0.0003101632221362166,0.002393001822505995,0.0024977747915467174,6.363285977949554e-05,-1.6465230291988804
2025-11-05 19:00:00+00:00,104103.484375,252.2093048095703,-0.0019656852332612653,0.010359615175818139,0.0024226788019992276,0.0024940962200771287,6.141303831734965e-05,-1.162903188551822
2025-11-05 20:00:00+00:00,103851.6015625,255.00999450683597,-0.0024224743967494375,0.01104342111847942,0.002455522983469502,0.002491328795304904,5.92754725315898e-05,-0.6040578051287585
2025-11-06 14:00:00+00:00,102043.2421875,243.60499572753903,-0.017566305625200992,-0.04575469499663108,0.002387272204463334,0.002487548389068684,5.8541550387057965e-05,-1.7129061998248416
2025-11-06 15:00:00+00:00,101944.7265625,240.63999938964844,-0.0009658965012781318,-0.012246005313072314,0.0023604948240468085,0.002483210022460326,5.8143284816336845e-05,-2.1105652836978632
2025-11-06 16:00:00+00:00,100851.34375,237.9122009277344,-0.01078318140386853,-0.011400336280310331,0.002359038482595671,0.0024788190464467316,5.738934960996253e-05,-2.0871566704472184
2025-11-06 17:00:00+00:00,101682.4296875,239.9199981689453,0.008206933472073635,0.008403824864018255,0.002359503002694664,0.0024745921343740374,5.6665369960605744e-05,-2.0310311528784544
2025-11-06 18:00:00+00:00,101700.34375,241.9149932861328,0.00017616106067939948,0.00828087022634798,0.00237870379160968,0.0024714522460568935,5.667223013493428e-05,-1.6365767541948357
2025-11-06 19:00:00+00:00,101487.046875,238.13999938964844,-0.002099509745106791,-0.015727663575128913,0.0023465063446270313,0.002467810323573048,5.7571352815682555e-05,-2.10701977656105
2025-11-06 20:00:00+00:00,100936.9921875,236.9499969482422,-0.005434690898458517,-0.005009597925769428,0.0023475040400261302,0.0024639498003527494,5.774568480204617e-05,-2.0165274812446756
2025-11-07 14:00:00+00:00,100710.0,230.24560546875,-0.0022513827845147506,-0.028702546493039105,0.0022862238652442655,0.002459240616042483,6.050730438633219e-05,-2.8594357747872157
2025-11-07 15:00:00+00:00,100866.7578125,230.13499450683597,0.0015553166525844595,-0.00048051965720638084,0.00228157422224903,0.0024543546322376426,6.28154854811814e-05,-2.750602159086631
2025-11-07 16:00:00+00:00,100971.84375,233.1186065673828,0.001041286911241988,0.012881295725959993,0.0023087486363482673,0.002450045522883774,6.37969178751215e-05,-2.214791736680551
2025-11-07 17:00:00+00:00,102289.4296875,235.8350067138672,0.01296463778223564,0.01158507132063384,0.0023055657601607172,0.002445589674678069,6.4403201499561e-05,-2.174176302684363
2025-11-07 18:00:00+00:00,102604.1640625,238.0500030517578,0.003072176311471971,0.009348312029732958,0.0023200813069024443,0.0024414873125143703,6.442822169078441e-05,-1.8843606485772595
2025-11-07 19:00:00+00:00,103244.1796875,240.6100006103516,0.006218341869271286,0.010696619512976164,0.0023304945744993194,0.002438092476368546,6.482621210065969e-05,-1.6597900506997472
2025-11-07 20:00:00+00:00,103746.3515625,241.9600067138672,0.004852133642971955,0.005595083013229875,0.002332226657321082,0.002434629339587719,6.483925734230412e-05,-1.57933151093982
2025-11-10 14:00:00+00:00,104951.7890625,240.55999755859372,0.011552100099520023,-0.005802922455124288,0.0022921000176122533,0.002430884501122193,6.648134431462822e-05,-2.087570354370864
2025-11-10 15:00:00+00:00,104979.7734375,237.97999572753903,0.00026660474330296896,-0.010782909957446189,0.00226691283411105,0.0024267602758568495,6.884806581402848e-05,-2.3217419379300703
2025-11-10 16:00:00+00:00,105167.859375,239.57000732421875,0.0017900367013924453,0.0066590617192688936,0.0022779774043890843,0.002423263096453463,7.099045001679341e-05,-2.0465526282761988
2025-11-10 17:00:00+00:00,105847.9609375,241.8699951171875,0.006445999322650433,0.009554691254748667,0.00228506995292998,0.0024196190318815413,7.238869516307273e-05,-1.8587029183003994
2025-11-10 18:00:00+00:00,105577.453125,239.55999755859372,-0.0025588972953470286,-0.009596474342948016,0.0022690450514558547,0.0024159312638806357,7.433620838186579e-05,-1.975971274593738
2025-11-10 19:00:00+00:00,105806.75,240.1000061035156,0.0021694806096683138,0.0022516314428786596,0.002269231463054253,0.0024123681600867327,7.616718243229889e-05,-1.879243690807477
2025-11-10 20:00:00+00:00,105895.2890625,238.8600006103516,0.0008364498334949489,-0.0051779198523802805,0.0022556244260249865,0.0024081047800680855,7.767274416173259e-05,-1.9631127455159787
2025-11-11 14:00:00+00:00,104515.828125,235.1699981689453,-0.013112241598354377,-0.015568959712899066,0.0022500897939370878,0.0024034923613962316,7.871270251228604e-05,-1.9488921427288017
2025-11-11 15:00:00+00:00,103478.7421875,236.75,-0.009972323128798685,0.00669608298353666,0.002287909526103603,0.0023999019718797853,7.8994044841439e-05,-1.41773276708364
2025-11-11 16:00:00+00:00,103389.1171875,236.17999267578125,-0.0008664952194934097,-0.0024105369042251752,0.0022843796242834735,0.0023963219774328502,7.928536030602923e-05,-1.4118918387618675
2025-11-11 17:00:00+00:00,103355.859375,236.83999633789065,-0.0003217278924000535,0.0027905970392358963,0.002291500431326085,0.0023930743252788293,7.95252745937274e-05,-1.2772529799067955
2025-11-11 18:00:00+00:00,103397.5390625,235.3999938964844,0.00040318261638840237,-0.006098623303295905,0.00227664987030488,0.002389508055367161,7.987353389340847e-05,-1.4129609591694123
2025-11-11 19:00:00+00:00,103111.40625,234.0,-0.002771143837607855,-0.005965053540200968,0.002269390055961922,0.002386500755687264,8.095346080113516e-05,-1.4466422876352116
2025-11-11 20:00:00+00:00,102809.6015625,231.17999267578125,-0.0029312687113049415,-0.012124519173468247,0.0022486225912979768,0.002382842801986336,8.215358195062895e-05,-1.6337718636421739
2025-11-12 14:00:00+00:00,103953.8203125,230.00010681152344,0.011068015998763855,-0.0051168228632177465,0.002212521926756615,0.002378906662227016,8.456741015528183e-05,-1.967480559767493
2025-11-12 15:00:00+00:00,102100.9453125,226.2100067138672,-0.017984781251488804,-0.01661597227147339,0.002215552520317094,0.002375204398619305,8.678378058926499e-05,-1.8396511101287494
2025-11-12 16:00:00+00:00,101450.7890625,224.12939453125,-0.00638813973241074,-0.009240261815075392,0.0022092424968047546,0.002371759625780577,8.920809159473424e-05,-1.821775649165611
2025-11-12 17:00:00+00:00,101761.6171875,222.57000732421875,0.0030591475504860672,-0.006981847457438886,0.002187170501763197,0.002368360727564389,9.229032184115315e-05,-1.9632635598893038
2025-11-12 18:00:00+00:00,101577.359375,222.07989501953125,-0.0018123221238544984,-0.0022044871733466354,0.0021863129380993644,0.0023640641338229054,9.467417156222272e-05,-1.8775046328947018
2025-11-12 19:00:00+00:00,101276.109375,222.0399932861328,-0.002970126400267995,-0.0001796890189179408,0.0021924222272794317,0.002359387566673463,9.612023624939932e-05,-1.737046702224213
2025-11-12 20:00:00+00:00,101512.3671875,224.5800018310547,0.002330092157091912,0.01137448371286961,0.0022123412944970605,0.0023547628880590294,9.641304959884821e-05,-1.4772024550053267
2025-11-13 14:00:00+00:00,102881.2265625,221.9250030517578,0.013394547410780418,-0.011892498591947335,0.0021570991177573017,0.002349336519767397,9.823650389308939e-05,-1.9568835859560618
2025-11-13 15:00:00+00:00,101301.1953125,218.30499267578125,-0.015476971768491556,-0.01644636670228793,0.0021550090500150657,0.0023442971614214474,0.00010033354009603651,-1.8865885846866388
2025-11-13 16:00:00+00:00,100566.234375,218.0030059814453,-0.007281651984054038,-0.001384282403662217,0.0021677554831031755,0.0023395481080507553,0.00010184777608743834,-1.6867587251006095
2025-11-13 17:00:00+00:00,99718.5859375,212.07000732421875,-0.008464480704604966,-0.02759240821196561,0.0021266848635131726,0.0023340418680939464,0.00010428838514246366,-1.988303916083394
2025-11-13 18:00:00+00:00,98686.3671875,213.0970001220703,-0.010405265058952968,0.004831018292845827,0.002159335744087072,0.002329550878373772,0.00010592785197174609,-1.6068968747907866
2025-11-13 19:00:00+00:00,98650.9921875,209.00999450683597,-0.00035852309457224524,-0.019365390252302626,0.0021186811188840683,0.002323123583545804,0.00010683945650368026,-1.9135483402116835
2025-11-13 20:00:00+00:00,98099.3203125,208.47000122070312,-0.005607852040870757,-0.0025869195784334036,0.0021250911887728896,0.002316749118540476,0.00010705834334613075,-1.7902194614382954
2025-11-14 14:00:00+00:00,96388.0078125,199.16000366210935,-0.01759864443762262,-0.04568661168812224,0.00206623218159595,0.002310174155152479,0.00011013568527843339,-2.214922192927938
2025-11-14 15:00:00+00:00,96787.4140625,206.19239807128903,0.004135172220827563,0.03470116396793202,0.002130363746862183,0.0023043274083088213,0.00011021580614409981,-1.5783912265650222
2025-11-14 16:00:00+00:00,97009.90625,206.22999572753903,0.0022961337638077463,0.0001823259692949478,0.0021258653234451407,0.0022983277672531757,0.0001099649165953119,-1.5683406048742232
2025-11-14 17:00:00+00:00,95912.78125,202.7100067138672,-0.011373849717799757,-0.017215610746239424,0.002113482729538376,0.002292090428326053,0.00010965334710202192,-1.6288394609742245
2025-11-14 18:00:00+00:00,95129.7421875,199.74749755859372,-0.0081975827522368,-0.01472236265170015,0.0020997376106086036,0.0022860193072135725,0.00011005707712666642,-1.692591712122015
2025-11-14 19:00:00+00:00,95615.3046875,199.52999877929688,0.005091231010138523,-0.0010894618544979306,0.0020867998008417357,0.0022803063102304687,0.00011136758509651898,-1.7375478620733908
2025-11-14 20:00:00+00:00,94260.015625,199.7100067138672,-0.014275810857133607,0.0009017530522567214,0.0021187139147990906,0.002274831793535675,0.00011109829322220316,-1.4052230165619128
2025-11-21 14:00:00+00:00,85038.8671875,172.77000427246094,-0.10294867425271463,-0.14490509298293025,0.0020316592869414033,0.0022674454444629637,0.00011230127595481195,-2.099585739492725
2025-11-21 15:00:00+00:00,82816.7109375,171.12989807128906,-0.02647854906338633,-0.009538348948211567,0.0020663691679380643,0.002260540377785169,0.00011170389339467257,-1.738267162819997
2025-11-21 16:00:00+00:00,84550.140625,174.6999969482422,0.020714874615861852,0.02064729370378679,0.0020662295255436448,0.002253837477659317,0.00011108415743349804,-1.688881263090878
2025-11-21 17:00:00+00:00,84845.890625,170.9499969482422,0.0034918208923738745,-0.02169910143789512,0.0020148294241356156,0.002246535833141655,0.00011216895903044783,-2.065690998729369
2025-11-21 18:00:00+00:00,84544.875,173.60000610351562,-0.003554100965884386,0.015382739151195984,0.00205334748089125,0.0022400038908922653,0.00011181094209031716,-1.6693930532330226
2025-11-21 19:00:00+00:00,84153.5390625,170.63999938964844,-0.004639482138900252,-0.017197766798491713,0.002027722200285787,0.0022339104039341,0.00011326628817385729,-1.8203845731381774
2025-11-21 20:00:00+00:00,84495.0546875,170.3300018310547,0.004050031894397542,-0.0018183279637295996,0.002015857643515472,0.0022274235505303523,0.00011443693456603746,-1.8487554548465568
2025-11-24 14:00:00+00:00,85833.9765625,171.0800018310547,0.015721917097416493,0.00439355143909468,0.001993150133344723,0.002220587083424883,0.00011599143414606709,-1.9608081558311499
2025-11-24 15:00:00+00:00,86539.2578125,173.38999938964844,0.008183233183899444,0.013412094974850425,0.002003599334828169,0.0022140970419635853,0.00011706990215316309,-1.7980514484416423
2025-11-24 16:00:00+00:00,87185.5703125,174.60000610351562,0.007440680630727271,0.0069542893261620815,0.002002625038497716,0.0022070961459052267,0.00011694484157666027,-1.7484405866117216
2025-11-24 17:00:00+00:00,88394.140625,175.25999450683594,0.01376684576992255,0.0037728759221264353,0.001982710542436884,0.002199215938554683,0.0001158459532120153,-1.8689077185248086
2025-11-24 18:00:00+00:00,88674.8671875,177.6300048828125,0.0031708179898012165,0.01343220841570249,0.002003160653257251,0.0021928140793679154,0.00011589082350176669,-1.6364835487407947
2025-11-24 19:00:00+00:00,88234.0546875,177.62879943847656,-0.004983506853563946,-6.7862883130762414e-06,0.0020131546721681034,0.0021870250768366035,0.00011604793083280861,-1.498263721039515
2025-11-24 20:00:00+00:00,89143.7421875,179.14999389648438,0.010257151589817827,0.008527433269507922,0.0020096754915187452,0.002181202360318655,0.00011603551726691842,-1.4782272948837165
2025-11-25 14:00:00+00:00,86611.1171875,172.13999938964844,-0.028821966331483553,-0.03991531400600045,0.0019875046642914363,0.0021750023880119347,0.0001162851210846756,-1.6123965127401625
2025-11-25 15:00:00+00:00,86947.859375,173.00999450683594,0.003880440144549736,0.005041268869213516,0.001989813156418906,0.0021685208774254216,0.00011557459434746742,-1.5462543651180163
2025-11-25 16:00:00+00:00,87068.2578125,174.81500244140625,0.00138376213258247,0.010378921317528992,0.00200779258519066,0.0021628756481014825,0.00011500437465510166,-1.348497075662705
2025-11-25 17:00:00+00:00,87681.09375,173.46690368652344,0.007013913864511418,-0.007741461521898397,0.0019783843502354055,0.0021567236532716366,0.00011483318325848157,-1.5530293420047552
2025-11-25 18:00:00+00:00,87241.4765625,167.60000610351562,-0.005026430977910853,-0.034406599875363195,0.0019211046477812257,0.0021506383329805857,0.00011749771596221718,-1.9535161455663475
2025-11-25 19:00:00+00:00,86819.25,169.2700958251953,-0.0048514952109025575,0.009915414844262265,0.0019496839217707515,0.0021451068279726144,0.00011903138010632081,-1.6417763620593822
2025-11-25 20:00:00+00:00,87396.9609375,172.1699981689453,0.006632138903191111,0.016986710843823808,0.0019699769456751346,0.0021394606331280623,0.00011917219849847406,-1.422174715146317
2025-11-26 14:00:00+00:00,86955.6640625,171.6051025390625,-0.005062129891742603,-0.0032864284653204563,0.0019734781441691955,0.002133925839528204,0.00011903852088433476,-1.347863650917751
2025-11-26 15:00:00+00:00,86897.2265625,172.00010681152344,-0.0006722637971765776,0.0022991761225844274,0.001979350936911824,0.00212824700002836,0.00011813125328849479,-1.260429047958279
2025-11-26 16:00:00+00:00,87812.828125,174.30990600585938,0.01048147969002433,0.01333968618063564,0.0019850164233149665,0.002122489030841954,0.00011651480239010334,-1.1798724686217579
2025-11-26 17:00:00+00:00,89942.109375,180.0,0.02395863802707653,0.032122066899085276,0.002001287286353462,0.0021169733746591603,0.0001142285023725771,-1.012760264757453
2025-11-26 18:00:00+00:00,90073.109375,179.1699981689453,0.0014554327576774323,-0.0046217852980538375,0.001989161908722498,0.0021119244061776643,0.00011304549851170663,-1.0859565314089297
2025-11-26 19:00:00+00:00,89989.7578125,177.67999267578125,-0.0009258051896585484,-0.008350927227387596,0.001974446837005496,0.0021070499728925722,0.00011255363034549197,-1.178132908552489
2025-11-26 20:00:00+00:00,89914.125,175.77000427246094,-0.0008408136141747753,-0.01080779183285106,0.0019548653147929865,0.0021016647713993034,0.00011196509914364525,-1.3111179977430385
2025-11-28 14:00:00+00:00,92148.7578125,186.0399932861328,0.024549155808481746,0.05678532173567856,0.0020189093993505406,0.0020972287621729797,0.00010982768649021593,-0.7131112866464341
2025-11-28 15:00:00+00:00,92350.546875,179.36000061035156,0.0021874244274495023,-0.03656670554080528,0.0019421650080006802,0.0020917807614487267,0.00010926629036126123,-1.3692764067799863
2025-11-28 16:00:00+00:00,90971.75,176.6746063232422,-0.0150426096326646,-0.015085304406255844,0.0019420820894754931,0.002086328271889081,0.00010842050690195578,-1.3304326509377875
2025-12-01 14:00:00+00:00,86161.53125,159.83999633789062,-0.05432521390180573,-0.10013636633138683,0.001855120191331217,0.0020796532013108516,0.0001101361228148306,-2.0386863477765322
2025-12-01 15:00:00+00:00,84637.1953125,158.010498046875,-0.017849973964372164,-0.011511817834790375,0.001866915573743481,0.002073266964307625,0.00011118998797032256,-1.8558450660073882
2025-12-01 16:00:00+00:00,84513.078125,157.93499755859375,-0.0014675377964606339,-0.0004779336358235818,0.0018687639956149538,0.002066281205466147,0.00011064154806537677,-1.7851992610812206
2025-12-01 17:00:00+00:00,84953.6953125,162.35000610351562,0.005200053927267918,0.027570995625118718,0.0019110411325406773,0.0020600588972704338,0.0001086481734567831,-1.3715625397884041
2025-12-01 18:00:00+00:00,85179.3203125,163.3300018310547,0.0026523380126056545,0.00601816913216231,0.001917484211330178,0.0020538252936038353,0.00010583741918132208,-1.2882124614175996
2025-12-01 19:00:00+00:00,85033.78125,168.110107421875,-0.0017100810293871856,0.028846460766479003,0.001976980265379825,0.002048830800188418,0.00010215057572624182,-0.7033786574159749
2025-12-01 20:00:00+00:00,85469.125,171.5,0.005106595607362511,0.019964100563700002,0.002006572548859018,0.0020444505084033695,9.808659476488553e-05,-0.3861685649822517
2025-12-02 14:00:00+00:00,89157.0625,181.0399932861328,0.0422443619711235,0.0541346976342933,0.0020305737785622177,0.00204081636152444,9.436242133634204e-05,-0.10854514770995739
2025-12-02 15:00:00+00:00,90948.328125,177.91000366210938,0.019891960855823693,-0.017440139209548195,0.0019561657408104153,0.002036543758425337,9.22358202126761e-05,-0.871440373485995
2025-12-02 16:00:00+00:00,90902.4296875,184.7476959228516,-0.0005047923805955135,0.037713263395590495,0.0020323735741494295,0.002033490775989209,8.919160072805712e-05,-0.012525863765868677
2025-12-02 17:00:00+00:00,91497.4296875,184.0449981689453,0.006524150978288741,-0.003810805450102008,0.002011477249115434,0.0020301946885277204,8.619031299812045e-05,-0.21716407286622572
2025-12-02 18:00:00+00:00,91862.984375,186.4600067138672,0.003987285627397302,0.013036491899329337,0.0020297621287014406,0.002027571215643358,8.36906387447436e-05,0.02617871115507898
2025-12-02 19:00:00+00:00,91951.6484375,183.44500732421875,0.0009647117644528883,-0.01630183990267454,0.001995015972431503,0.0020243829328822267,8.114584676560056e-05,-0.36190343216891363
2025-12-02 20:00:00+00:00,91046.8828125,181.25,-0.009888308840929384,-0.01203764123809881,0.0019907326247869724,0.0020210214395073524,7.819049087161547e-05,-0.3873721009133011
2025-12-03 14:00:00+00:00,92663.9140625,180.9501037597656,0.017604550628986613,-0.001655970308421213,0.001952756966835205,0.0020166950340463215,7.452051283576655e-05,-0.8579928502642986
2025-12-03 15:00:00+00:00,92391.71875,182.72999572753903,-0.002941769506407064,0.009788306708861596,0.0019777746122678235,0.0020137062922881634,7.235864548815044e-05,-0.49657756551321947
2025-12-03 16:00:00+00:00,92271.6875,182.8500061035156,-0.001300000572305251,0.0006565478400699993,0.001981648012056955,0.002010816941655528,7.004490136193208e-05,-0.4164318748605693
2025-12-03 17:00:00+00:00,93017.203125,185.97000122070312,0.008047105744183726,0.016919198970622024,0.0019993076008831363,0.002008009476951861,6.695569643883084e-05,-0.12996468607677947
2025-12-03 18:00:00+00:00,92572.125,185.9600067138672,-0.00479638546849398,-5.374401970866176e-05,0.0020088121204289862,0.0020060449312337913,6.511867683858723e-05,0.042494555011523626
2025-12-03 19:00:00+00:00,93015.546875,187.76499938964844,0.004778579463905741,0.009659544751474588,0.002018641030428801,0.002003700019339487,6.196181902844053e-05,0.2411325445829161
2025-12-03 20:00:00+00:00,92913.59375,188.3699951171875,-0.0010966880702588315,0.0032169101950536394,0.0020273674444670534,0.00200217812476587,6.01857686308624e-05,0.41852617776932216
2025-12-04 14:00:00+00:00,91918.953125,188.28900146484372,-0.010762717314359694,-0.00043006355524275846,0.002048424128686395,0.0020009003404310947,5.831684142045122e-05,0.8149239070179491
2025-12-04 15:00:00+00:00,93007.4921875,188.9199981689453,0.011772806568196372,0.0033456110182005414,0.0020312341911992303,0.0020003170405911495,5.782525756168858e-05,0.5346651603773326
2025-12-04 16:00:00+00:00,92479.0625,188.25999450683597,-0.005697783518599551,-0.0034996783952242227,0.0020357039682018397,0.001998739377613477,5.54599583633144e-05,0.6665095264985595
2025-12-04 17:00:00+00:00,92425.2890625,187.41000366210935,-0.0005816351920499539,-0.0045252072262521635,0.002027691831565478,0.001997103152748816,5.304127214514679e-05,0.5766957989423108
2025-12-04 18:00:00+00:00,92071.109375,183.47999572753903,-0.00383942587048108,-0.021193103270950368,0.00199280748296663,0.0019950918986392867,5.079382632900553e-05,-0.04497427813096941
2025-12-04 19:00:00+00:00,92028.8671875,186.0,-0.0004589048736460289,0.013641027269934342,0.0020211049606972,0.001993781354474097,4.903192622986723e-05,0.5572615298653965
2025-12-04 20:00:00+00:00,92529.390625,186.1100006103516,0.005424028927800889,0.00059122632219165,0.0020113609238453967,0.0019925240398574913,4.755111738172412e-05,0.39613967084494184
2025-12-05 14:00:00+00:00,90270.2109375,184.78419494628903,-0.024718814490204504,-0.007149269667714726,0.002047011888276491,0.0019913290060821144,4.5167254494348416e-05,1.2328152954557816
2025-12-05 15:00:00+00:00,90320.109375,178.04769897460938,0.0005526147656584779,-0.03713714420614572,0.001971296317139888,0.0019903229565854225,4.492532802131751e-05,-0.42351698437251406
2025-12-05 16:00:00+00:00,88878.6875,178.36000061035156,-0.016087752692142923,0.0017524970197638956,0.002006780316263689,0.001989329809057516,4.386177415265899e-05,0.3978522880865964
2025-12-05 17:00:00+00:00,89371.1640625,179.98500061035156,0.005525702392051013,0.009069534294290292,0.0020139046245887826,0.0019884577273749354,4.2814575027510986e-05,0.5943512740111518
2025-12-05 18:00:00+00:00,89003.90625,179.21200561523438,-0.004117821294260116,-0.004304023558135293,0.0020135296658986175,0.001988436064737652,4.2801332508859347e-05,0.5862808396390805
2025-12-05 19:00:00+00:00,89725.2890625,179.3878936767578,0.00807239945954558,0.0009809711378922098,0.00199930137368297,0.0019875352962841807,4.197278572924373e-05,0.2803263398977044
2025-12-05 20:00:00+00:00,89336.2421875,178.99000549316406,-0.004345405564969803,-0.002220496007153584,0.0020035542251430013,0.001987132496698468,4.169563927706851e-05,0.39384762361863845
2025-12-08 14:00:00+00:00,90846.3125,178.61300659179688,0.01676195202265919,-0.0021084779954014315,0.0019661007879851686,0.0019863032157729625,4.160935969699063e-05,-0.485526043537147
2025-12-08 15:00:00+00:00,90054.5625,183.30389404296875,-0.008753468500681833,0.025923907664156264,0.002035475926530305,0.001987008645659389,4.208349396075127e-05,1.151693367383383
2025-12-08 16:00:00+00:00,89968.3125,183.01010131835935,-0.0009582116339308472,-0.0016040489379228096,0.002034161764658633,0.001987518019489897,4.247088840147867e-05,1.0982521657614321
2025-12-08 17:00:00+00:00,90282.9609375,182.7400054931641,0.0034912236800792025,-0.0014769421485496617,0.002024080774440585,0.0019878756150889442,4.2690003173166834e-05,0.8480945575192175
2025-12-08 18:00:00+00:00,89760.9296875,181.9949951171875,-0.0057989494793134295,-0.004085220287903874,0.002027552474676874,0.001988622980626278,4.298951543070661e-05,0.9055578705776581
2025-12-08 19:00:00+00:00,90099.9375,183.5050048828125,0.0037696717385473045,0.008262754345848047,0.00203668293202548,0.001989181685272415,4.339755006189816e-05,1.0945605612601146
2025-12-08 20:00:00+00:00,90736.6796875,183.6300048828125,0.007042211128291235,0.0006809484331657247,0.002023768177491617,0.0019893585770278067,4.3518384510313684e-05,0.7906911263136445
2025-12-09 14:00:00+00:00,90243.671875,183.52999877929688,-0.0054482050425513654,-0.0005447549024473525,0.0020337159932223435,0.0019897592520562,4.381825108508622e-05,1.0031605570196869
2025-12-09 15:00:00+00:00,92724.46875,193.1199951171875,0.027118917026055463,0.05093359684625991,0.0020827295936078094,0.001991346334211473,4.543006919139542e-05,2.0115148627958654
2025-12-09 16:00:00+00:00,94288.1015625,194.92999267578125,0.016722611194743935,0.009328750119073978,0.0020673869708424403,0.001992639231118532,4.647746179833516e-05,1.608257784132823
2025-12-09 17:00:00+00:00,93842.578125,193.3249969482422,-0.004736327653748321,-0.008267787475004403,0.0020600989530650984,0.001993511003916439,4.725063061807309e-05,1.4092499566172945
2025-12-09 18:00:00+00:00,93986.015625,193.38999938964844,0.001527323662702491,0.0003361775086768434,0.0020576465350043765,0.0019948320403292553,4.7923764671777214e-05,1.3107170337165368
2025-12-09 19:00:00+00:00,93815.1640625,190.13999938964844,-0.0018194945305331015,-0.01694823249726829,0.002026751232487069,0.001996592816741019,4.710277842760099e-05,0.6402682973872664
2025-12-09 20:00:00+00:00,93102.7734375,188.9900054931641,-0.007622533009527379,-0.006066507048029146,0.0020299073648974947,0.001997929874126465,4.6886770159753854e-05,0.6820152179831332
2025-12-10 14:00:00+00:00,91787.484375,187.0800018310547,-0.014228021168225566,-0.01015779002760925,0.002038186394418816,0.001999066698272193,4.70242387576671e-05,0.8319049320122148
2025-12-10 15:00:00+00:00,92012.4921875,187.17999267578125,0.0024483999303154427,0.000534338954594598,0.002034288912578871,0.002000080211079021,4.711861350880829e-05,0.7260124811069625
2025-12-10 16:00:00+00:00,92173.6953125,185.4250030517578,0.001750437080532153,-0.00942017751902858,0.0020116911058312716,0.002000619213894345,4.706240704006995e-05,0.2352597887205365
2025-12-10 17:00:00+00:00,92395.203125,186.6000061035156,0.002400273510035329,0.006316817041529275,0.002019585430761675,0.002001195364018457,4.7079754293955205e-05,0.3906151809628069
2025-12-10 18:00:00+00:00,92372.96875,186.08999633789065,-0.00024067321640617743,-0.00273691314843182,0.0020145503479651957,0.002001416415045319,4.7111319293970166e-05,0.2787850800339952
2025-12-10 19:00:00+00:00,92979.0546875,187.5977020263672,0.006539859521761771,0.008069379196801878,0.0020176340000108393,0.002001890949900125,4.7129183097833616e-05,0.3340403774458421
2025-12-10 20:00:00+00:00,92528.1640625,184.50999450683597,-0.004861174847588513,-0.01659615438854242,0.001994095488398592,0.002002218427423343,4.7003351749299566e-05,-0.17281616570826702
2025-12-11 14:00:00+00:00,89595.6015625,176.34500122070312,-0.032206845454508616,-0.04526132228748153,0.0019682327943039545,0.002002441218748526,4.680636587312879e-05,-0.7308498279335611
2025-12-11 15:00:00+00:00,89825.3515625,172.22250366210938,0.002561017780502361,-0.023655043751851425,0.0019173039756184853,0.0020007477950196584,4.8022665102385264e-05,-1.7375924310587354
2025-12-11 16:00:00+00:00,89662.6328125,174.48500061035156,-0.001813144151622776,0.013051514817525464,0.0019460169207302861,0.0020008119935651515,4.7945534746755634e-05,-1.142860813301769
2025-12-11 17:00:00+00:00,89994.71875,177.18499755859375,0.003696885352354,0.015355589135886848,0.0019688377275871396,0.0020012579208670126,4.7512514820215106e-05,-0.6823506059940072
2025-12-11 18:00:00+00:00,90654.0859375,179.7100067138672,0.007300021904882154,0.0141501072071459,0.0019823707321671674,0.0020033787632142783,4.355388565345084e-05,-0.48234573636592265
2025-12-11 19:00:00+00:00,90834.9921875,181.35499572753903,0.0019935779252880695,0.009111934882218009,0.001996532298403122,0.0020055390419586056,3.971597896419865e-05,-0.22677883789802683
2025-12-11 20:00:00+00:00,91813.8203125,183.3300018310547,0.01071824647856222,0.010831404777085923,0.0019967582353840386,0.0020076722792880903,3.545367645862863e-05,-0.3078395527410949
2025-12-12 14:00:00+00:00,92588.9921875,180.2899932861328,0.008407425359275439,-0.01672118924784378,0.0019472076434424448,0.0020082750544697867,3.4063107107349874e-05,-1.7927727742183923
2025-12-12 15:00:00+00:00,89817.984375,179.88499450683594,-0.03038503302791357,-0.0022489010270844217,0.002002772560067661,0.0020096965269487447,3.192243934456528e-05,-0.21689968007606195
2025-12-12 16:00:00+00:00,89982.59375,179.42999267578125,0.0018310221547258487,-0.002532608382549192,0.0019940522405288105,0.0020099810598678946,3.170120520522354e-05,-0.5024673111311067
2025-12-12 17:00:00+00:00,90056.2265625,181.9149932861328,0.0008179659973071388,0.01375438920407146,0.0020200157194003887,0.0020102051127102506,3.172420418534743e-05,0.30924673895111743
2025-12-12 18:00:00+00:00,90354.390625,180.4499969482422,0.0033053967512311337,-0.008085793932413377,0.001997135896773054,0.0020096478146804314,3.165394712083932e-05,-0.3952719659135427
2025-12-12 19:00:00+00:00,90169.8515625,178.36500549316406,-0.002044480281910197,-0.011621670821895328,0.0019781002452857847,0.0020100133897550205,3.114843302981717e-05,-1.0245505588896426
2025-12-12 20:00:00+00:00,90212.9296875,176.44000244140625,0.0004776301321049803,-0.010851154281199057,0.00195581723210408,0.0020087374507209315,3.1778585787729704e-05,-1.665279222000017
2025-12-15 14:00:00+00:00,88136.921875,165.08999633789062,-0.02328122577612822,-0.06649013151649853,0.0018731082595785358,0.0020064313008953164,3.6278467194981534e-05,-3.674991024296181
2025-12-15 15:00:00+00:00,86956.4140625,166.45010375976562,-0.013484530339447107,0.008204829832538823,0.001914178563528729,0.002004504908142438,3.804437293794208e-05,-2.374236651529229
2025-12-15 16:00:00+00:00,86324.3125,164.39999389648438,-0.007295726175771344,-0.012393141893741693,0.0019044460261005193,0.0020029954090369216,4.016493730703614e-05,-2.4536172478760045
2025-12-15 17:00:00+00:00,85712.1484375,161.91000366210938,-0.007116708201024686,-0.015261797579231486,0.0018889971446716413,0.002001299817701666,4.275528230740612e-05,-2.626638557139678
2025-12-15 18:00:00+00:00,86227.8515625,164.2100067138672,0.00599865850199732,0.014105489472765893,0.001904373166422265,0.002000493421028117,4.4120825354593485e-05,-2.1785688239815513
2025-12-15 19:00:00+00:00,86203.125,161.88999938964844,-0.0002867995433584866,-0.014229048906353691,0.0018780061556892332,0.001998830613418474,4.679078511303723e-05,-2.5822276210444643
2025-12-15 20:00:00+00:00,85892.359375,162.0399932861328,-0.0036115527831888415,0.0009260884178426412,0.0018865472373238415,0.0019972456005062553,4.894390693192865e-05,-2.261739409899857
2025-12-16 14:00:00+00:00,87215.671875,168.37240600585938,0.01528916097421558,0.03833505165795627,0.0019305292545034284,0.0019960992947332602,4.969446197068889e-05,-1.3194637315624187
2025-12-16 15:00:00+00:00,87875.8828125,167.6750030517578,0.00754135820702114,-0.004150628372816093,0.0019080889737349723,0.0019944205756216933,5.094329653952704e-05,-1.6946606865092866
2025-12-16 16:00:00+00:00,87626.015625,164.23500061035156,-0.0028474604383442897,-0.020729267476406424,0.001874272148960916,0.0019920144275972283,5.314189342575677e-05,-2.215620691061885
2025-12-16 17:00:00+00:00,87142.9453125,164.02999877929688,-0.005528115978143929,-0.0012490022273845634,0.001882309556913358,0.0019895967961380003,5.4780643574106036e-05,-1.958488112311175
2025-12-16 18:00:00+00:00,87730.515625,165.41000366210938,0.006719973636658181,0.008377931911274422,0.0018854329361193626,0.001986880276261883,5.584495813216049e-05,-1.81658906256925
2025-12-16 19:00:00+00:00,87613.0234375,166.7949981689453,-0.001340137260973966,0.00833824008457834,0.0019037694582921328,0.0019847558640467646,5.6549101543302375e-05,-1.4321431029742646
2025-12-16 20:00:00+00:00,87656.7421875,167.47999572753906,0.000498873844565331,0.004098413162370073,0.0019106344993896202,0.0019826713728998946,5.694300055453698e-05,-1.265069855974333
2025-12-17 14:00:00+00:00,89451.8046875,170.06719970703125,0.0202714550139455,0.015329735696440807,0.0019012159710042882,0.0019805634418905414,5.75855078031995e-05,-1.3779069407085192
2025-12-17 15:00:00+00:00,87302.0546875,164.0500030517578,-0.024325986620633303,-0.036022373327389307,0.0018791081566061545,0.001978668453117867,5.902845496697985e-05,-1.6866492027854325
2025-12-17 16:00:00+00:00,86909.4375,164.9600067138672,-0.004507370292090358,0.005531782958901538,0.0018980678216202606,0.001976617834133251,5.966295923566126e-05,-1.3165624621924603
2025-12-17 17:00:00+00:00,86422.5234375,164.1300048828125,-0.0056182984449476715,-0.005044234475111057,0.0018991577467824098,0.001974747781182201,6.0310441312595764e-05,-1.253349051252995
2025-12-17 18:00:00+00:00,85754.4453125,162.94940185546875,-0.0077604046894503564,-0.0072190919410155385,0.0019001860633773631,0.0019723006841005494,6.0307357126039675e-05,-1.195784795750043
2025-12-17 19:00:00+00:00,85976.78125,162.5800018310547,0.002589349254362357,-0.002269534971582663,0.0018909756735171414,0.0019709620067068366,6.121466635657577e-05,-1.3066530939460552
2025-12-17 20:00:00+00:00,85852.1484375,160.47500610351562,-0.0014506618249128867,-0.013031994349010267,0.0018692019829921992,0.0019686690344856454,6.241517295458963e-05,-1.5936357585008025
2025-12-18 14:00:00+00:00,88299.4140625,165.43499755859375,0.028106859318279064,0.0304401484368242,0.00187356846378953,0.0019663300984723246,6.331428169362616e-05,-1.4650981137504229
2025-12-18 15:00:00+00:00,88502.203125,164.7449951171875,0.0022939739427075,-0.004179559398914159,0.0018614790287706468,0.001963795921186858,6.442625821373071e-05,-1.5881240856295027
2025-12-18 16:00:00+00:00,87928.2421875,160.57269287109375,-0.006506393624753411,-0.025652039150121896,0.0018261788121350729,0.0019609105451610597,6.664758441032043e-05,-2.021554632745602
2025-12-18 17:00:00+00:00,86302.8359375,161.56500244140625,-0.018658593212911575,0.006160798462139328,0.001872070606792234,0.0019587191515218804,6.737927670124326e-05,-1.2859821145578947
2025-12-18 18:00:00+00:00,85972.5546875,160.63119506835938,-0.0038343451546599783,-0.005796530157120963,0.0018684008594630536,0.001957090819379845,6.837110428747509e-05,-1.2971848391373528
2025-12-18 19:00:00+00:00,84542.4453125,158.6750030517578,-0.016774394141977927,-0.012252918999415665,0.0018768679148708862,0.001954447352518855,6.835526346390754e-05,-1.1349446072859002
2025-12-18 20:00:00+00:00,84765.296875,158.2100067138672,0.0026325044362287358,-0.0029347975278921075,0.001866447857159908,0.0019516521207272096,6.846931825357964e-05,-1.2444152467203378
2025-12-19 14:00:00+00:00,88094.3203125,164.55999755859375,0.038521838146600464,0.039351923611338505,0.0018679978116051571,0.0019490507380132858,6.863572561596657e-05,-1.1809145409438713
2025-12-19 15:00:00+00:00,87873.5234375,166.32000732421875,-0.0025095152178952005,0.010638457077928336,0.0018927203646558427,0.0019468035361796018,6.822799519327184e-05,-0.7926829942834431
2025-12-19 16:00:00+00:00,87944.4453125,164.32000732421875,0.0008067648528868694,-0.012097896833519717,0.0018684523705883571,0.0019439996934889833,6.792785401068949e-05,-1.1121700221640691
2025-12-19 17:00:00+00:00,87302.953125,164.58250427246094,-0.007321022262333223,0.0015961994495056924,0.001885188282655369,0.0019416900285750456,6.752439679166754e-05,-0.836760468871731
2025-12-19 18:00:00+00:00,87163.515625,164.50999450683594,-0.0015984450271494272,-0.0004406649623879224,0.0018873721800598373,0.001939250965022337,6.67829540567027e-05,-0.7768267471135157
2025-12-19 19:00:00+00:00,87817.0390625,164.2200927734375,0.007469704017757793,-0.0017637680259266432,0.001870025390591465,0.0019357058949720648,6.464896425752505e-05,-1.015956019325626
2025-12-19 20:00:00+00:00,87909.09375,164.5,0.0010477063877442384,0.0017030129910895599,0.0018712512321855212,0.0019324369659944496,6.281033735058703e-05,-0.9741347744625121
2025-12-22 14:00:00+00:00,90079.375,168.11000061035156,0.024387971118857356,0.02170796047020848,0.0018662429730485093,0.001929206032994173,6.109466068431183e-05,-1.0305820384371442
2025-12-22 15:00:00+00:00,89738.3046875,168.55999755859375,-0.0037935171014856005,0.0026732243363980536,0.0018783505900359754,0.0019262177672446994,5.9056770428641096e-05,-0.8105281894234716
2025-12-22 16:00:00+00:00,89565.0234375,165.5749969482422,-0.001932828640246135,-0.01786750907226188,0.0018486568818215433,0.0019232495280669408,5.839005495761033e-05,-1.2774888857280553
2025-12-22 17:00:00+00:00,89264.734375,166.26919555664062,-0.0033583822783540716,0.004183888925800066,0.001862652667044814,0.0019204619497693962,5.7191969686649026e-05,-1.0107937013065902
2025-12-22 18:00:00+00:00,89149.2421875,165.27999877929688,-0.0012946542177563036,-0.005967136879910349,0.0018539697559254351,0.0019173916724611732,5.568996093854748e-05,-1.1388393072446685
2025-12-22 19:00:00+00:00,88039.9375,163.92999267578125,-0.01252129709896117,-0.008201535226237629,0.001861995786580167,0.0019145201203611948,5.3975814412569925e-05,-0.9731086849297422
2025-12-22 20:00:00+00:00,88403.3203125,164.32000732421875,0.004118982280968817,0.0023763279937227114,0.0018587537972935653,0.0019119711652188997,5.290986514991052e-05,-1.0058118230797353
2025-12-23 14:00:00+00:00,86656.34375,159.1999969482422,-0.019959304358121967,-0.03165453651219661,0.0018371418647378853,0.001908930439118503,5.185239957016004e-05,-1.3844793100362218
2025-12-23 15:00:00+00:00,87426.453125,159.82159423828125,0.008847679524801628,0.003896902866985843,0.0018280690629159189,0.0019058224177010152,5.099601485236329e-05,-1.5246947238955288
2025-12-23 16:00:00+00:00,87986.765625,158.63999938964844,0.006388508342334075,-0.007420676743794941,0.001802998419850695,0.0019022451580316794,5.0545860315885505e-05,-1.9634988416606962
2025-12-23 17:00:00+00:00,87378.0,158.3300018310547,-0.006942877814904215,-0.0019560062859982344,0.001812012197933744,0.0018992104365239322,5.040363982200116e-05,-1.729998843300323
2025-12-23 18:00:00+00:00,87947.7109375,157.02999877929688,0.006498909254510905,-0.008244611954973413,0.0017854927331865428,0.001896164768838642,5.1667475297084797e-05,-2.1420058753740485
2025-12-23 19:00:00+00:00,87697.2734375,156.77999877929688,-0.0028516347403885916,-0.0015933211486821842,0.0017877408570864028,0.001894005383529774,5.344587854804385e-05,-1.9882641904342024
2025-12-23 20:00:00+00:00,87651.453125,157.8800048828125,-0.0005226192906120555,0.006991740747525198,0.001801225185139365,0.0018915921879365917,5.431933334469409e-05,-1.6636250342725116
2025-12-24 14:00:00+00:00,86882.3984375,156.72000122070312,-0.00881272782261497,-0.007374500296655828,0.001803817620590225,0.0018888418528199766,5.4519231439336836e-05,-1.5595273444813234
2025-12-24 15:00:00+00:00,86914.6015625,156.85000610351562,0.0003705832133872955,0.0008291921244045134,0.0018046450571452635,0.0018858797582362783,5.417852756193822e-05,-1.4993892367810344
2025-12-24 16:00:00+00:00,87168.1484375,158.49000549316406,0.0029129486325835557,0.010401560953946514,0.0018182100725335723,0.0018829077211384522,5.288117147941421e-05,-1.2234533917249866
2025-12-26 14:00:00+00:00,87382.0,156.21499633789062,0.0024503178188319172,-0.014458294421694445,0.001787725118879067,0.0018794238358633695,5.213382718938763e-05,-1.7589101343200204
2025-12-26 15:00:00+00:00,86991.421875,156.67999267578125,-0.0044797971387582035,0.0029722219692631746,0.001801097042659199,0.0018769886591836486,5.2326040628489566e-05,-1.4503603867770847
2025-12-26 16:00:00+00:00,86831.4453125,158.0802001953125,-0.0018406854087361182,0.008897038365196166,0.001820540929917652,0.0018739514653478152,5.014456064547022e-05,-1.0651311875635698
2025-12-26 17:00:00+00:00,87238.2734375,157.25999450683594,0.004674320940630629,-0.005202048783561599,0.0018026490932274296,0.001870761412892792,4.8433667161557514e-05,-1.4063011053481451
2025-12-26 18:00:00+00:00,87189.5859375,157.96499633789062,-0.0005582537266569878,0.0044730146847172525,0.0018117415588041039,0.001867290176882854,4.4889112561627753e-05,-1.2374630485841773
2025-12-26 19:00:00+00:00,87414.7265625,158.0500030517578,0.002578868145377971,0.0005379916528120798,0.001808047788592633,0.0018641387084131803,4.2174126045270846e-05,-1.3299841651807525
2025-12-26 20:00:00+00:00,87553.0390625,158.8350067138672,0.0015810058306018181,0.004954511849531796,0.0018141575485515968,0.0018614063301342772,3.9915947398073735e-05,-1.1837068806479238
2025-12-29 14:00:00+00:00,87322.015625,159.59500122070312,-0.002642155821600277,0.004773394032948884,0.0018276605284293461,0.0018592703850730317,3.816896280792605e-05,-0.8281560283089905
2025-12-29 15:00:00+00:00,87636.625,157.17999267578125,0.0035963895578176356,-0.015247765012542746,0.0017935422852692153,0.0018579442855012097,3.905200737405773e-05,-1.649134181890396
2025-12-29 16:00:00+00:00,87538.171875,156.10069274902344,-0.0011240559386698295,-0.0068903334747479,0.00178322998305159,0.0018557618091599242,3.951241776555467e-05,-1.8356716751351123
2025-12-29 17:00:00+00:00,87697.2265625,156.72000122070312,0.0018153264990684987,0.0039595160597267675,0.0017870576683404237,0.001853805336530589,3.996461934854442e-05,-1.6701689964325008
2025-12-29 18:00:00+00:00,87357.53125,156.08999633789062,-0.003881022636899795,-0.004028040916558816,0.0017867949575084933,0.0018521019667445367,4.0612037248624083e-05,-1.608070258486135
2025-12-29 19:00:00+00:00,87238.1015625,157.0988006591797,-0.0013680720898158283,0.0064421704727126074,0.0018008048988391774,0.0018503758289514852,4.0553637709856475e-05,-1.222354711233702
2025-12-29 20:00:00+00:00,87121.6796875,155.32000732421875,-0.0013354214081609274,-0.01138735896237345,0.00178279399434609,0.0018487889595957664,4.1309914784468614e-05,-1.5975575256932917
2025-12-30 14:00:00+00:00,88834.1796875,157.1999969482422,0.01946572373303302,0.012031308562752452,0.0017695891097462575,0.0018468396574694733,4.224684853614494e-05,-1.828551723973515
2025-12-30 15:00:00+00:00,88947.28125,158.82620239257812,0.0012723663891844907,0.010291677091890732,0.0017856217768609777,0.001844424532842099,4.151713697622725e-05,-1.4163490130543368
2025-12-30 16:00:00+00:00,88672.234375,157.73500061035156,-0.0030970368754578274,-0.0068941240672859855,0.001778854471437825,0.0018422706244704797,4.15105867120264e-05,-1.527710351881916
2025-12-30 17:00:00+00:00,88334.1015625,157.25680541992188,-0.003820577630898219,-0.0030362412522413006,0.0017802502390161996,0.0018407035926380681,4.2053173575355585e-05,-1.4375455758063416
2025-12-30 18:00:00+00:00,88238.75,157.3300018310547,-0.0010800252804984954,0.00046534953638606473,0.0017830035197807616,0.0018390484920191913,4.2341143935997886e-05,-1.3236527648649785
2025-12-30 19:00:00+00:00,88153.5390625,155.9499969482422,-0.0009661527108836026,-0.008810098405647915,0.001769072445720814,0.0018371091505125488,4.2842447545773906e-05,-1.588067645272664
2025-12-30 20:00:00+00:00,87831.0859375,155.57000732421875,-0.0036645642862571694,-0.002439585306069205,0.0017712408501350115,0.0018349003403765967,4.276370812420213e-05,-1.4886335407746611
2025-12-31 14:00:00+00:00,88323.921875,153.58999633789062,0.005595494893872805,-0.012809147594794325,0.0017389399505522197,0.0018320387645626402,4.335051576822153e-05,-2.147582614891687
2025-12-31 15:00:00+00:00,87911.6328125,153.78500366210938,-0.004678849456579219,0.0012688562855285655,0.001749313472428679,0.0018295070562530465,4.367642599508886e-05,-1.8360839285106498
2025-12-31 16:00:00+00:00,87558.6171875,153.3000030517578,-0.004023657586075183,-0.0031587410847907374,0.0017508271370192808,0.0018273690392599318,4.4341925412731174e-05,-1.7261745295948456
2025-12-31 17:00:00+00:00,87490.890625,154.20449829101562,-0.0007737989866490181,0.005882826715346059,0.0017625206143112755,0.0018251099191381158,4.41313443274605e-05,-1.4182505831324603
2025-12-31 18:00:00+00:00,87575.078125,153.44500732421875,0.0009617803744579612,-0.004937388137001999,0.0017521538160114403,0.001822659853625266,4.4031248634088455e-05,-1.6012727279153491
2025-12-31 19:00:00+00:00,87455.484375,152.67999267578125,-0.0013665472692666453,-0.0049980644572227735,0.0017458023789692291,0.0018200867922184638,4.3934816901151185e-05,-1.6907869086234502
2025-12-31 20:00:00+00:00,87534.90625,151.85000610351562,0.0009077284777727814,-0.005450948219854887,0.0017347366051873234,0.0018174828077463002,4.429071847879756e-05,-1.8682515299133908
2026-01-02 14:00:00+00:00,89565.3359375,154.08009338378906,0.022930727043479426,0.014579322436898549,0.0017203094452892848,0.0018150012654512516,4.54985011882168e-05,-2.0812074615435927
2026-01-02 15:00:00+00:00,89319.90625,159.31500244140625,-0.0027439920531786995,0.03341083564298002,0.001783644980498468,0.001813502540729734,4.5015069482334805e-05,-0.6632792212612924
2026-01-02 16:00:00+00:00,90346.578125,159.7100067138672,0.011428765399248999,0.00247632294007155,0.0017677482648307792,0.0018119403613307363,4.4948241126064615e-05,-0.9831774368214588
2026-01-02 17:00:00+00:00,90283.484375,157.69500732421875,-0.0006985963653310346,-0.012696878564705593,0.0017466650563598028,0.0018106151320678152,4.568741926025294e-05,-1.39973053290072
2026-01-02 18:00:00+00:00,89776.4609375,157.33999633789062,-0.005631733106437759,-0.002253788515411618,0.0017525751705385955,0.0018086235414635876,4.556741182655541e-05,-1.2300099715632442
2026-01-02 19:00:00+00:00,89878.859375,157.19749450683594,0.001139943402850816,-0.0009061040095523444,0.0017489929845567306,0.001806633410215149,4.5519932389574344e-05,-1.2662678223050259
2026-01-02 20:00:00+00:00,89695.359375,157.16000366210938,-0.002043723928163787,-0.0002385236243619341,0.0017521531187031868,0.0018045548302790205,4.510398104986935e-05,-1.1617979246199048
2026-01-05 14:00:00+00:00,93393.625,165.42999267578125,0.040404055310724676,0.05128368235305022,0.0017713199661730792,0.0018029693654292402,4.456014118715635e-05,-0.7102625443494645
2026-01-05 15:00:00+00:00,93883.9453125,164.30999755859375,0.005236307071036508,-0.0067932277398970705,0.0017501394622017126,0.0018010050596058494,4.42415470802999e-05,-1.1497246538827859
2026-01-05 16:00:00+00:00,93715.7734375,162.45050048828125,-0.0017928803003379754,-0.011381529618992517,0.0017334381879334448,0.001798350356660476,4.341605828413143e-05,-1.495118886708256
2026-01-05 17:00:00+00:00,94264.9609375,161.54989624023438,0.0058430356101358055,-0.005559292992390529,0.0017137852138648416,0.001795772570715084,4.37734082840679e-05,-1.8729945888194222
2026-01-05 18:00:00+00:00,94458.9609375,165.37869262695312,0.002055913912826334,0.023423901002012536,0.001750799405218718,0.00179353275609114,4.254150017583319e-05,-1.004509730399628
2026-01-05 19:00:00+00:00,94225.5859375,165.25,-0.002473706754170713,-0.0007784722640360944,0.001753769937919098,0.0017913060520554612,4.10156494651568e-05,-0.915165665443151
2026-01-05 20:00:00+00:00,94148.84375,164.72000122070312,-0.000814783533761932,-0.003212408601485012,0.0017495700919927986,0.0017892984637454834,4.003347286224867e-05,-0.9923788498036702
2026-01-06 14:00:00+00:00,93750.140625,162.82000732421875,-0.004243809243676174,-0.011601729000947532,0.001736744139675457,0.0017870566788703154,3.912219509049126e-05,-1.2860356909545416
2026-01-06 15:00:00+00:00,93480.5390625,158.22999572753906,-0.0028798885875342805,-0.028595697400057515,0.0016926517253152372,0.0017841634914080942,3.9582956617796406e-05,-2.311898198420921
2026-01-06 16:00:00+00:00,92573.4921875,158.3300018310547,-0.009750437064446098,0.0006318303488365115,0.001710316831414011,0.001781362928764395,3.874150478751006e-05,-1.8338497107961764
2026-01-06 17:00:00+00:00,91550.1796875,155.47500610351562,-0.011115605353534525,-0.018196487830974155,0.0016982490546082864,0.001778856131644174,3.9177074204420225e-05,-2.0575063011416233
2026-01-06 18:00:00+00:00,91991.3671875,155.8300018310547,0.004807503883910284,0.0022806949606899505,0.0016939633206389526,0.0017760446425374096,3.911443602014532e-05,-2.098491765449008
2026-01-06 19:00:00+00:00,92048.78125,158.42999267578125,0.0006239297767362403,0.016547127949093344,0.001721152529390836,0.0017738310220951664,3.8381055767243576e-05,-1.3725128621732465
2026-01-06 20:00:00+00:00,92462.4140625,158.25,0.004483559978176937,-0.0011367481326658062,0.0017115062547797082,0.0017713228632318253,3.742724475291703e-05,-1.5982103103503253
2026-01-07 14:00:00+00:00,91896.5,159.0800018310547,-0.006139283721173692,0.0052311708254801385,0.0017310779173423873,0.0017691949318993057,3.597337110039313e-05,-1.059589729595898
2026-01-07 15:00:00+00:00,91265.1015625,164.28500366210938,-0.006894468416634256,0.032195514907875075,0.0018000856937589011,0.0017685773290496561,3.5094422213767136e-05,0.8978168814782371
2026-01-07 16:00:00+00:00,91190.921875,165.139892578125,-0.0008131240634270246,0.00519020174169412,0.001810924697136965,0.0017682915896200069,3.466904645034124e-05,1.2297167612620745
2026-01-07 17:00:00+00:00,91186.109375,161.3800048828125,-5.2775286099686147e-05,-0.02303108582236013,0.0017697871527684367,0.001767738068501969,3.4369358059415216e-05,0.05961950941665122
2026-01-07 18:00:00+00:00,90691.7578125,161.0500030517578,-0.00543609607404813,-0.002046967950634583,0.001775795363727754,0.001767134454598536,3.389334570866794e-05,0.2555342043734294
2026-01-07 19:00:00+00:00,91131.265625,160.44500732421875,0.0048344666171270196,-0.003763644362501125,0.001760592330457045,0.0017667194478863777,3.3817108616996045e-05,-0.18118395332749437
2026-01-07 20:00:00+00:00,90948.8984375,161.6300048828125,-0.0020031533848827564,0.007358552267693278,0.0017771518694521021,0.0017665429647591394,3.373306989676118e-05,0.31449567814109153
2026-01-08 14:00:00+00:00,89924.4453125,163.23460388183594,-0.011327971925625369,0.00987865101221073,0.001815241710021929,0.001766776573507182,3.40245966044817e-05,1.4244147279137274
2026-01-08 15:00:00+00:00,90649.90625,165.0991973876953,0.008035081774922516,0.0113580358998098,0.0018212837080313618,0.0017670676749645343,3.441930415523042e-05,1.5751635425955777
2026-01-08 16:00:00+00:00,90718.8984375,166.60499572753906,0.0007607944590762377,0.009079226099385803,0.0018364971201928794,0.0017675985426819946,3.524444911083272e-05,1.9548774132976343
2026-01-08 17:00:00+00:00,91254.640625,169.3800048828125,0.005888149871914759,0.016519024678076227,0.0018561248362026794,0.001768230455409813,3.64853161230414e-05,2.4090343769108506
2026-01-08 18:00:00+00:00,90985.6640625,168.77999877929688,-0.0029518910021074916,-0.0035486558237049063,0.0018550174966394516,0.0017693519950391528,3.809355050543627e-05,2.248819037964802
2026-01-08 19:00:00+00:00,90819.8046875,166.27749633789062,-0.0018245812092876302,-0.014938027130904656,0.0018308506267992037,0.001769847888108153,3.870259831865844e-05,1.5761923318115159
2026-01-08 20:00:00+00:00,90841.203125,166.91650390625,0.00023558646796727163,0.003835653411087042,0.0018374536902221372,0.0017701297674465608,3.9137213751628846e-05,1.7202022403236226
2026-01-09 14:00:00+00:00,90056.421875,158.82699584960938,-0.008676577963748648,-0.0496781773597028,0.0017636387560463398,0.0017694795951602095,3.8911205251609295e-05,-0.15010686706056725
2026-01-09 15:00:00+00:00,90999.8203125,162.11439514160156,0.010421148300311243,0.02048669546243281,0.0017814803873775677,0.0017689752423031004,3.854856388724613e-05,0.32439976521679603
2026-01-09 16:00:00+00:00,91527.2890625,162.02999877929688,0.005779637009663512,-0.0005207331411221957,0.0017702916850148773,0.001768345973910138,3.8206580610226645e-05,0.050926072777590245
2026-01-09 17:00:00+00:00,91343.59375,158.77999877929688,-0.002009017197926445,-0.020261907130148405,0.0017382718618873792,0.0017670812124657342,3.7919316634086545e-05,-0.7597539495861503
2026-01-09 18:00:00+00:00,90781.109375,157.85000610351562,-0.006176934306996602,-0.0058743349383972585,0.0017387979414468973,0.0017656001693493603,3.724246720329504e-05,-0.7196684300252711
2026-01-09 19:00:00+00:00,90267.0546875,158.4051055908203,-0.005678666464975418,0.0035104574556025394,0.0017548496086330812,0.0017649552914054247,3.70850925094887e-05,-0.27249986688742445
2026-01-09 20:00:00+00:00,90185.78125,157.3300018310547,-0.0009007721333182046,-0.006810189235519059,0.0017445100508130785,0.0017643099592014493,3.709858542433393e-05,-0.5337106027601681
2026-01-12 14:00:00+00:00,90803.7421875,158.86990356445312,0.006828719443280992,0.009740128831939806,0.0017495964344333276,0.0017636856053029977,3.702441655689014e-05,-0.3805372826880681
2026-01-12 15:00:00+00:00,91546.453125,161.50999450683594,0.008146029602851252,0.016481375516549743,0.0017642408743712421,0.0017633097039173769,3.6900100113452605e-05,0.02523490318460578
2026-01-12 16:00:00+00:00,92042.640625,160.75,0.00540542684779958,-0.0047166631213986275,0.0017464731444953587,0.0017624041746783132,3.663003468336467e-05,-0.4349171471079577
2026-01-12 17:00:00+00:00,91416.15625,160.77999877929688,-0.0068297276650225785,0.00018660018970433775,0.0017587700618215052,0.0017620037758029033,3.6534555244518325e-05,-0.08851110844939974
2026-01-12 18:00:00+00:00,91622.5859375,160.38999938964844,0.002255585594103192,-0.0024286177635680643,0.0017505508903564223,0.0017616864721464063,3.655023018902291e-05,-0.30466516168011365
2026-01-12 19:00:00+00:00,91770.25,162.75,0.0016103583725722835,0.014606935544813583,0.0017734505463371845,0.001761483618304343,3.644877202234487e-05,0.32832184375114776
2026-01-12 20:00:00+00:00,91393.1953125,162.25,-0.004117144875430804,-0.0030769255044791975,0.0017752962837683912,0.0017614243151765191,3.642291561018523e-05,0.3808582690176752
2026-01-13 14:00:00+00:00,92453.84375,164.7899932861328,0.011538507343117692,0.015533539696480952,0.0017824028358597347,0.001761460191790578,3.6442828176591644e-05,0.5746712073957192
2026-01-13 15:00:00+00:00,93283.03125,167.1699981689453,0.00892868482533963,0.014339352480609704,0.0017920729625619377,0.0017616113491702645,3.655234455259545e-05,0.8333696173125583
2026-01-13 16:00:00+00:00,93441.21875,168.02000427246094,0.0016943438020904167,0.0050717976036986825,0.0017981358389812412,0.001762095739057938,3.684430182138802e-05,0.9781729641130543
2026-01-13 17:00:00+00:00,93241.6796875,169.86000061035156,-0.002137733452390525,0.010891526580137034,0.001821717510663024,0.001762937016733405,3.762466503724088e-05,1.5622861724200898
2026-01-13 18:00:00+00:00,93557.6484375,170.05999755859375,0.003382978456235885,0.0011767296563741857,0.0018177027789684152,0.0017642497305403416,3.8143650471506076e-05,1.4013616360081707
2026-01-13 19:00:00+00:00,94194.6484375,173.0675048828125,0.006785562198298843,0.017530418422173358,0.0018373390394640751,0.0017657168233242647,3.9236605142765143e-05,1.825392790207204
2026-01-13 20:00:00+00:00,94438.890625,173.0,0.002589595945712216,-0.00039012552589430473,0.0018318724294099575,0.0017670675781974428,4.0100836657928795e-05,1.6160473599420861
2026-01-14 14:00:00+00:00,96460.421875,184.56500244140625,0.021179822933807005,0.0647101236894178,0.0019133754430452126,0.0017695818253430082,4.4318297681252246e-05,3.2445654554785106
2026-01-14 15:00:00+00:00,96710.59375,185.88999938964844,0.002590160993419394,0.0071533794484541615,0.0019221265445870394,0.0017724147041526018,4.84273390309458e-05,3.0914736062365407
2026-01-14 16:00:00+00:00,97212.4921875,183.32000732421875,0.005176274456659326,-0.013921798041538582,0.00188576594632136,0.0017747474302751373,5.0452362890230504e-05,2.200462172361805
2026-01-14 17:00:00+00:00,96941.90625,179.2050018310547,-0.002787329206693516,-0.022702887439161504,0.001848581369639146,0.001776644843016001,5.105921924464543e-05,1.408884187564014
2026-01-14 18:00:00+00:00,96835.984375,179.875,-0.0010932298334733624,0.0037317530525811616,0.0018575222956729509,0.001778931723855729,5.156356685720972e-05,1.5241492512505128
2026-01-14 19:00:00+00:00,97265.78125,179.13710021972656,0.004428579781936786,-0.004110729520890087,0.0018417278709692835,0.0017798997720302424,5.2194908262493267e-05,1.1845618853873938
2026-01-14 20:00:00+00:00,97585.109375,179.3300018310547,0.0032776695026366523,0.001076258484222813,0.001837677930368715,0.0017810652664558744,5.269730515762454e-05,1.0742990318670902
2026-01-15 14:00:00+00:00,96019.609375,171.3300018310547,-0.01617247896864908,-0.045636162138685876,0.0017843230455347255,0.00178169289960879,5.250455275643896e-05,0.05009367355505833
2026-01-15 15:00:00+00:00,96434.890625,174.5399932861328,0.004315637145832937,0.018562371236919735,0.0018099257660264788,0.0017826487428669216,5.248751101960801e-05,0.5196859715707837
2026-01-15 16:00:00+00:00,96797.609375,176.3300018310547,0.0037542253608411377,0.01020334653498299,0.001821635916109676,0.001783859458392804,5.2535819847183216e-05,0.7190609726231851
2026-01-15 17:00:00+00:00,96598.6328125,175.3699951171875,-0.0020577093997041713,-0.005459249965798373,0.00181545007430472,0.0017849144076528293,5.252386537704869e-05,0.581367468534292
2026-01-15 18:00:00+00:00,95793.5625,174.21560668945312,-0.00836910260564281,-0.006604348793082482,0.0018186567253875032,0.0017857033536397362,5.267151461128798e-05,0.6256393420800692
2026-01-15 19:00:00+00:00,95411.0859375,172.46690368652344,-0.0040007089343794345,-0.010088295668606617,0.0018076191250930697,0.001786661348021259,5.2536260940914316e-05,0.3989202256967063
2026-01-15 20:00:00+00:00,95143.53125,170.89999389648438,-0.002808169828398008,-0.009126800969008558,0.001796233455403563,0.0017877079358124277,5.2081530578277506e-05,0.16369564213020807
2026-01-16 14:00:00+00:00,95223.375,173.10000610351562,0.0008388407024591178,0.012790943034633137,0.0018178310325958898,0.0017894420327912786,5.130485000613206e-05,0.553339495217665
2026-01-16 15:00:00+00:00,94605.625,172.43499755859375,-0.006508512194591902,-0.0038491577347498375,0.001822671723363106,0.0017906399047603516,5.1226306842315764e-05,0.6253001744075447
2026-01-16 16:00:00+00:00,94795.359375,170.6649932861328,0.002003521144240806,-0.010317808348205237,0.001800351772611578,0.001791416268671893,5.101058343433745e-05,0.17516960869869386
2026-01-16 17:00:00+00:00,94893.2578125,171.90989685058594,0.0010322015906237623,0.007267952674098937,0.0018116133939701327,0.0017924503237048484,5.077623942113007e-05,0.37740231422710907
2026-01-16 18:00:00+00:00,94988.109375,170.89999389648438,0.0009990613802121893,-0.005891929625777122,0.0017991724966521304,0.0017934907963211262,5.025231533066583e-05,0.1130634537656207
2026-01-16 19:00:00+00:00,94964.3359375,171.8800048828125,-0.0002503093612195363,0.005718032907473143,0.001809942682018373,0.001795445645599512,4.851441804370826e-05,0.29881913467044274
2026-01-16 20:00:00+00:00,95399.2578125,173.6999969482422,0.004569388748881254,0.010533068362871122,0.0018207688501061124,0.0017972865125777137,4.731006610505764e-05,0.49634970866989203
2026-01-20 14:00:00+00:00,90583.90625,160.5,-0.051794236620573815,-0.07903571310785897,0.001771837919608374,0.0017985129936610483,4.562285637206864e-05,-0.5846866280166828
2026-01-20 15:00:00+00:00,90429.4609375,162.6699981689453,-0.0017064524281070745,0.013429654952038442,0.001798860642123855,0.0018002612823524633,4.350946756873122e-05,-0.03219161959166165
2026-01-20 16:00:00+00:00,90095.3359375,162.47000122070312,-0.0037017117572495073,-0.0012302206670435987,0.0018033120086639127,0.0018016306070070148,4.225226128821039e-05,0.03979435906231905
2026-01-20 17:00:00+00:00,89671.7265625,160.90499877929688,-0.0047128784681927365,-0.00967925572404652,0.001794378283406289,0.0018030118074841245,4.0577545744841165e-05,-0.21276604879271402
2026-01-20 18:00:00+00:00,89393.78125,160.9774932861328,-0.0031044006086450586,0.0004504408276230843,0.0018007683648143345,0.0018041733149419903,3.9465775435204054e-05,-0.08627602245510618
2026-01-20 19:00:00+00:00,89597.7265625,162.8000030517578,0.0022788276745723322,0.011257910355238925,0.0018170104231182102,0.0018044553937646454,3.949653642894069e-05,0.317876717523139
2026-01-20 20:00:00+00:00,89504.59375,160.25,-0.0010399956933198624,-0.01578737651310142,0.0017904108972060441,0.0018041134970991299,3.9528361283707586e-05,-0.34665236422875734
2026-01-21 14:00:00+00:00,89829.578125,162.4600067138672,0.0036243480798882526,0.01369676314830589,0.0018085357863731723,0.001804759307659209,3.92737510673882e-05,0.09615783090042392
2026-01-21 15:00:00+00:00,90238.5859375,160.61500549316406,0.004542818748969631,-0.011421627846159823,0.0017798927567903974,0.0018048275975435864,3.922606780796644e-05,-0.6356701588152799
2026-01-21 16:00:00+00:00,87585.9921875,157.36000061035156,-0.029836038987589648,-0.020474053143426225,0.0017966343325024237,0.001805428297577676,3.881094980272657e-05,-0.22658463964297385
2026-01-21 17:00:00+00:00,87895.9296875,158.9199981689453,0.003532418826636832,0.009864741465034485,0.001808047297911975,0.0018059432213853406,3.86339829408029e-05,0.05446180710537545
2026-01-21 18:00:00+00:00,88377.2890625,162.47000122070312,0.0054615281314249215,0.022092457430531547,0.00183836823853926,0.0018063286635272959,3.884312201449951e-05,0.8248455157647773
2026-01-21 19:00:00+00:00,90246.1328125,162.22000122070312,0.02092572099331666,-0.0015399306878813121,0.0017975285606723972,0.0018059327444046465,3.8809155585693994e-05,-0.2165515741174046
2026-01-21 20:00:00+00:00,90094.9453125,163.82000732421875,-0.0016766843914982291,0.009814862629212237,0.0018183040874934627,0.0018056295271929898,3.863699717712649e-05,0.32804206399291397
2026-01-22 14:00:00+00:00,89121.171875,159.625,-0.010867136682607241,-0.025940994443692886,0.0017911007748404341,0.0018045457928369524,3.810491206929668e-05,-0.35284212103855533
2026-01-22 15:00:00+00:00,88943.0234375,162.07000732421875,-0.0020009468678012306,0.0152010715090235,0.0018221778511735085,0.00180399846541252,3.760017076741896e-05,0.4834921062842954
2026-01-22 16:00:00+00:00,88906.21875,162.0399932861328,-0.0004138863632220611,-0.00018520896063199018,0.0018225945897191,0.0018038608647945181,3.751524862738352e-05,0.49936294200400366
2026-01-22 17:00:00+00:00,89447.0625,162.6199951171875,0.006064877573521728,0.0035729838526923374,0.001818058531739793,0.001803537612153146,3.730385202656205e-05,0.38926059368634575
2026-01-22 18:00:00+00:00,89221.640625,161.91000366210938,-0.0025233517753031854,-0.004375512836947142,0.0018146943110205712,0.0018043885380693828,3.695901850934005e-05,0.2788432530637699
2026-01-22 19:00:00+00:00,89729.1796875,161.77000427246094,0.0056724011938038,-0.0008650481645252282,0.0018028695329195884,0.0018047450238284168,3.6837267649274664e-05,-0.050912867009706514
2026-01-22 20:00:00+00:00,89373.109375,160.82000732421875,-0.003976172314544397,-0.005889827089353191,0.0017994227620461902,0.0018052305417789385,3.656645291266978e-05,-0.15882808613180857
2026-01-23 14:00:00+00:00,88899.03125,159.94500732421875,-0.005318601559152332,-0.005455720732601757,0.0017991760435996736,0.0018062456114741434,3.550616880861145e-05,-0.19910815815068258
2026-01-23 15:00:00+00:00,89529.734375,162.75,0.007069552373934566,0.017385229158318947,0.0018178318201896263,0.0018075628427865222,3.441066535615604e-05,0.29842426168801167
2026-01-23 16:00:00+00:00,90003.8515625,168.2949981689453,0.005281666794413839,0.0335030999334965,0.0018698644029925629,0.0018094797560258469,3.462728068536382e-05,1.7438460592788985
2026-01-23 17:00:00+00:00,90490.875,167.47000122070312,0.005396552339572558,-0.0049141429867028885,0.0018506838531587094,0.0018112493193982741,3.3957276059497636e-05,1.1612985002489813
2026-01-23 18:00:00+00:00,90460.0703125,165.07000732421875,-0.0003404755663960102,-0.014434567305642819,0.0018247830977134334,0.0018125024304529425,3.301786032795364e-05,0.3719401299330669
2026-01-23 19:00:00+00:00,89854.390625,163.3350067138672,-0.006718063125156866,-0.010566323158806387,0.0018177743522354134,0.001813394655084012,3.240930458932527e-05,0.13513702953206624
2026-01-23 20:00:00+00:00,89444.8828125,163.15060424804688,-0.004567877121836992,-0.0011296209035725172,0.0018240350830360352,0.00181468735405969,3.121980149094017e-05,0.29941666922699445
2026-01-26 14:00:00+00:00,88120.7109375,162.6999969482422,-0.01491501134441732,-0.002765731199421191,0.0018463309614426269,0.0018161467023867087,3.060205952066435e-05,0.9863473089298427
2026-01-26 15:00:00+00:00,87579.9296875,160.61380004882812,-0.006155731199709326,-0.012905269572078635,0.0018339110412845196,0.0018175360382355103,2.944389168674618e-05,0.5561426194343837
2026-01-26 16:00:00+00:00,87546.7421875,159.94000244140625,-0.0003790113755027459,-0.004203965727693639,0.0018269098134898116,0.0018184270260213874,2.8890890070394114e-05,0.29361461165632047
2026-01-26 17:00:00+00:00,87593.140625,161.65499877929688,0.0005298443488755371,0.010665666997361739,0.0018455212089193984,0.0018195974414405708,2.8534240418363733e-05,0.9085143707608181
2026-01-26 18:00:00+00:00,88264.78125,161.89500427246094,0.0076384831969834215,0.0014835761701206798,0.0018341970826836547,0.0018204606788876363,2.8171078391192045e-05,0.4876066015390177
2026-01-26 19:00:00+00:00,87919.96875,161.50010681152344,-0.003914220047338424,-0.0024421993015848256,0.0018368990470270547,0.0018212077802953882,2.7999345538274562e-05,0.5604154822196397
2026-01-26 20:00:00+00:00,87495.5859375,160.52000427246094,-0.004838608996008654,-0.006087232019061374,0.0018346068839075365,0.0018218156310441597,2.7885629077360927e-05,0.4587041170163674
2026-01-27 14:00:00+00:00,87643.46875,158.20269775390625,0.0016887478113783857,-0.014541464020955856,0.0018050711594400038,0.0018215381918571096,2.7969305083661048e-05,-0.5887537201174633
2026-01-27 15:00:00+00:00,87908.796875,159.45860290527344,0.003022784423608399,0.007907237630024643,0.0018139095127420767,0.0018214749707533369,2.798240552635668e-05,-0.27036481921235295
2026-01-27 16:00:00+00:00,88541.4921875,158.4199981689453,0.007171402522874275,-0.006534623146257841,0.0017892176227781095,0.0018206729471419046,2.8208713473323768e-05,-1.1150924835172478
2026-01-27 17:00:00+00:00,87426.1796875,158.47000122070312,-0.012676503853101043,0.00031558617986768745,0.0018126149602687124,0.0018203519893228838,2.8188674654381902e-05,-0.2744729629553104
2026-01-27 18:00:00+00:00,88237.9765625,158.8800048828125,0.00924266704635617,0.002583922371797098,0.0018005853156693357,0.0018184721538666191,2.5513975203964065e-05,-0.7010604209768297
2026-01-27 19:00:00+00:00,88292.1875,161.22999572753906,0.0006141832982710435,0.014682659446910528,0.0018260958335361106,0.0018168716420157705,2.1615673220126614e-05,0.4267362587509587
2026-01-27 20:00:00+00:00,89237.53125,161.5800018310547,0.010650078105698946,0.002168496907269291,0.0018106731502733576,0.0018156200954149702,1.964300729387597e-05,-0.25184255483908846
2026-01-28 14:00:00+00:00,89517.859375,161.1699981689453,0.003136446445902796,-0.0025406902101366272,0.0018004228351103297,0.0018148174531728233,1.925338334583585e-05,-0.74764096283404
2026-01-28 15:00:00+00:00,89381.1953125,160.69000244140625,-0.0015278346699266364,-0.002982638926682502,0.0017978054766396002,0.0018138221728556008,1.853861853018488e-05,-0.8639638487583093
2026-01-28 16:00:00+00:00,89530.984375,160.0749969482422,0.00167444270992992,-0.0038346219066139643,0.0017879284815831913,0.0018129255163658324,1.8466946161932256e-05,-1.3536095553345984
2026-01-28 17:00:00+00:00,90079.1875,159.6199951171875,0.006104385086963296,-0.0028464764826834723,0.0017719963905889749,0.0018118308240361702,1.8916080591813943e-05,-2.105850271352404
2026-01-28 18:00:00+00:00,89442.84375,157.85000610351562,-0.0070893406310123756,-0.01115070618707804,0.0017648142599839423,0.0018115056776103237,1.9553838930251085e-05,-2.3878389196582077
2026-01-28 19:00:00+00:00,89425.9921875,158.5850067138672,-0.00018842368444494775,0.004645515839939124,0.0017733659178347284,0.0018108963468071277,2.0164019184695515e-05,-1.8612573529430523
2026-01-28 20:00:00+00:00,89083.0546875,158.3699951171875,-0.0038422469661713726,-0.0013567328385352567,0.001777779126150798,0.0018101654003078132,2.0559144733937686e-05,-1.5752734160946888
2026-01-29 14:00:00+00:00,86876.078125,146.0019989013672,-0.02508641942896587,-0.08131372395208948,0.0016805776924148784,0.001807917527276316,2.648949192588938e-05,-4.807182984773768
2026-01-29 15:00:00+00:00,84758.59375,143.72999572753906,-0.0246755715801458,-0.01568380288233194,0.0016957572013461947,0.0018058692018756276,3.014450167332855e-05,-3.6528054675675254
2026-01-29 16:00:00+00:00,85137.859375,145.0,0.00446467537168488,0.008797232583037464,0.0017031201050208458,0.0018041275515410903,3.293163998314842e-05,-3.067185435402898
2026-01-29 17:00:00+00:00,84025.984375,142.07000732421875,-0.013145728865572819,-0.02041379698299844,0.0016907865868035984,0.001802370103731091,3.602814859323221e-05,-3.0971204817461304
2026-01-29 18:00:00+00:00,83441.046875,140.44000244140625,-0.006985731751493509,-0.011539576753363895,0.0016831045115217012,0.0018001246617131877,3.911442201070313e-05,-2.991739214744512
2026-01-29 19:00:00+00:00,83862.9375,139.64999389648438,0.0050434126938888445,-0.005641119998831932,0.0016652170560622727,0.0017975004172581738,4.2694189474956586e-05,-3.0983926108609086
2026-01-29 20:00:00+00:00,83916.7578125,143.22999572753906,0.0006415593286873268,0.025312451277021256,0.0017068104090432808,0.0017959413945320356,4.426720661946114e-05,-2.0134766183681054
2026-01-30 14:00:00+00:00,82851.0234375,140.91000366210938,-0.012781232383866402,-0.016330285266392706,0.0017007635852369053,0.0017940938977198152,4.588562761561873e-05,-2.033977027942881
2026-01-30 15:00:00+00:00,82771.1953125,144.1300048828125,-0.0009639785263621028,0.022594289276837983,0.0017413063124031769,0.001793129461315666,4.6382508249770365e-05,-1.1172994059187342
2026-01-30 16:00:00+00:00,82971.6015625,145.57000732421875,0.0024182812338709152,0.009941416917788437,0.0017544557967169678,0.0017922046798939761,4.6594271475073956e-05,-0.8101614636726838
2026-01-30 17:00:00+00:00,82907.296875,143.63999938964844,-0.0007753209278210911,-0.01334695578192871,0.0017325374822702955,0.0017907341570967124,4.706739818416873e-05,-1.2364540440221645
2026-01-30 18:00:00+00:00,83851.125,149.6678009033203,0.011319826522190806,0.04110801235534311,0.0017849229918301074,0.0017909522416337414,4.7008637240336793e-05,-0.12825834054301136
2026-01-30 19:00:00+00:00,84213.6484375,147.69000244140625,0.004314098574520977,-0.01330267849521786,0.0017537537582285828,0.001790200460235487,4.7240133108336306e-05,-0.7715198838098206
2026-01-30 20:00:00+00:00,83716.234375,149.63999938964844,-0.005924085801629666,0.013116906432314042,0.001787466917340648,0.0017899363753800988,4.720987319450309e-05,-0.0523080845669006
2026-02-02 14:00:00+00:00,77795.7734375,144.69369506835938,-0.07334581405535542,-0.03361334515006032,0.0018599171738372677,0.0017910286902206155,4.8064848143880736e-05,1.4332404298966364
2026-02-02 15:00:00+00:00,78802.921875,146.8300018310547,0.01286297209588899,0.014656407194336788,0.0018632558074935554,0.0017920701475986024,4.8948323701621287e-05,1.4543023031572204
2026-02-02 16:00:00+00:00,78586.3203125,146.47999572753906,-0.0027524333459555215,-0.002386596246705205,0.0018639375802946183,0.0017928522668848757,4.972237723965119e-05,1.4296443041555853
2026-02-02 17:00:00+00:00,78959.21875,142.72999572753906,0.004733858363599383,-0.025934167490908037,0.0018076419446277647,0.001793139451008571,4.975778601911952e-05,0.2914617948158122
2026-02-02 18:00:00+00:00,78551.328125,143.360107421875,-0.00517922824696401,0.004404994834065031,0.0018250500767312775,0.0017934146891812061,4.9889894773509595e-05,0.6341041145444357
2026-02-02 19:00:00+00:00,78443.40625,140.57000732421875,-0.001374847282989225,-0.019654061094489087,0.0017919926485117255,0.0017936163540432282,4.985875538964954e-05,-0.03256610637015075
2026-02-02 20:00:00+00:00,77920.7890625,139.72000122070312,-0.0066846394409396884,-0.006065208771972007,0.0017931030075765042,0.0017935574986277963,4.985721669611329e-05,-0.009115852857616494
2026-02-03 14:00:00+00:00,77201.9609375,136.81959533691406,-0.009267928402175881,-0.020977192978026134,0.0017722295350461163,0.0017929605359133652,4.98951998680707e-05,-0.41549088734115436
2026-02-03 15:00:00+00:00,78089.84375,135.25,0.011435149323224538,-0.01153831797079579,0.0017319793907258267,0.0017911873884498082,5.014394951715796e-05,-1.1807605562406296
2026-02-03 16:00:00+00:00,76518.6015625,132.66009521484375,-0.020326137821988766,-0.019334735893544196,0.0017336973298772021,0.0017901235346032215,5.068137657934882e-05,-1.113351856922754
2026-02-03 17:00:00+00:00,74846.2890625,128.86000061035156,-0.022097337640913112,-0.029063633386002444,0.001721661851568188,0.0017885128306711336,5.130247795912864e-05,-1.3030750513884362
2026-02-03 18:00:00+00:00,73178.6484375,129.11000061035156,-0.022532840907530136,0.0019382104669593456,0.0017643124513377845,0.001788066358612756,5.139605457174826e-05,-0.46217374996774135
2026-02-03 19:00:00+00:00,74939.3515625,130.92849731445312,0.02377545016681994,0.01398659324500362,0.0017471261037701634,0.0017868154961560336,5.1465035396875985e-05,-0.7711913939202188
2026-02-03 20:00:00+00:00,76281.6796875,133.27000427246094,0.017753659942121133,0.017725825491312772,0.0017470774741513643,0.0017855568775632382,5.149860321400535e-05,-0.7471931471999458
2026-02-04 14:00:00+00:00,74255.1640625,128.44000244140625,-0.026925475587046353,-0.036915289420861135,0.0017297113818683276,0.0017840844250653803,5.181560146086327e-05,-1.049356596547876
2026-02-04 15:00:00+00:00,74074.9140625,125.0,-0.0024303916104352484,-0.02714815092715776,0.0016874808642306685,0.0017819642009522152,5.3127939370035095e-05,-1.7784114694054303
2026-02-04 16:00:00+00:00,73541.828125,122.26499938964844,-0.007222598832744114,-0.022122922079808986,0.0016625232538662628,0.0017796250963013267,5.5239527861406316e-05,-2.119892167233354
2026-02-04 17:00:00+00:00,72488.2109375,123.9749984741211,-0.01443039360453012,0.013889104844748909,0.0017102780834391605,0.001778139351657876,5.5892987228462044e-05,-1.214128490598171
2026-02-04 18:00:00+00:00,73406.4765625,125.66000366210938,0.012588227394242856,0.01349995605055951,0.001711838104027776,0.0017766837193316778,5.647013855536248e-05,-1.1483169151484927
2026-02-04 19:00:00+00:00,73782.9140625,127.56999969482422,0.005115019759813567,0.01508535504017604,0.0017289910721981282,0.001775203040198486,5.65376122150688e-05,-0.8173668145829668
2026-02-04 20:00:00+00:00,73414.15625,129.05999755859375,-0.0050104065680585935,0.01161216243288571,0.0017579715432416176,0.001773338159202637,5.5191665748496e-05,-0.27842276098430824
2026-02-05 14:00:00+00:00,69347.7890625,112.99099731445312,-0.056982516071262916,-0.132969247835928,0.0016293381352449389,0.0017696490639040742,5.7291724961751225e-05,-2.44906099009602
2026-02-05 15:00:00+00:00,67298.3125,114.16000366210938,-0.029999103352556723,0.010292859492389988,0.0016963278783863915,0.0017675081435819568,5.75958133731207e-05,-1.235858320715795
2026-02-05 16:00:00+00:00,68121.9765625,113.27999877929688,0.01216470922249754,-0.007738386077895533,0.0016628994708538097,0.00176492689555893,5.876351594469115e-05,-1.7362375798131195
2026-02-05 17:00:00+00:00,66066.1328125,110.33000183105467,-0.030643618606815075,-0.026386727801050922,0.001669993340524084,0.001762359533183731,5.949775934187607e-05,-1.5524314475257417
2026-02-05 18:00:00+00:00,66248.5234375,110.12999725341795,0.0027569242243131076,-0.001814430130979109,0.0016623766317949184,0.0017592936276896026,5.9835992208628503e-05,-1.619710684445015
2026-02-05 19:00:00+00:00,65136.609375,106.62000274658205,-0.016926429739674842,-0.03239032408230698,0.0016368675583458253,0.0017560095696406242,6.106591238357902e-05,-1.95103956764653
2026-02-05 20:00:00+00:00,63543.17578125,106.94000244140624,-0.024767138730892854,0.002996815195176052,0.0016829502322885403,0.00175361024328727,6.106111273788774e-05,-1.1572014958529555
2026-02-06 14:00:00+00:00,68182.078125,125.19249725341795,0.07046213781317849,0.15758457842917972,0.001836149626063014,0.0017534540502396633,6.0833583801238524e-05,1.359373731679885
2026-02-06 15:00:00+00:00,68622.9140625,128.3300018310547,0.006444756968140125,0.024752554745251374,0.001870075084747567,0.0017540520169407284,6.180921229112938e-05,1.8771161046407592
2026-02-06 16:00:00+00:00,69743.1484375,132.38670349121094,0.01619268239696788,0.031122126131557147,0.0018982037154495351,0.0017550737614144365,6.368031768956892e-05,2.247632537463673
2026-02-06 17:00:00+00:00,70801.6171875,131.13560485839844,0.015062656480337751,-0.00949527226423648,0.0018521555024812396,0.001755366238390665,6.409077290337711e-05,1.510190308306838
2026-02-06 18:00:00+00:00,69745.578125,133.11000061035156,-0.015027819435651544,0.014943919252225343,0.0019085080974135457,0.0017570901873568906,6.678494868948337e-05,2.267246034142703
2026-02-06 19:00:00+00:00,70739.2421875,133.5500030517578,0.0141464484405447,0.0033001037627753645,0.0018879196174843502,0.001758323689102595,6.851328528508962e-05,1.8915445061858496
2026-02-06 20:00:00+00:00,70078.875,134.8000030517578,-0.00937907765796488,0.00931625871033916,0.001923546904138484,0.0017605625104586014,7.166230621106431e-05,2.274339220954609
2026-02-09 14:00:00+00:00,69246.4921875,127.91999816894533,-0.011948903964748235,-0.052387166905721524,0.0018473137646102564,0.0017611408238642936,7.222727048953652e-05,1.1930803997147654
2026-02-09 15:00:00+00:00,69482.2890625,134.36000061035156,0.003399397009701362,0.04911771507511238,0.0019337301983458465,0.0017633599052422355,7.543385276779553e-05,2.2585389298363676
2026-02-09 16:00:00+00:00,70069.5546875,136.58999633789062,0.008416500648311636,0.016460941917087257,0.0019493487142463242,0.001765414119920739,7.87754322623793e-05,2.334923326259254
2026-02-09 17:00:00+00:00,70586.125,137.6824951171875,0.007345208329296022,0.007966563117944263,0.0019505603277866223,0.0017677455728792937,8.213601297766276e-05,2.2257563799334386
2026-02-09 18:00:00+00:00,70320.4375,136.9250030517578,-0.003771120523495915,-0.0055169213641913075,0.001947158008676465,0.0017701911591053957,8.525090766220343e-05,2.0758353714224294
2026-02-09 19:00:00+00:00,70882.671875,136.11000061035156,0.007963526423587351,-0.005969966129356216,0.0019202154350273152,0.0017722313250785244,8.736154317971061e-05,1.6939273799728345
2026-02-09 20:00:00+00:00,70759.203125,138.39999389648438,-0.001743393770702313,0.016684612254787456,0.0019559292330072345,0.0017750313376022585,9.050877200906608e-05,1.998678044011644
2026-02-10 14:00:00+00:00,68395.9921875,136.41009521484375,-0.03396837840721816,-0.014482244573370632,0.0019944164979855935,0.0017787383393922023,9.483389195901646e-05,2.2742729855123835
2026-02-10 15:00:00+00:00,69265.8515625,137.57000732421875,0.01263779314083397,0.008467177203193087,0.0019861158741416255,0.0017824266996281635,9.851523831532063e-05,2.0675905372274292
2026-02-10 16:00:00+00:00,69521.46875,136.81500244140625,0.003683585445115284,-0.005503265568032705,0.0019679532797759864,0.0017856698223271846,0.00010137335107006693,1.7981398022722133
2026-02-10 17:00:00+00:00,69766.5234375,134.22999572753906,0.0035186800597638316,-0.01907495147467161,0.001923988599600901,0.001788106646884686,0.00010292587067088582,1.3201924047911047
2026-02-10 18:00:00+00:00,68902.0703125,134.76809692382812,-0.012468062162435735,0.004000786092833442,0.0019559368290763667,0.0017926959658290443,0.00010418132330839237,1.5668918196028756
2026-02-10 19:00:00+00:00,68995.203125,133.33999633789062,0.0013507566079993738,-0.01065327103750692,0.001932598069119615,0.001796643313625268,0.00010493030137232948,1.2956672545133732
2026-02-10 20:00:00+00:00,68765.265625,133.00999450683594,-0.0033382249003181277,-0.0024779576591427727,0.001934261335252945,0.0018004956674624697,0.00010567887175129864,1.2657749422729958
2026-02-11 14:00:00+00:00,66507.4609375,126.68000030517578,-0.03338462143543987,-0.04876004798685577,0.0019047487081821177,0.0018040617028187783,0.00010552395741907261,0.9541625221984055
2026-02-11 15:00:00+00:00,66516.078125,128.64999389648438,0.00012955883707183244,0.015431267205488639,0.0019341187502774821,0.0018082452734647081,0.00010562301747731556,1.1917239236211712
2026-02-11 16:00:00+00:00,66028.40625,127.0199966430664,-0.007358647595250879,-0.012750963338514215,0.0019237174400687038,0.0018125536131981487,0.00010496005133925206,1.059106064184851
2026-02-11 17:00:00+00:00,66552.1328125,125.22149658203124,0.007900545440397942,-0.01426038607930191,0.0018815549748769553,0.0018154660226287096,0.00010439906854074117,0.6330415890871176
2026-02-11 18:00:00+00:00,67210.734375,126.38999938964844,0.009847379896044886,0.009288217962781531,0.0018805031750502791,0.0018184616824589328,0.00010362787961697223,0.5986949923192783
2026-02-11 19:00:00+00:00,67536.265625,124.0250015258789,0.004831749624340376,-0.018889189339814975,0.0018364207789417421,0.0018200469235679086,0.00010315401577469341,0.15873211770637094
2026-02-11 20:00:00+00:00,67546.4609375,126.1500015258789,0.00015094916691129083,0.016988516692709975,0.0018676034210379153,0.0018219327173065911,0.00010296867704610219,0.4435397738564318
2026-02-12 14:00:00+00:00,67697.4140625,126.2300033569336,0.002232310892984268,0.0006339791757387789,0.0018646207555342482,0.0018241341051943238,0.00010243562283809207,0.39523994893765546
2026-02-12 15:00:00+00:00,67116.5078125,120.97000122070312,-0.0086179503896444,-0.042563075295841586,0.0018023881927625154,0.0018244251918765305,0.0001023470866133572,-0.21531633037358036
2026-02-12 16:00:00+00:00,65785.0078125,122.52999877929688,-0.020038064214327883,0.012813296936157252,0.0018625824158679297,0.0018262390028371861,0.00010203727881025456,0.3561777955518268
2026-02-12 17:00:00+00:00,65447.46875,121.87000274658205,-0.005144150528574632,-0.005400962626478293,0.0018621041435858746,0.0018274829566079403,0.0001020115445611421,0.3393849894820835
2026-02-12 18:00:00+00:00,65581.5859375,121.91999816894533,0.0020471373262629902,0.00041015154744974465,0.0018590583991844368,0.0018274686436970595,0.00010200697683320077,0.3096823028000538
2026-02-12 19:00:00+00:00,65781.4140625,122.80999755859376,0.0030423830018444635,0.007273348822910073,0.0018669406747916664,0.001827530058152028,0.00010202999474882915,0.38626500703696864
2026-02-12 20:00:00+00:00,65356.19921875,122.7750015258789,-0.00648504000243175,-0.0002850013891907833,0.0018785517363845733,0.001827773627420194,0.00010213576991736139,0.49716283536575157
2026-02-13 14:00:00+00:00,67689.4140625,133.5800018310547,0.03507750492009638,0.08434713865147858,0.001973425293764777,0.001830536683239144,0.00010381063830641242,1.3764351405284294
2026-02-13 15:00:00+00:00,68573.484375,132.55999755859375,0.01297613257290049,-0.007665208304101366,0.0019331086755585876,0.0018323376598862661,0.00010464780064853071,0.9629539756002153
2026-02-13 16:00:00+00:00,68914.1171875,132.64500427246094,0.004955116033687597,0.00064106420460774,0.0019247871072854833,0.0018345509008658287,0.0001051829594771147,0.8578975802566944
2026-02-13 17:00:00+00:00,69031.4921875,132.3300018310547,0.0017017580894108145,-0.002377602283555621,0.0019169512006437053,0.0018366150374169487,0.00010557029025289581,0.7609732154217791
2026-02-13 18:00:00+00:00,69091.9921875,133.97999572753906,0.0008760277680926386,0.01239168656933286,0.0019391537497420502,0.0018393971076618811,0.0001060431943156746,0.9407170608536047
2026-02-13 19:00:00+00:00,68956.765625,134.9199981689453,-0.0019591136913387507,0.006991493430714386,0.001956588261442915,0.0018431405888404988,0.00010615137625047643,1.0687348257711082
2026-02-13 20:00:00+00:00,68698.0078125,133.8800048828125,-0.003759522620422805,-0.0077380838073534824,0.0019488193201790671,0.00184672595534553,0.00010602507236727308,0.9629171907554438
