Datetime,lret_btc,lret_mstr,ratio,z_score,ratio_mean,ratio_std,Target
2024-03-01 17:00:00+00:00,0.0070944603876246,0.0051349345169845,0.0016938248953145,1.888158413968244,0.0014630147004837,0.0001222409058071,1
2024-03-01 18:00:00+00:00,0.0078746152306174,-0.0076786655335071,0.001667684175094,1.6092979283468336,0.0014688118247115,0.0001235770871753,1
2024-03-01 19:00:00+00:00,-0.0030148909299985,-0.0033503085912797,0.0016671248981692,1.5419913129478633,0.0014740970342147,0.0001251809023395,1
2024-03-01 20:00:00+00:00,0.0152209835752537,0.040287607994775,0.0017094422526996,1.8004389786220338,0.0014806232231007,0.000127090688613,1
2024-03-04 14:00:00+00:00,0.0483580927202837,0.1795620498242271,0.0019491065856882,3.289513688060234,0.0014908580264546,0.0001393058678846,1
2024-03-04 15:00:00+00:00,0.002881853158409,0.0164360843450258,0.0019757050808186,3.131736613255382,0.0015012633433367,0.0001514947762445,0
2024-03-04 16:00:00+00:00,0.00120824418386,-0.009540047521502,0.0019545833409387,2.75214500820042,0.0015113599363933,0.0001610465303335,0
2024-03-04 17:00:00+00:00,0.0091776876383641,-0.0317663419076182,0.0018761710347496,2.139580908882558,0.001520025335633,0.0001664558220902,0
2024-03-04 18:00:00+00:00,-0.0079678532854747,0.0385921992581194,0.0019655912072152,2.4965392831821904,0.0015305813625706,0.0001742451430966,0
2024-03-04 19:00:00+00:00,0.0126072727438677,0.0190567541724941,0.0019783092194095,2.406503646875052,0.0015413672274068,0.0001815671430916,0
2024-03-04 20:00:00+00:00,0.0048198719741273,-0.0012779826314725,0.0019662824833352,2.213548293785513,0.0015523708202107,0.0001869901209233,0
2024-03-05 14:00:00+00:00,0.0137032734706108,-0.0932302836703119,0.0017668726838006,1.110428730255531,0.0015598515850838,0.0001864334856223,1
2024-03-05 15:00:00+00:00,-0.0268902675565311,-0.0844660797932776,0.0016680167174301,0.5557073489752891,0.001565566221415,0.0001843605203422,1
2024-03-05 16:00:00+00:00,-0.0250094462815093,0.0558964260855736,0.001808578538139,1.2765154912526548,0.0015739048688691,0.0001838392646841,0
2024-03-05 17:00:00+00:00,0.0042465845549084,0.0013139853073655,0.001803282471495,1.2085365067255154,0.0015819257455076,0.000183160975904,1
2024-03-05 18:00:00+00:00,-0.0218914116489582,-0.0299826917891339,0.0017887504783427,1.0923105999575056,0.0015887991692484,0.0001830535280918,1
2024-03-05 19:00:00+00:00,-0.0465000905055455,0.0028641674341466,0.0018792665678606,1.528533480007092,0.0015973842946768,0.0001844135420458,0
2024-03-05 20:00:00+00:00,0.0124748150166953,-0.0912300406407378,0.0016941425143512,0.5017486112524976,0.0016023923753658,0.0001828607731596,1
2024-03-06 14:00:00+00:00,0.0630267724674301,0.1016938825373553,0.0017609330870467,0.8380644029210125,0.0016088978119311,0.0001814124005096,1
2024-03-06 15:00:00+00:00,0.0068223590301433,0.0592942915327563,0.0018557998037003,1.3162127360072284,0.0016169566474684,0.0001814624260181,0
2024-03-06 16:00:00+00:00,0.0099225154272548,0.0157337340450635,0.0018666156582804,1.3303952927536575,0.0016250751279069,0.0001815554607635,0
2024-03-06 17:00:00+00:00,0.0015852915461178,0.006558600019359,0.0018759220363125,1.3370475809528473,0.0016334377472201,0.0001813580104004,0
2024-03-06 18:00:00+00:00,-0.0025604841802667,0.0085854839688718,0.0018969479630594,1.408043628585022,0.001642490832984,0.0001807167937907,1
2024-03-06 19:00:00+00:00,-0.0027497445165553,-0.027808976227272,0.0018500025689115,1.1163923530204047,0.0016509467369675,0.0001783027547666,1
2024-03-06 20:00:00+00:00,0.0052822241535769,0.0072229514733229,0.0018535964056391,1.1048463593393671,0.0016592341943292,0.0001759178637526,1
2024-03-07 14:00:00+00:00,-0.0033426998299997,-0.0049464034945021,0.0018506261686175,1.058509489570675,0.0016674871917657,0.0001730159045868,1
2024-03-07 15:00:00+00:00,0.0070766448048953,0.0248798196989749,0.0018838682189696,1.2198434460219418,0.0016764069895914,0.0001700720121543,1
2024-03-07 16:00:00+00:00,-0.0020978668842384,0.0196361032114208,0.0019252603326478,1.429685671057275,0.001686140829674,0.0001672531996469,1
2024-03-07 17:00:00+00:00,0.0041645391129649,0.0003856028852327,0.0019179986260336,1.357436192468634,0.0016956882917644,0.0001637722166999,0
2024-03-07 18:00:00+00:00,0.0008187791663898,-0.0117339601205808,0.0018940729697565,1.1711815261004952,0.0017020101413625,0.0001639906573949,1
2024-03-07 19:00:00+00:00,-0.0015505888688996,0.0163493998793522,0.001928282112835,1.3336104822644923,0.0017092422633376,0.0001642457467232,1
2024-03-07 20:00:00+00:00,0.0012625335732222,-0.0023050570962283,0.0019214150482824,1.2530375039049435,0.0017169164759732,0.0001632022758073,1
2024-03-08 14:00:00+00:00,0.0134803409048923,0.0939035684145375,0.0020823251842741,2.1312389094227755,0.0017270711193999,0.0001666889916956,0
2024-03-08 15:00:00+00:00,-0.0079886997911614,-0.0939035684145374,0.0019108922465776,1.0693866738663471,0.001734188660138,0.0001652382536251,1
2024-03-08 16:00:00+00:00,-0.0012358382201035,0.0421749700618889,0.0019956724995944,1.533451334059741,0.0017430660375189,0.0001647306676545,1
2024-03-08 17:00:00+00:00,0.0088387185246461,0.0106655944684304,0.0019993216779587,1.510088644057503,0.0017520469613233,0.000163748477686,1
2024-03-08 18:00:00+00:00,0.0025929288650646,0.0112242717786466,0.0020166531985044,1.560864942393712,0.0017604941917021,0.0001641134987691,1
2024-03-08 19:00:00+00:00,0.0023477590025067,0.0169336439548058,0.0020462834363539,1.675469948785952,0.0017690014630042,0.0001654950442713,1
2024-03-08 20:00:00+00:00,0.0045561165457099,0.0108230962689835,0.0020591477211599,1.6881788380805436,0.0017778125682919,0.0001666500885581,1
2024-03-11 13:00:00+00:00,0.0332051072878727,0.087900458408951,0.0021749105140341,2.2573316411451767,0.0017885427224296,0.000171161288205,0
2024-03-11 14:00:00+00:00,0.0094461039962785,0.0266790757232772,0.0022127154959324,2.342880339994936,0.0018000149517943,0.0001761509271698,0
2024-03-11 15:00:00+00:00,-0.0015243962326025,0.0118071865895337,0.0022424120067435,2.3693381378144696,0.0018117674871765,0.000181757307112,0
2024-03-11 16:00:00+00:00,0.0068522637378434,0.0066322808429274,0.0022419187687126,2.244668034256246,0.0018235339855837,0.0001863904937139,0
2024-03-11 17:00:00+00:00,-0.0012989513635459,-0.0018139394165295,0.0022407645045726,2.125262359032816,0.0018346334088768,0.000191096922208,0
2024-03-11 18:00:00+00:00,-6.41083416107576e-05,-0.0489182109232578,0.0021339249887887,1.5104480356970305,0.001843767909827,0.000192100007484,0
2024-03-11 19:00:00+00:00,-0.0081500364572424,-0.0387642331694698,0.002069586450661,1.1397428715566924,0.0018521418535615,0.0001907839062002,1
2024-03-12 13:00:00+00:00,0.0046059471792073,0.0298572206269254,0.0021225115448886,1.3757812910512823,0.0018618334018737,0.000189476441285,1
2024-03-12 14:00:00+00:00,-0.0070910177035206,0.0105924763102114,0.0021603787909251,1.5203130016515585,0.0018710875634111,0.0001902839923092,1
2024-03-12 15:00:00+00:00,-0.0009256477634463,-0.0388586634235718,0.0020799639395957,1.0667788084410434,0.0018797803560491,0.0001876523811333,1
2024-03-12 16:00:00+00:00,-0.0161384609941974,-0.0300558563488218,0.0020512167660261,0.8850317983252973,0.0018874426710278,0.0001850488257124,1
2024-03-12 17:00:00+00:00,0.0026198241445847,0.0598877703963176,0.0021721144797007,1.486256106445457,0.0018965318324651,0.0001854206997303,1
2024-03-12 18:00:00+00:00,0.0094893577548637,0.0142009444044137,0.0021823727326313,1.5041838126621885,0.001907311748949,0.0001828639434668,1
2024-03-12 19:00:00+00:00,-0.0001823462162083,0.0224184925970364,0.0022322577855989,1.725069121444923,0.0019184759166181,0.0001818952441268,1
2024-03-13 13:00:00+00:00,0.0073270428227373,0.0713699927018382,0.0023798952713223,2.399158674137669,0.0019312134969562,0.0001870162983394,0
2024-03-13 14:00:00+00:00,0.0068334132213161,0.013292759154419,0.0023953175935994,2.3529946666514565,0.0019442292725424,0.0001917081782845,1
2024-03-13 15:00:00+00:00,0.0047100630143669,0.0128413668947334,0.0024148740508384,2.320920184069439,0.0019568654883429,0.0001973392129721,0
2024-03-13 16:00:00+00:00,0.003913419309068,-0.002213276749174,0.0024001240819365,2.14105937046808,0.0019694555422175,0.0002011474065872,0
2024-03-13 17:00:00+00:00,-0.0014267353084523,0.0054702606902481,0.0024167349448072,2.1159636897500063,0.001981768707722,0.0002055641309878,0
2024-03-13 18:00:00+00:00,0.0034562023340465,-0.0370255247941056,0.0023208551239942,1.5920691083400702,0.0019924394864624,0.000206282274941,0
2024-03-13 19:00:00+00:00,0.0014845109936102,0.0394458358209273,0.002410651470114,1.9393696074208504,0.0020043312235798,0.0002095115056869,0
2024-03-14 13:00:00+00:00,-0.0177914957260053,-0.0248903447105164,0.0023935992166698,1.7861925776744552,0.0020159941289358,0.0002114022264193,0
2024-03-14 14:00:00+00:00,-0.007080716399898,-0.0488701562453703,0.002295633273678,1.2854464445379967,0.0020264599472455,0.0002094006542055,1
2024-03-14 15:00:00+00:00,-0.0082918792434916,-0.0090978823911507,0.002293783731502,1.2422483308999206,0.0020369042611344,0.0002067859251471,1
2024-03-14 16:00:00+00:00,0.0053744162933686,0.0217191715360989,0.002331583134661,1.3822737781040737,0.0020472732758337,0.0002056827405184,1
2024-03-14 17:00:00+00:00,-0.0027362504272309,0.0068970801836943,0.0023541525807733,1.4358426526865655,0.0020540240424185,0.0002090260640978,1
2024-03-14 18:00:00+00:00,-0.0191263802641973,-0.0446208858235527,0.0022948932283578,1.1160782451029383,0.0020593438448775,0.0002110509585809,1
2024-03-14 19:00:00+00:00,-0.0074175668844622,0.0487245535288884,0.0024274187239728,1.668754153769942,0.0020672244345947,0.0002158462278966,1
2024-03-15 13:00:00+00:00,-0.0129698125576386,-0.0331505826531461,0.0023789225358728,1.391045809070105,0.0020756036262801,0.0002180509855354,1
2024-03-15 14:00:00+00:00,0.0021569381908162,0.0373085747119591,0.0024640326728728,1.7028846489448222,0.0020839109840411,0.0002232222182913,1
2024-03-15 15:00:00+00:00,-0.004148711226795,-0.0273595843133015,0.0024074989597224,1.3962524790105124,0.0020910641463796,0.0002266315140704,1
2024-03-15 16:00:00+00:00,-0.0036350089184995,0.0166324069491226,0.0024567905617652,1.5487698240717809,0.0020992392810201,0.0002308614715936,0
2024-03-15 17:00:00+00:00,0.0044207449415549,0.0379246909910299,0.0025404971608831,1.833972326952336,0.0021121330223048,0.000233571756936,0
2024-03-15 18:00:00+00:00,0.0291298654263176,0.035201047386081,0.0025559678967213,1.8406802595373997,0.0021269322086263,0.0002330853964842,0
2024-03-15 19:00:00+00:00,-0.0226355013118669,-0.0084673323035657,0.0025924390364071,1.9100387587173144,0.0021399965502641,0.0002368760759843,0
2024-03-18 13:00:00+00:00,-0.0171714919722435,-0.0716570848930018,0.0024549675728784,1.2879741475379327,0.0021508579686205,0.0002361146804376,0
2024-03-18 14:00:00+00:00,-0.0106027562158725,-0.0300046505873351,0.0024077956434883,1.056032977758727,0.0021611753880396,0.0002335346155307,0
2024-03-18 15:00:00+00:00,0.0091884338990371,-0.0058365848547606,0.002371888894078,0.8724417269868243,0.0021693857601432,0.0002321107847903,0
2024-03-18 16:00:00+00:00,-0.005652087373563,-0.0789791092412842,0.0022041889488025,0.1176345764249564,0.0021778865340508,0.0002235942488265,0
2024-03-18 17:00:00+00:00,0.0058196453462903,0.043951457311321,0.0022898617155676,0.4749253117727151,0.0021867020111928,0.0002172124791364,0
2024-03-18 18:00:00+00:00,-0.0061643237144913,-0.0098543336773917,0.0022814276734432,0.411157639370018,0.0021937958090218,0.0002131344672462,0
2024-03-18 19:00:00+00:00,-0.00016719489332,-0.0181180198211297,0.002240839549737,0.1954063550300337,0.0022000328738794,0.0002088298297734,0
2024-03-19 13:00:00+00:00,-0.0548541808211959,-0.18708855579344,0.0019632793633562,-1.15173427172744,0.0022014888293302,0.0002068267584125,1
2024-03-19 14:00:00+00:00,-0.0102026588764819,0.0306997115895659,0.0020452470522226,-0.7780360003618967,0.0022039604808162,0.0002039923969067,1
2024-03-19 15:00:00+00:00,0.0180426101281311,0.0735213951120393,0.0021619214254789,-0.2377031326034809,0.0022091591284257,0.0001987256222895,1
2024-03-19 16:00:00+00:00,0.0131557397043968,0.0390410898269134,0.0022186141079334,0.017453163552353,0.0022152427567972,0.0001931656187193,1
2024-03-19 17:00:00+00:00,0.0010805818664481,-0.0274226743610184,0.0021562691200113,-0.3420059877673972,0.0022203368059871,0.0001873291353582,1
2024-03-19 18:00:00+00:00,-0.0006414452286581,0.017912695361308,0.0021966503010195,-0.1587138404641919,0.002225549840688,0.0001820858192577,1
2024-03-19 19:00:00+00:00,-0.0040015556556459,-0.0049299132086962,0.0021946119704173,-0.1992215638097964,0.0022300390346508,0.0001778274578111,1
2024-03-20 13:00:00+00:00,-0.0150006966991507,0.0292420936154798,0.002293887651014,0.3324521217979159,0.0022363038517338,0.0001732092999401,1
2024-03-20 14:00:00+00:00,0.0105627027164794,-0.0064937542367669,0.0022550938380351,0.0763528665081991,0.0022423208662051,0.0001672887006617,1
2024-03-20 15:00:00+00:00,-0.0094126667558787,-0.0473350730618555,0.0021711764838682,-0.4629267857477764,0.0022463691057223,0.0001624287558402,1
2024-03-20 16:00:00+00:00,-0.0086993119178968,0.0273610070306499,0.0022508985635055,-0.0061376813030045,0.0022518604976427,0.0001567259832725,1
2024-03-20 17:00:00+00:00,0.0173462308842254,0.0126664419966937,0.0022403894428336,-0.090915871999364,0.002254494901952,0.0001551484774685,1
2024-03-20 18:00:00+00:00,0.0169724647048784,0.0535447084240028,0.0023238422380415,0.4201523669673559,0.0022613774018098,0.0001486718655962,1
2024-03-20 19:00:00+00:00,0.0072108941832364,0.0188904129617071,0.0023511427149753,0.5784517895134371,0.0022673019053995,0.0001449400124535,1
2024-03-21 13:00:00+00:00,0.0145830403072386,0.0865691377379648,0.002526632956371,1.735042504856695,0.0022760904267063,0.0001444013786194,0
2024-03-21 14:00:00+00:00,0.0022475988208385,-0.0163454017986656,0.0024800893021797,1.3756964053452323,0.0022838143617676,0.0001426731505944,0
2024-03-21 15:00:00+00:00,-0.0060020004046561,0.0047206143573763,0.0025068254287714,1.5157558092726389,0.0022914900616412,0.0001420646820634,0
2024-03-21 16:00:00+00:00,0.0038078937721857,-0.0011135005406165,0.0024945186604322,1.3873575691616042,0.0022987462439624,0.0001411117226167,1
2024-03-21 17:00:00+00:00,-0.0153293400089183,-0.0195348727722406,0.0024840499092447,1.267302276694282,0.0023038985672159,0.000142153411496,0
2024-03-21 18:00:00+00:00,-0.008260442379544,-0.023974692223265,0.002445320030825,0.9632330274131936,0.0023077753094641,0.0001427948559137,1
2024-03-21 19:00:00+00:00,0.0041252344360702,0.0018112916866573,0.0024396682417496,0.8959964278192976,0.0023110629133809,0.0001435333047942,0
2024-03-22 13:00:00+00:00,-0.0400033324886553,-0.0402803164859003,0.0024389925862653,0.8645244677250231,0.0023143474770068,0.0001441776536256,0
2024-03-22 14:00:00+00:00,-0.0032986126439863,0.0374177561338555,0.0025403489369457,1.5060121259148225,0.0023193405508797,0.0001467507347802,0
2024-03-22 15:00:00+00:00,0.018611723979089,-0.0204181662612538,0.0024431093653692,0.8149307759887517,0.0023244936238227,0.0001455531500851,1
2024-03-22 16:00:00+00:00,-0.0077767492639256,0.0005894447906913,0.0024636346318789,0.928913785184386,0.0023310610935096,0.0001427188835861,1
2024-03-22 17:00:00+00:00,0.0033085281057756,-0.0162604503712008,0.0024158924749548,0.569139818598836,0.0023359507756774,0.0001404605628792,1
2024-03-22 18:00:00+00:00,0.0024856470848606,-0.0084732869354497,0.0023895614124357,0.3589559317302936,0.0023397704860359,0.0001387104153976,1
2024-03-22 19:00:00+00:00,0.0056247185942097,-1.9135909491568577e-05,0.002376113061462,0.2334824351784228,0.0023447063047337,0.0001345144301937,1
2024-03-25 13:00:00+00:00,0.0584516975889485,0.1291568932154679,0.0025501984528397,1.4999854314800367,0.0023530226661806,0.0001314518011448,1
2024-03-25 14:00:00+00:00,0.0195853438581304,0.0390297795198349,0.0026002708597983,1.804324682265064,0.0023601586058489,0.00013307596815,1
2024-03-25 15:00:00+00:00,0.0066683112468555,-0.0095797843890269,0.0025583627952846,1.438658095203038,0.0023664251068931,0.0001334143873596,0
2024-03-25 16:00:00+00:00,0.007104616117739,0.0299124152118946,0.0026173839325267,1.7969298218507932,0.0023728438760086,0.0001360877055656,1
2024-03-25 17:00:00+00:00,0.00334126341048,0.0145951364912586,0.0026470060080112,1.9180631774071657,0.00237729572162,0.0001406159554951,0
2024-03-25 18:00:00+00:00,0.0055390127444573,-0.0064060243482591,0.0026155755159754,1.6300156598782671,0.002380966686993,0.0001439304141408,1
2024-03-25 19:00:00+00:00,0.0016441085440764,0.0010325564633503,0.0026139764443339,1.5626526573502468,0.0023842850602179,0.0001469881249909,1
2024-03-26 13:00:00+00:00,-0.0084237880320599,-0.0343214889876268,0.0025471495307606,1.0804136485090543,0.002386735484365,0.0001484746574768,1
2024-03-26 14:00:00+00:00,-0.0016304644760016,0.0327091380127891,0.0026361367821763,1.6179272743649382,0.0023903921816544,0.0001518885331964,1
2024-03-26 15:00:00+00:00,-0.0008438164596789,0.0022856156384741,0.0026443993150121,1.6030603816920326,0.0023957845848381,0.0001550875643945,1
2024-03-26 16:00:00+00:00,-0.0066347391374232,0.0060229828952389,0.0026780841232131,1.7440612570106584,0.0024002417957231,0.000159307665584,1
2024-03-26 17:00:00+00:00,0.0042513321978682,0.0116314466610626,0.0026979218027172,1.7855914500420118,0.0024053138388239,0.0001638717321851,1
2024-03-26 18:00:00+00:00,0.0005533416951383,-0.0051498705850116,0.0026825787758188,1.6210202587761606,0.0024117629305262,0.000167065059074,1
2024-03-26 19:00:00+00:00,-0.0078423991356283,-0.0020652832521303,0.0026981211962278,1.641458129693573,0.0024185018882716,0.0001703481209163,1
2024-03-27 13:00:00+00:00,0.0066431420962939,0.0212079677634965,0.0027377064373687,1.7869290429660831,0.0024252706099834,0.0001748451224826,1
2024-03-27 14:00:00+00:00,-0.000509910766622,-0.002594376727489,0.0027320057250237,1.6784628468127298,0.0024315681623876,0.0001789956585613,1
2024-03-27 15:00:00+00:00,-0.015607472967606,0.0034563764019793,0.0027845878873671,1.876687738196246,0.0024397297400378,0.0001837589388529,0
2024-03-27 16:00:00+00:00,0.0049187292311164,0.0053903855648017,0.0027859015656588,1.79901355233708,0.0024457044540659,0.0001891020282482,0
2024-03-27 17:00:00+00:00,-0.0086378025475542,-0.0046766198177203,0.0027969589164629,1.7725627558938235,0.0024526717270757,0.000194231311835,0
2024-03-27 18:00:00+00:00,-0.0017361853105356,-0.0134336300708439,0.0027644322543424,1.5464738063069816,0.0024576783867668,0.000198356975931,0
2024-03-27 19:00:00+00:00,0.0024848829603536,0.0128606225559855,0.0027932646033518,1.6222385863554225,0.0024641078141607,0.0002029028232712,0
2024-03-28 13:00:00+00:00,0.0313839367952059,-0.0231382738799611,0.0026450469347047,0.8705564958022819,0.0024672454203763,0.0002042389152061,0
2024-03-28 14:00:00+00:00,0.0091526107652157,-0.1098148660072065,0.0023483696773317,-0.5654287515976206,0.0024640432956505,0.0002045768242097,1
2024-03-28 15:00:00+00:00,-0.0035110195368492,0.0496061072113385,0.0024764806506172,0.0673859943603622,0.0024627185082154,0.0002042285274912,0
2024-03-28 16:00:00+00:00,-0.009731360576152,-0.0140780780110348,0.0024657394503891,0.0252193624919071,0.0024606068484484,0.0002035183063132,0
2024-03-28 17:00:00+00:00,0.0028293820008879,0.0160925580595441,0.0024986608252261,0.183350519338476,0.0024613350693209,0.0002035759486249,0
2024-03-28 18:00:00+00:00,-0.0033962424642896,-0.0264171041130927,0.0024417965437342,-0.0988108359744724,0.0024619017509917,0.000203471684651,0
2024-03-28 19:00:00+00:00,0.0046146388094892,-0.0107372091399457,0.0024045967280277,-0.2845973809092323,0.0024624468815575,0.0002032701542965,0
2024-04-01 13:00:00+00:00,-0.014036939016934,-0.0410669781898887,0.0023404709496907,-0.6178841395972687,0.002464718248239,0.000201085107362,1
2024-04-01 14:00:00+00:00,-0.0139434102550125,-0.00421443275973,0.0023633524652804,-0.5123794044083039,0.0024659430940675,0.0002002239510497,0
2024-04-01 15:00:00+00:00,-0.0094637267499456,-0.0075050883329758,0.0023679859543953,-0.4990422736015027,0.0024673857320834,0.0001991810773277,0
2024-04-01 16:00:00+00:00,0.0053577573167863,-0.007935616382472,0.0023367157360267,-0.6689930575022464,0.0024689836685215,0.0001977119657843,0
2024-04-01 17:00:00+00:00,0.0006826188892225,0.0010654147135414,0.0023376103922775,-0.735479085121872,0.0024752225190036,0.000187105424899,0
2024-04-01 18:00:00+00:00,0.0034769600231483,0.0209800097823503,0.0023788858729406,-0.5696164629981629,0.0024807831660155,0.0001788875492442,0
2024-04-01 19:00:00+00:00,0.0118277014508163,-0.001355008836749,0.0023477315103146,-0.7787191856322455,0.0024838800007628,0.00017483644035,1
2024-04-02 13:00:00+00:00,-0.0669858058649741,-0.061640767234129,0.0023603138224485,-0.7315916157159793,0.0024862416626714,0.0001721285995051,1
2024-04-02 14:00:00+00:00,0.0072051671646769,-0.0102491829667855,0.0023194735357454,-1.0084536252365786,0.0024889617362669,0.0001680674215254,1
2024-04-02 15:00:00+00:00,-0.0145985913401145,-0.0051300371196472,0.0023415399001049,-0.9091727496877298,0.0024913765629184,0.0001648054925369,1
2024-04-02 16:00:00+00:00,0.0128014161968117,0.0167006692535213,0.0023506879804672,-0.8887014725355546,0.0024939778297525,0.0001612350757971,1
2024-04-02 17:00:00+00:00,-0.0003253623944446,0.0045196953426794,0.0023621048347799,-0.8311237086359048,0.0024951147828153,0.0001600362817873,1
2024-04-02 18:00:00+00:00,0.0042607500676645,0.0154884784694429,0.002388775350799,-0.6891014610541035,0.002497342808028,0.0001575493064009,1
2024-04-02 19:00:00+00:00,0.0042457448925311,0.0040802864883732,0.0023883801405379,-0.7390372615847793,0.0025009628689725,0.0001523370123357,1
2024-04-03 13:00:00+00:00,-0.0050458811518524,0.0452669439702288,0.0025116205840416,0.0424332122876434,0.0025053082359815,0.0001487596088034,0
2024-04-03 14:00:00+00:00,0.0121265752607134,0.003690931325297,0.0024905225599147,-0.131030192748647,0.0025094771212661,0.0001446579674027,0
2024-04-03 15:00:00+00:00,-0.0108823139358776,0.0179502755362526,0.0025633760042184,0.3496317495587042,0.0025134693507024,0.0001427406223233,0
2024-04-03 16:00:00+00:00,0.0062760943082572,-0.0097416212897436,0.0025226436667886,0.0447486544472491,0.0025163276998993,0.0001411431688228,0
2024-04-03 17:00:00+00:00,-0.0044724412272853,-0.0103630303625173,0.0025078274902594,-0.0580043938495949,0.0025160142754641,0.0001411407767825,1
2024-04-03 18:00:00+00:00,-1.811277761212556e-05,-0.0244660521544063,0.0024472596717485,-0.4825569481497668,0.0025154671149569,0.0001413458939302,0
2024-04-03 19:00:00+00:00,-0.0010339190660924,-0.0059371498667304,0.0024352895628339,-0.5573285508154594,0.0025142748505246,0.0001417212299193,0
2024-04-04 13:00:00+00:00,0.0207833899769435,0.0698736770603686,0.0025578215866589,0.2996439366449381,0.0025153298992951,0.0001418072657821,0
2024-04-04 14:00:00+00:00,0.0061454465380338,-0.01557100878929,0.0025028735660153,-0.0900837169412347,0.0025156436269079,0.0001417577041249,0
2024-04-04 15:00:00+00:00,-0.001158413772321,0.0082313749938335,0.0025264857031122,0.0670802104832532,0.0025169963881127,0.0001414622126418,0
2024-04-04 16:00:00+00:00,0.0037369366278849,-0.0299579733579152,0.0024427742398547,-0.5251489339654161,0.0025170481547478,0.0001414340010789,0
2024-04-04 17:00:00+00:00,0.01342431976416,0.0112332886530614,0.00243742790463,-0.5627066684209414,0.0025170220767205,0.0001414487806122,0
2024-04-04 18:00:00+00:00,-0.0026394785205886,-0.0194667811506128,0.002396755728862,-0.8285762590900111,0.0025146288565858,0.000142259842025,0
2024-04-04 19:00:00+00:00,-0.0025775320728812,-0.0181020929237173,0.0023598344833019,-1.0699941373722386,0.0025132409418847,0.0001433713075844,0
2024-04-05 13:00:00+00:00,-0.0132227587698471,0.0064785637456323,0.0024067873415537,-0.7332336656440072,0.0025122934870459,0.0001438915729538,0
2024-04-05 14:00:00+00:00,0.0099466772943355,-0.0075189379432197,0.0023651162845116,-1.0118610504348475,0.0025114472172052,0.0001446156393021,0
2024-04-05 15:00:00+00:00,-0.0019253841873684,-0.0048512635670052,0.0023582063532865,-1.05236347445331,0.0025109246328861,0.0001451193274062,0
2024-04-05 16:00:00+00:00,-0.0026405885560834,-0.0209654489263863,0.0023153860870866,-1.3297988838990915,0.0025099125166465,0.0001462825934922,0
2024-04-05 17:00:00+00:00,-0.0068565561108666,-0.0433240346969456,0.0022324708382871,-1.808401706638488,0.0025046170564039,0.0001504899144464,0
2024-04-05 18:00:00+00:00,0.0018758875916834,-0.0153429630388712,0.0021943593163196,-1.9558962171552676,0.0024978518640126,0.0001551680222248,0
2024-04-05 19:00:00+00:00,-0.0007342928731409,-0.0315427108642324,0.0021277853620716,-2.238364021570495,0.0024906755734591,0.0001621229647592,1
2024-04-08 13:00:00+00:00,0.0631255437853997,0.0488756433357018,0.0020976796436653,-2.274478808172177,0.0024820138353114,0.0001689768180144,0
2024-04-08 14:00:00+00:00,-0.0031288417096834,0.0062759063597478,0.0021175008528864,-2.04456844482444,0.0024731887493926,0.0001739672239423,0
2024-04-08 15:00:00+00:00,0.0006519194717212,0.0130653711727428,0.0021439501714813,-1.805170830754876,0.0024653283269844,0.0001780319901184,0
2024-04-08 16:00:00+00:00,6.074865864919099e-05,-0.0233252857955015,0.0020943934055768,-1.9770590388692373,0.0024566686096718,0.000183239446558,0
2024-04-08 17:00:00+00:00,-0.0006501368783415,0.0214971869836371,0.0021412960818586,-1.647765341333475,0.0024499043855234,0.0001872889882578,0
2024-04-08 18:00:00+00:00,0.0033349570462152,-0.0220230072265688,0.0020876798446548,-1.844887056662952,0.0024407634365647,0.0001913849363486,0
2024-04-08 19:00:00+00:00,-0.0041701917020809,0.0070249194605981,0.0021111829671513,-1.651960058551233,0.0024318764974337,0.000194129106586,0
2024-04-09 13:00:00+00:00,-0.0224403018862193,-0.0724953162350515,0.0020081088810176,-2.0740390288971606,0.0024207102433971,0.0001989361610995,1
2024-04-09 14:00:00+00:00,-0.0122191887073012,-0.0072829511493529,0.0020180458890352,-1.9352386839887736,0.0024093789781691,0.0002022143792244,1
2024-04-09 15:00:00+00:00,-0.0008324399087507,0.0035732187782709,0.0020269563241926,-1.813081194665716,0.0023984519373087,0.0002048973946721,1
2024-04-09 16:00:00+00:00,-0.0077851261066449,0.0120542966456027,0.0020675715265141,-1.5594654183488177,0.0023879427761468,0.0002054365847829,1
2024-04-09 17:00:00+00:00,0.0028686343930258,0.0148316352554935,0.0020924544267921,-1.3978229149954533,0.0023771885759705,0.0002036982983494,0
2024-04-09 18:00:00+00:00,0.0008275801029511,-0.0020855277280279,0.0020863677512909,-1.3886345740502128,0.0023664279430749,0.0002016802670894,1
2024-04-09 19:00:00+00:00,0.0028321645410623,0.0044022838761381,0.0020896461707186,-1.3450768057389848,0.0023548455811308,0.0001971630239111,1
2024-04-10 13:00:00+00:00,-0.0132481901895804,0.0114765659842256,0.002141956174027,-1.0599548671686203,0.0023441131579369,0.0001907222563635,1
2024-04-10 14:00:00+00:00,0.0073567075267003,-0.0103271141558496,0.002104411151149,-1.242171641186843,0.0023325706951817,0.0001836779527623,1
2024-04-10 15:00:00+00:00,-0.0004507705139495,-0.0027789509733748,0.0020995174012053,-1.2532122153985077,0.0023214887809627,0.0001771219407455,1
2024-04-10 16:00:00+00:00,0.0130332433409844,0.0309055729526471,0.0021373779888954,-1.0339707254066048,0.0023105573373885,0.0001674896051093,1
2024-04-10 17:00:00+00:00,-0.0026299531857145,0.0201625241340666,0.0021866535511077,-0.7161343413117666,0.0023029174476619,0.0001623492825957,0
2024-04-10 18:00:00+00:00,-0.0011943503111076,0.0194600315403038,0.0022322871733819,-0.4227677944470688,0.0023009827392627,0.0001624900637728,0
2024-04-10 19:00:00+00:00,0.0100296430798415,0.0123307969987307,0.0022374299246207,-0.3699037078220473,0.0022969985604961,0.0001610382232341,0
2024-04-11 13:00:00+00:00,0.0052174729628125,-0.0099924488146675,0.0022036562887661,-0.5563173231305477,0.0022926305078024,0.0001599342952967,0
2024-04-11 14:00:00+00:00,-0.0078881203889203,-0.0152635371870049,0.0021874631939727,-0.6320854499203455,0.0022874438806148,0.0001581759027275,1
2024-04-11 15:00:00+00:00,0.0026069998292074,0.0066779221043076,0.0021963863370027,-0.5529201407234187,0.0022833537105026,0.0001572874039027,0
2024-04-11 16:00:00+00:00,0.0012408441362204,-0.0043238501705078,0.0021841980619219,-0.6082405955364772,0.0022796803994009,0.0001569811981962,1
2024-04-11 17:00:00+00:00,0.0020839495190189,-0.0004511746202583,0.0021786678615243,-0.6249867934393355,0.0022769836812648,0.0001573086355944,0
2024-04-11 18:00:00+00:00,-0.0014036399932093,0.0117270132144852,0.0022074638349041,-0.4258589420729187,0.0022743855374252,0.0001571452326333,0
2024-04-11 19:00:00+00:00,0.0036280728528956,0.0017367964322165,0.0022032928560839,-0.4355560354048975,0.0022716406524533,0.0001569207881733,0
2024-04-12 13:00:00+00:00,-0.0070260944605567,-0.0261903663485069,0.0021614703813807,-0.6817308943880327,0.0022687198965425,0.0001573194291834,1
2024-04-12 14:00:00+00:00,-0.0077025400029312,0.0085724431239973,0.0021969360944797,-0.441378381847448,0.0022663753249126,0.0001573235873996,0
2024-04-12 15:00:00+00:00,0.0007365335133506,-0.0158972505361202,0.002160694982929,-0.6491316112309125,0.002262738810079,0.0001572005204869,1
2024-04-12 16:00:00+00:00,-0.0069212037631443,-0.0311613688870546,0.0021089490781363,-0.9479686064775308,0.0022587591028761,0.0001580326855932,1
2024-04-12 17:00:00+00:00,-0.0118064751478195,-0.000282219101048,0.0021333937299783,-0.768172066310441,0.0022549771013349,0.0001582762205095,1
2024-04-12 18:00:00+00:00,-0.0199413342974799,0.0115673279948904,0.0022016843355755,-0.3244742878157691,0.0022530139479987,0.0001581931584433,0
2024-04-12 19:00:00+00:00,0.0056164227476963,0.0076941076851574,0.002206263497337,-0.2818444660996467,0.0022507593412859,0.0001578737541477,0
2024-04-15 13:00:00+00:00,-0.0190884624690637,-0.0183118495563947,0.0022079775755593,-0.2566637352412548,0.0022483808345375,0.0001574170926025,0
2024-04-15 14:00:00+00:00,-0.024656929190357,-0.028200742164909,0.0022001667641813,-0.2902354207133616,0.0022456818666942,0.0001568213225009,0
2024-04-15 15:00:00+00:00,0.0045414767971316,-0.002096281077691,0.0021856109523376,-0.3636679816594807,0.0022422957933865,0.0001558697600768,0
2024-04-15 16:00:00+00:00,-0.0053454064791602,-0.0239268428255271,0.0021453741480635,-0.5985336781005107,0.0022382456935119,0.0001551651124178,0
2024-04-15 17:00:00+00:00,-0.0035017062739137,-0.0209776642420727,0.0021082073879125,-0.8122279489310326,0.0022315221402431,0.0001518228380257,0
2024-04-15 18:00:00+00:00,-0.0118617700509761,-0.0019669988259909,0.0021291711625472,-0.6486525849465518,0.0022254996169536,0.0001485054660104,0
2024-04-15 19:00:00+00:00,0.0047795997567914,-0.0069408102934672,0.0021043620737988,-0.7963649360550441,0.00221784938478,0.0001425066647751,0
2024-04-16 13:00:00+00:00,-0.013586235935906,-0.0525829924024176,0.0020238782812831,-1.33636285270464,0.0022095366283549,0.0001389280962846,0
2024-04-16 14:00:00+00:00,-0.0076039055716639,-0.0041086421870615,0.0020309646460758,-1.2623549953102555,0.0022015889142851,0.0001351634594414,0
2024-04-16 15:00:00+00:00,-0.0043916226298763,-0.0321748137833028,0.0019753146144894,-1.6256158899808797,0.0021937231633308,0.0001343543392922,0
2024-04-16 16:00:00+00:00,0.0091232728320867,0.0348473867693778,0.0020267870355337,-1.210894056770607,0.0021869147878758,0.0001322392751428,0
2024-04-16 17:00:00+00:00,-0.0016396239853265,-0.0137071142567801,0.0020024757856111,-1.4005720558556325,0.002177659024525,0.0001250797759255,0
2024-04-16 18:00:00+00:00,0.0096732595997425,0.0250592348684605,0.0020335240700952,-1.1462431975185707,0.0021698365329263,0.0001189210659013,0
2024-04-16 19:00:00+00:00,-0.0033220284650086,-0.0205025254957255,0.0019988855216028,-1.4560425601992464,0.0021610431965679,0.0001113687740987,0
2024-04-17 13:00:00+00:00,-0.0020427831624489,-0.0614975971555798,0.0018835060722307,-2.42089417182932,0.0021517220604408,0.0001107921161243,1
2024-04-17 14:00:00+00:00,-0.0228463598892149,-0.025500293490708,0.001878513999422,-2.40217883796248,0.0021424068286873,0.000109855613202,1
2024-04-17 15:00:00+00:00,-0.0129477827740701,0.0248645240741709,0.0019509049567329,-1.7137031315538933,0.0021349759824852,0.0001074112676594,1
2024-04-17 16:00:00+00:00,-0.0041940569601768,0.0003425766532588,0.0019597756039605,-1.5956752694584433,0.0021283083344962,0.0001056184386393,1
2024-04-17 17:00:00+00:00,0.0187557533940886,0.042329318505696,0.0020065233423517,-1.1484456498513562,0.0021216372678428,0.000100234543538,0
2024-04-17 18:00:00+00:00,0.0026373940815834,-0.0337275423033651,0.0019348670336092,-1.8348329593848824,0.0021144664469944,9.788325006187172e-05,0
2024-04-17 19:00:00+00:00,-0.005612537163809,-0.0027730311496008,0.0019403689077935,-1.757976267202413,0.0021075024895695,9.507158025630452e-05,0
2024-04-18 13:00:00+00:00,0.0237994795718124,0.0582943277308772,0.0020084694449133,-1.0219471795973671,0.0021023872122,9.190080383970291e-05,0
2024-04-18 14:00:00+00:00,0.0168833844206436,0.000639735773963,0.0019761081175066,-1.330354812608991,0.002098114500187,9.170965634428792e-05,0
2024-04-18 15:00:00+00:00,-0.0026734924614134,0.0004211532187515,0.0019822329441521,-1.220825266784698,0.0020945790606508,9.202473077461528e-05,0
2024-04-18 16:00:00+00:00,0.0008900743473866,-0.0209712322563512,0.0019393689802323,-1.6166535774582111,0.0020914387876202,9.406455997024538e-05,0
2024-04-18 17:00:00+00:00,-0.0116843825003528,-0.0171621127666633,0.0019287746829138,-1.6586373677427482,0.002088623704941,9.637370116934884e-05,0
2024-04-18 18:00:00+00:00,0.004714019019798,0.0083887760148226,0.0019358755000698,-1.5233399538698875,0.0020855966157274,9.828476912015648e-05,0
2024-04-18 19:00:00+00:00,0.00604480497286,-0.0115620817485258,0.0019020890691826,-1.780890963111308,0.0020815655973557,0.0001007790661476,0
2024-04-19 13:00:00+00:00,0.0230696367299116,-0.0210449459408807,0.0018200031094553,-2.418414998467193,0.0020769924257537,0.0001062635306435,1
2024-04-19 14:00:00+00:00,-0.0076016688942708,0.0192471875060335,0.0018695300067336,-1.8579047590384885,0.0020724629911683,0.0001092267961785,0
2024-04-19 15:00:00+00:00,-0.000146916803386,-0.0204313796395541,0.0018319896252144,-2.080679209670876,0.002068201487511,0.0001135263240958,1
2024-04-19 16:00:00+00:00,-0.0075282356049926,0.0170918123191042,0.0018776531096298,-1.60905088253223,0.0020643093232189,0.0001160039223218,1
2024-04-19 17:00:00+00:00,0.0103227348171264,-0.0123383719237939,0.0018355819025196,-1.8898797838459291,0.0020614338735773,0.000119505998735,1
2024-04-19 18:00:00+00:00,-0.0063861322236762,0.0068077760951973,0.0018599608751632,-1.6272704965356048,0.0020587991233461,0.0001221912697404,1
2024-04-19 19:00:00+00:00,0.0014454362864697,-0.0167455874757804,0.0018264321680266,-1.82102626170398,0.0020554570540767,0.0001257669320132,1
2024-04-22 13:00:00+00:00,0.0284112631393038,0.0957054139667717,0.0019535702182519,-0.7907837632700535,0.0020535570322723,0.0001264401454158,1
2024-04-22 14:00:00+00:00,-0.0022627255428376,-0.0144442830306076,0.0019299170490433,-0.9497398865699068,0.0020508480759765,0.0001273306814247,1
2024-04-22 15:00:00+00:00,-0.0006668241408873,0.031129957512242,0.0019922682303268,-0.4472712201574391,0.0020492797506271,0.0001274652106615,1
2024-04-22 16:00:00+00:00,0.0022145261694967,0.0237963754353588,0.0020357323944555,-0.0993107363325191,0.0020483811876894,0.000127365818651,0
2024-04-22 17:00:00+00:00,0.0066986353607055,-0.0108268567869481,0.0020003659943523,-0.35973583684202,0.0020460213513614,0.0001269135636025,1
2024-04-22 18:00:00+00:00,-0.0033907803866343,-0.0143198423647276,0.0019786229026433,-0.5143037768173128,0.002043924880553,0.000126971608713,1
2024-04-22 19:00:00+00:00,0.0021880181252527,0.0079392053258639,0.0019900351187956,-0.4101360167993854,0.0020421001758462,0.0001269458299636,1
2024-04-23 13:00:00+00:00,-0.0004879012567748,0.0377887133863563,0.0020676835048551,0.2116282230476528,0.0020409386011122,0.0001263768289396,0
2024-04-23 14:00:00+00:00,0.0064790108610998,-0.0177640505340486,0.0020181592618662,-0.1598353183801847,0.0020381303629582,0.0001249479858038,0
2024-04-23 15:00:00+00:00,-0.0078459080549557,-0.0040132212902921,0.0020259090759764,-0.0717891195708494,0.0020346907280014,0.0001223256682553,0
2024-04-23 16:00:00+00:00,0.0053654988388803,0.0025388851724198,0.0020201906993234,-0.0911145591272722,0.0020310700742465,0.0001194032548389,0
2024-04-23 17:00:00+00:00,9.068111174231653e-05,0.0053238900627662,0.0020307904906444,0.0221907411456665,0.0020281889776111,0.0001172341660991,0
2024-04-23 18:00:00+00:00,0.0002525766723717,-0.0190145626668353,0.0019920374957933,-0.2849602258872535,0.0020249318826414,0.0001154350111342,0
2024-04-23 19:00:00+00:00,-0.0052224222846091,0.0056288461709508,0.0020137713360383,-0.0716893941393229,0.002021888299292,0.000113224045916,0
2024-04-24 13:00:00+00:00,-0.0065930705930337,-0.032627387469328,0.001962020743572,-0.5039673100129004,0.0020181853439862,0.0001114449276735,1
2024-04-24 14:00:00+00:00,-0.0131854014029144,-0.0107758363904933,0.0019667540604365,-0.4369756288842165,0.0020146534473014,0.0001096156940998,1
2024-04-24 15:00:00+00:00,-0.0091028233639793,-0.0058399157782593,0.0019731818781643,-0.35185913833247,0.0020107487480224,0.0001067667875164,0
2024-04-24 16:00:00+00:00,0.0028472527510764,0.01487688699524,0.0019970618803253,-0.0988018487800999,0.0020073115650931,0.0001037398074459,0
2024-04-24 17:00:00+00:00,0.0018384227712012,-0.0076017359935807,0.0019782980054385,-0.2550079368134775,0.0020042586921607,0.0001018034459893,0
2024-04-24 18:00:00+00:00,-0.0110387025810009,0.0015496770765524,0.0020033589793895,0.0235934249347981,0.0020010324069092,9.86110531527948e-05,0
2024-04-24 19:00:00+00:00,-0.002238247192175,-0.0156077802520155,0.001976753254643,-0.2200620165847452,0.0019979667114378,9.639762974091993e-05,0
2024-04-25 13:00:00+00:00,-0.0084729091066797,-0.0136853337749773,0.0019664763841899,-0.3053033671645838,0.0019955921665387,9.536672529747562e-05,0
2024-04-25 14:00:00+00:00,-0.0034524079677259,-0.0006693301902568,0.0019719568636776,-0.2235881066645033,0.0019929015521003,9.367532439549588e-05,0
2024-04-25 15:00:00+00:00,0.0124263718414592,0.0022028061995027,0.0019518991386774,-0.4106685917225854,0.0019887384654854,8.970573243369964e-05,1
2024-04-25 16:00:00+00:00,0.0060586480535721,0.0026369173929062,0.0019452316791787,-0.4596144352867833,0.0019843879351827,8.519370367384482e-05,0
2024-04-25 17:00:00+00:00,0.0035544342853265,-0.0024609389610717,0.0019335655079429,-0.5766199079407808,0.0019798144007225,8.020689563888682e-05,1
2024-04-25 18:00:00+00:00,-0.0002327781777707,-0.0014330216715347,0.0019312461506974,-0.5875695809171326,0.0019753323904977,7.503152176714774e-05,1
2024-04-25 19:00:00+00:00,-6.509331237414324e-05,-0.0062443229680889,0.0019193493316536,-0.7353589927825543,0.0019708946968197,7.009551208586812e-05,1
2024-04-26 13:00:00+00:00,-0.0024869308315235,0.0203485755996173,0.0019636829090054,-0.0631494772978159,0.001967866509502,6.624917062883415e-05,1
2024-04-26 14:00:00+00:00,-0.0101780491743346,-0.0206308006172567,0.0019432639228529,-0.3430689686132034,0.001965117451751,6.370010376188043e-05,1
2024-04-26 15:00:00+00:00,-0.0053349184978622,0.0143629838369346,0.0019819216337748,0.3209633737902105,0.0019626632929382,6.000167747880147e-05,1
2024-04-26 16:00:00+00:00,0.003343369619044,0.0142183804237404,0.0020035926757859,0.7433701684174706,0.0019609838029713,5.7318513205003656e-05,1
2024-04-26 17:00:00+00:00,0.0042659169932317,-0.0008193240825687,0.0019934297862841,0.5792956795802521,0.0019604763280546,5.68853858074764e-05,1
2024-04-26 18:00:00+00:00,0.001218452448991,-0.0026702387955228,0.001985693006052,0.4618658264672578,0.0019597218007209,5.623106071688102e-05,1
2024-04-26 19:00:00+00:00,-0.0025180694264621,0.0078411440921384,0.0020063701383879,0.8161958413373548,0.0019602393927859,5.651921176962468e-05,1
2024-04-29 13:00:00+00:00,-0.030237851077816,-0.0041440156518477,0.0020594130676579,1.7206422793881335,0.0019607831599879,5.732156465726371e-05,0
2024-04-29 14:00:00+00:00,0.0139848168064496,0.0136567693536917,0.0020587375932468,1.6594283127923632,0.0019617208567819,5.8463951541030125e-05,0
2024-04-29 15:00:00+00:00,0.0022812516635088,-0.0078600390073656,0.0020379648461638,1.3007362341236397,0.0019617948697163,5.855912555462331e-05,0
2024-04-29 16:00:00+00:00,-0.0032104532932628,0.0099678446030479,0.0020649994981049,1.705233315825592,0.0019628967693247,5.9876104831283113e-05,0
2024-04-29 17:00:00+00:00,0.0040267634489086,-0.0041696015092407,0.0020481431832021,1.3762206577249645,0.0019656407211742,5.994857115739563e-05,0
2024-04-29 18:00:00+00:00,-0.0031267125589685,-0.0109369908723823,0.0020322089214249,1.0767527341931404,0.0019682023032076,5.944411951294389e-05,0
2024-04-29 19:00:00+00:00,0.0002642524006132,0.0123029853847404,0.0020568219998716,1.435958839783548,0.0019699675872599,6.048530793872567e-05,0
2024-04-30 13:00:00+00:00,-0.0326259907454788,-0.1409381720744631,0.0018456839100271,-1.9559652666469656,0.0019680660590277,6.25686718918064e-05,0
2024-04-30 14:00:00+00:00,0.0062740327986795,-0.0188770198935325,0.0017998419204185,-2.4962701675692904,0.0019646213686622,6.601026218410282e-05,0
2024-04-30 15:00:00+00:00,-0.0072154607600338,-0.016385789165021,0.0017834122269114,-2.5546168394074984,0.0019620971218839,6.994586906969132e-05,1
2024-04-30 16:00:00+00:00,-0.0073031157699504,-0.0060240688908564,0.0017856947541729,-2.364338478974616,0.0019595192193235,7.351928105741879e-05,0
2024-04-30 17:00:00+00:00,-0.0004402088612504,0.0133398556054724,0.0018104720674107,-1.925421243121798,0.0019562192630318,7.569626446251753e-05,1
2024-04-30 18:00:00+00:00,-0.002522227081708,0.0004211156483576,0.0018158087572091,-1.7708208016426572,0.0019535476070268,7.778248916546003e-05,0
2024-04-30 19:00:00+00:00,-0.0175466176126846,-0.0254653880902598,0.0018014865663423,-1.8603700986654423,0.0019505351673967,8.011771483602614e-05,1
2024-05-01 13:00:00+00:00,-0.0320684561711682,-0.023104478716434,0.001817707645384,-1.5965939327794607,0.0019485074784825,8.192429547242498e-05,0
2024-05-01 14:00:00+00:00,0.0040386807672896,-0.013217296347743,0.0017866104021573,-1.8874679986749376,0.0019461380738033,8.451940470406015e-05,1
2024-05-01 15:00:00+00:00,-0.0121307096918955,0.0096219907422421,0.001825899778815,-1.3779840193224473,0.0019443051451157,8.59265163023699e-05,0
2024-05-01 16:00:00+00:00,0.0039864826265851,0.0016284670634974,0.0018215993509504,-1.3915464920662608,0.0019429636498118,8.721541073427448e-05,1
2024-05-01 17:00:00+00:00,0.0076215443576268,0.032522022912858,0.0018675274897842,-0.8833889325394227,0.0019437557228173,8.629068151661624e-05,0
2024-05-01 18:00:00+00:00,0.0277282522322383,-0.0129153714612862,0.0017931462066404,-1.697935670253851,0.0019424826594824,8.795177311971037e-05,1
2024-05-01 19:00:00+00:00,-0.0381815679346942,-0.0302438555470404,0.0018074363258943,-1.5208110429294772,0.0019420734378271,8.85298095110014e-05,1
2024-05-02 13:00:00+00:00,0.0274215228228691,0.0405369236226801,0.001831297711507,-1.2318319297467706,0.0019413008478584,8.930044245077162e-05,1
2024-05-02 14:00:00+00:00,0.0114140981118459,0.0432442934210271,0.0018905258971338,-0.5842347795303319,0.0019422165811019,8.847587610185325e-05,1
2024-05-02 15:00:00+00:00,0.0022223265540466,-0.0127975160970267,0.0018623426792127,-0.9036026522186557,0.0019422562778361,8.843887125293679e-05,1
2024-05-02 16:00:00+00:00,-0.003218119492509,0.016446302585072,0.0018993270177512,-0.5055776566918921,0.0019434711919982,8.731432978225322e-05,1
2024-05-02 17:00:00+00:00,0.0031349685806447,0.0032446421727923,0.0018995353351912,-0.4919053955943924,0.0019425706106138,8.748689444773316e-05,1
2024-05-02 18:00:00+00:00,0.003521226589878,-0.0008623586826398,0.0018912267839972,-0.5779374562315461,0.0019419257728631,8.772400597889731e-05,1
2024-05-02 19:00:00+00:00,-0.0036053076983237,0.004579215415692,0.0019067690897448,-0.3851235131240202,0.0019405007871867,8.758669957150023e-05,1
2024-05-03 13:00:00+00:00,0.0402156837965607,0.0921248666596925,0.0020083619037511,0.7838821629007311,0.0019400446123416,8.715250154007414e-05,0
2024-05-03 14:00:00+00:00,-3.192850043385685e-05,-0.0265028829514321,0.0019558961205334,0.1911173864702316,0.001939303447778,8.681927406941942e-05,1
2024-05-03 15:00:00+00:00,0.0017277412403101,0.0089071542339801,0.0019699888347303,0.3553393341272402,0.0019391595466461,8.676013354928279e-05,1
2024-05-03 16:00:00+00:00,-0.0015033764239525,0.0057934506057774,0.0019844160750331,0.5230260596268044,0.0019390658959167,8.670730316712516e-05,1
2024-05-03 17:00:00+00:00,0.0028908250603843,0.0033199182494136,0.0019852677571675,0.5578981844295203,0.0019376923001219,8.527623565264062e-05,1
2024-05-03 18:00:00+00:00,-0.0005078252670994,-0.0075326857600814,0.0019713703987854,0.4066301836209974,0.0019369124857372,8.474017531441483e-05,1
2024-05-03 19:00:00+00:00,0.0033005778623183,0.0014718031792145,0.0019677685010426,0.3787127695080611,0.001935943476155,8.403472882359397e-05,1
2024-05-06 13:00:00+00:00,0.0289528965526042,0.0822222733696272,0.0020754324403222,1.6251105389064533,0.0019368641718383,8.526698040931414e-05,0
2024-05-06 14:00:00+00:00,-0.0084055547076375,-0.0095808011724297,0.0020729947284205,1.5706494509412698,0.0019375675758013,8.622366533674106e-05,0
2024-05-06 15:00:00+00:00,0.0061142809199685,-0.0107010483396269,0.0020384280787943,1.15141476802191,0.0019383407521846,8.692551927367828e-05,0
2024-05-06 16:00:00+00:00,-0.008596723766842,-0.0043915762814097,0.0020470180178261,1.2354326993983031,0.0019388948635477,8.75184494720551e-05,0
2024-05-06 17:00:00+00:00,-0.0005369451514172,-7.731078852293902e-05,0.0020479591139121,1.2148091552680709,0.0019403271697201,8.859987902236948e-05,0
2024-05-06 18:00:00+00:00,0.004762048846207,-0.0138023716230168,0.0020102906680755,0.7779768607190858,0.0019410527798474,8.899736190621717e-05,0
2024-05-06 19:00:00+00:00,-0.0036656981624919,-0.0054974164559353,0.0020066117522809,0.7278546995728535,0.001941609944416,8.930602207152987e-05,0
2024-05-07 13:00:00+00:00,-0.0004710868308666,0.0045950055377006,0.0020168032264433,0.8360068649778535,0.0019419389668513,8.954981439536014e-05,0
2024-05-07 14:00:00+00:00,0.010411656221248,0.0191044538335551,0.0020344113095872,1.0145267377923517,0.0019428741885871,9.022642537665808e-05,0
2024-05-07 15:00:00+00:00,-0.0015423188183931,-0.0041830981338412,0.0020290459657442,0.9466222549288252,0.0019433023050263,9.057853887486328e-05,0
2024-05-07 16:00:00+00:00,-0.0020981963602139,-0.0187359226353557,0.0019955665374426,0.5725934210448214,0.0019436158597397,9.072873664548958e-05,0
2024-05-07 17:00:00+00:00,-0.0028421815869596,-0.0078874973176936,0.0019855236303218,0.4578246575023496,0.0019439333138419,9.084333007935728e-05,0
2024-05-07 18:00:00+00:00,-0.0040568632998733,-0.0001431412873004,0.0019933096440687,0.5387059900295957,0.0019442891935151,9.099666879684886e-05,0
2024-05-07 19:00:00+00:00,-0.0026077181203653,-0.0017769720346445,0.001994966266274,0.5476353974449552,0.001945006978975,9.122727919363528e-05,0
2024-05-08 13:00:00+00:00,-0.0102124906486965,-0.008707925374911,0.0019979700823927,0.5693300674080034,0.0019458859523619,9.148318877294354e-05,0
2024-05-08 14:00:00+00:00,0.0039514180504912,-0.0046022851250177,0.0019809529229757,0.3742886988636232,0.0019466757426125,9.157952261812488e-05,0
2024-05-08 15:00:00+00:00,-0.0051145223897696,0.0014183686591215,0.0019939366370119,0.503673563465188,0.001947720584051,9.175794862624662e-05,1
2024-05-08 16:00:00+00:00,0.0019948273962208,0.0007245471214385,0.0019914053866718,0.4625261499068615,0.0019489215183013,9.18518193598098e-05,1
2024-05-08 17:00:00+00:00,0.0028526325727836,0.0048887555831206,0.0019954642637867,0.4999796756831241,0.0019494512075477,9.202985336592452e-05,1
2024-05-08 18:00:00+00:00,-0.0012290066184888,-0.0060804799766534,0.0019858067675588,0.3868515852329586,0.0019501602549594,9.214518942174284e-05,1
2024-05-08 19:00:00+00:00,-0.0043145555765162,-0.0055667199161938,0.0019833217672781,0.3595974125908739,0.0019501835905178,9.215354616006796e-05,1
2024-05-09 13:00:00+00:00,-0.0177889163011075,0.0034051065391193,0.0020258049385369,0.8142654662819396,0.001950553794897,9.24159831847995e-05,1
2024-05-09 14:00:00+00:00,0.0051251541780512,0.0360792001057014,0.0020894924049111,1.461192232172345,0.0019521548385408,9.399007423280728e-05,0
2024-05-09 15:00:00+00:00,0.0108607053851268,0.0090015047872597,0.0020856112284434,1.380475080899938,0.0019538201422473,9.546792116680444e-05,0
2024-05-09 16:00:00+00:00,-0.0033186979680604,-0.0132628300436868,0.0020649744125976,1.143979623236686,0.0019547968801508,9.631074733220224e-05,0
2024-05-09 17:00:00+00:00,0.0007020711259607,-0.0152978101952908,0.0020321979758311,0.8120623514810189,0.001954343295287,9.587278661797196e-05,0
2024-05-09 18:00:00+00:00,0.0038750257198392,0.0070198578016424,0.002038598956952,0.8854411446649144,0.0019540076513488,9.553577458295164e-05,0
2024-05-09 19:00:00+00:00,0.0034563497729279,-0.0046083954931319,0.0020222242931614,0.7183912009031053,0.0019537453087988,9.532269364733793e-05,0
2024-05-10 13:00:00+00:00,0.0098854979425718,-0.0236579961501249,0.0019555168790311,0.0381778179170504,0.0019519205984809,9.41981691575238e-05,1
2024-05-10 14:00:00+00:00,-0.0291651500587421,-0.0104301967515238,0.0019924987414758,0.4438804335395645,0.0019509931911187,9.350614990186158e-05,0
2024-05-10 15:00:00+00:00,-0.0050666897017205,-0.0166227721932099,0.0019696057928223,0.2115092121083485,0.001949949805642,9.293206184404417e-05,1
2024-05-10 16:00:00+00:00,0.0032219611725066,-0.0038888288185257,0.0019556500167649,0.0803990507433395,0.0019482636059236,9.187186630970872e-05,1
2024-05-10 17:00:00+00:00,-0.011937708075383,0.0031050169202164,0.0019852907015585,0.381349265189926,0.0019505903857825,9.0993529930612e-05,0
2024-05-10 18:00:00+00:00,0.0043596400752183,0.0002598119181234,0.0019771680130314,0.2658084341621956,0.0019535458206593,8.88692356453067e-05,0
2024-05-10 19:00:00+00:00,0.0012604340516998,-0.0159146666366153,0.0019434999075066,-0.1477816378627631,0.0019562139486693,8.603261776314053e-05,1
2024-05-13 13:00:00+00:00,0.0324169069687264,0.0666583215906562,0.0020112005621045,0.6146841708337732,0.0019599723788014,8.334065807086645e-05,0
2024-05-13 14:00:00+00:00,0.000663440256086,-0.0095425312609545,0.0019907786962081,0.3428918353208779,0.0019629774892814,8.107864948327196e-05,0
2024-05-13 15:00:00+00:00,0.0034370192736329,0.0024546804827807,0.0019888240372966,0.2914062765310226,0.0019658610772829,7.880049903896989e-05,1
2024-05-13 16:00:00+00:00,0.002844642033356,-0.0247562467035308,0.0019346813565348,-0.4399628903226483,0.0019680809904527,7.591466156026152e-05,1
2024-05-13 17:00:00+00:00,-0.005870010564924,0.0091315464978966,0.0019639233788366,-0.0899568792307489,0.0019705179193436,7.330779550551024e-05,1
2024-05-13 18:00:00+00:00,-0.0004122108418797,0.0102456123863283,0.0019849664645976,0.1609437276551244,0.0019738238537176,6.923296137299413e-05,1
2024-05-13 19:00:00+00:00,0.0049185685024511,-0.000698506900283,0.0019738480141151,-0.0367418087734796,0.0019762896576393,6.645409155723075e-05,1
2024-05-14 13:00:00+00:00,-0.0213398724155764,0.0261049501873147,0.0020697540148026,1.3881133044038352,0.0019804255687035,6.435241692137275e-05,1
2024-05-14 14:00:00+00:00,0.0006502660963342,-0.0022403791920253,0.0020637797290421,1.2611805305974806,0.0019836964393578,6.34986726653728e-05,1
2024-05-14 15:00:00+00:00,-0.0001274648743053,0.0062932893030355,0.0020770733833312,1.4895282901600058,0.0019884285589693,5.951201125049919e-05,1
2024-05-14 16:00:00+00:00,-0.0065855481510887,-0.0074860483686362,0.002075203820195,1.479849479281422,0.001992891350541,5.5622190504144446e-05,1
2024-05-14 17:00:00+00:00,-0.0018626229461113,0.0019022434816808,0.0020830314110597,1.6326582234075653,0.0019970869122002,5.264083910969283e-05,1
2024-05-14 18:00:00+00:00,0.0018936829008006,0.0060746835476032,0.0020917587986297,1.7512428047690012,0.0020004407938918,5.214468518544545e-05,1
2024-05-14 19:00:00+00:00,0.0030691547401704,0.0107150595504534,0.0021078134853806,2.0356370639906847,0.0020045319739946,5.073670214256563e-05,1
2024-05-15 13:00:00+00:00,0.0413501337727528,0.0524249776889024,0.002131286933199,2.390031702525715,0.0020083979725854,5.141729311949306e-05,1
2024-05-15 14:00:00+00:00,0.0045346670137551,0.0230147510706766,0.002171039478736,2.951252582222791,0.0020129230416445,5.35760436243036e-05,1
2024-05-15 15:00:00+00:00,0.0031247935903771,0.0033247042204278,0.0021714735359909,2.798617037409752,0.0020175938208444,5.498419865583935e-05,1
2024-05-15 16:00:00+00:00,0.0022771073865699,0.0052568567026768,0.0021779536325116,2.7419943734030388,0.0020221135632238,5.683456931912584e-05,1
2024-05-15 17:00:00+00:00,0.0049202250227931,0.0205336004153046,0.0022122256952269,3.0178847660593124,0.0020255112930817,6.18692947607e-05,1
2024-05-15 18:00:00+00:00,0.0101559262306745,0.0114223769512767,0.0022150291448935,2.812683043254129,0.0020298301768211,6.584423670365836e-05,0
2024-05-15 19:00:00+00:00,0.0032258654708485,0.0313587362526834,0.0022782291034485,3.343434321350429,0.002034967514633,7.275799834381789e-05,0
2024-05-16 13:00:00+00:00,0.0047352552218709,-0.0021171917444469,0.0022626710256702,2.854350555598866,0.0020396050971437,7.814945087560934e-05,0
2024-05-16 14:00:00+00:00,-0.0094951806719107,-0.0041607669462356,0.0022747732996159,2.758852436712532,0.0020444301895178,8.349236335834834e-05,0
2024-05-16 15:00:00+00:00,0.0023883715474116,-0.0116929665732222,0.0022429659184537,2.2360927060184053,0.0020489567815123,8.676256419030788e-05,1
2024-05-16 16:00:00+00:00,-0.0106709093804285,-0.0230833424783977,0.00221529732656,1.828806546254304,0.0020530822619376,8.869995842627606e-05,1
2024-05-16 17:00:00+00:00,-0.0016741894660317,0.0114062308582726,0.0022444646915612,2.048660669174925,0.0020558994661249,9.204317155768153e-05,1
2024-05-16 18:00:00+00:00,0.0014282508182984,0.0097625068496574,0.0022632488020187,2.130389775965079,0.0020590703673515,9.584088178168036e-05,1
2024-05-16 19:00:00+00:00,0.0017314981889441,-0.0254324148877472,0.0022025975996713,1.4429835306965393,0.0020618065260328,9.756942518296102e-05,1
2024-05-17 13:00:00+00:00,0.0108956954140501,0.0693741375689226,0.002335242717211,2.5897337351371363,0.0020666102710225,0.0001037297551264,0
2024-05-17 14:00:00+00:00,0.0118155876251723,0.0211609770876908,0.0023571687640383,2.588407848337835,0.0020717637651913,0.0001102627621185,0
2024-05-17 15:00:00+00:00,0.0069579591672705,-0.0075098497214431,0.0023233112097337,2.1490331631633546,0.002076980774219,0.0001146238409612,1
2024-05-17 16:00:00+00:00,-0.0031201767413894,-0.0144532083201138,0.0022971296886529,1.8293509873644933,0.0020818227398252,0.0001176958114188,1
2024-05-17 17:00:00+00:00,-0.0030057216785158,-0.012366706332667,0.0022757266260513,1.5799601470863154,0.0020861381298186,0.0001199957458308,1
2024-05-17 18:00:00+00:00,0.0007427817780886,0.0214256276750055,0.0023232852577119,1.8793261181389884,0.0020909526956207,0.0001236254633236,1
2024-05-17 19:00:00+00:00,0.001186627379372,0.0197774066198602,0.002366880924146,2.105764096676619,0.0020965832782607,0.0001283608388574,1
2024-05-20 13:00:00+00:00,0.0020030544637783,0.0046670464224628,0.0023731946820613,2.039908530118524,0.002102877080671,0.0001325145698442,1
2024-05-20 14:00:00+00:00,-0.0014562946090783,0.0224182661178682,0.0024305354315842,2.3177680803469047,0.0021102939440254,0.000138168046352,1
2024-05-20 15:00:00+00:00,0.0066166073906865,0.0226776092271719,0.0024698874360026,2.427431557664755,0.0021182369072243,0.0001448652703175,0
2024-05-20 16:00:00+00:00,0.0117122215804243,0.0005105612619475,0.0024423749762158,2.1134348770933684,0.0021256937190567,0.0001498419755401,0
2024-05-20 17:00:00+00:00,0.0017806363811417,0.0002762467897924,0.0024387034551149,1.9820827765961848,0.0021330392752687,0.0001542136299529,0
2024-05-20 18:00:00+00:00,0.0049855463635126,0.0277305369008851,0.0024948073648865,2.210398759207624,0.0021416035159672,0.0001597919142181,0
2024-05-20 19:00:00+00:00,0.0175998460900737,0.0080816705887304,0.0024711740022153,1.95945629704072,0.0021495574720539,0.0001641355975364,0
2024-05-21 13:00:00+00:00,0.0095611099370366,-0.0358138559510103,0.0023615504563881,1.2470839086752965,0.0021557265565492,0.0001650441469151,1
2024-05-21 14:00:00+00:00,-0.0039802057735198,0.0153735633973536,0.0024077005069997,1.469177361634041,0.0021625971606028,0.0001668303315838,0
2024-05-21 15:00:00+00:00,-0.0082910419879302,-0.0027491598796915,0.002421080740956,1.4912548681298952,0.0021698517268261,0.0001684681938004,0
2024-05-21 16:00:00+00:00,0.0003342244522013,-0.0092615222909392,0.0023979597722128,1.3073926142229124,0.0021767623602416,0.0001691897365526,1
2024-05-21 17:00:00+00:00,0.0016622886974184,0.0028492474371271,0.0024008077413985,1.277837409422451,0.002183012406956,0.0001704405684452,1
2024-05-21 18:00:00+00:00,-0.000625917094424,-0.0069730921025919,0.0023856176525754,1.149462271093087,0.0021879478277504,0.0001719672144062,0
2024-05-21 19:00:00+00:00,-0.0060993487507174,-0.0035381139382654,0.0023917356109759,1.1457263258258976,0.0021930499007926,0.0001734146328881,0
2024-05-22 13:00:00+00:00,0.0012520073230501,-0.0012062543909193,0.0023858633196652,1.075264108877395,0.0021983980492437,0.0001743434648973,0
2024-05-22 14:00:00+00:00,0.009565122828354,0.0223199902466238,0.0024164895918,1.2083187891780898,0.0022048029095099,0.0001751910871418,0
2024-05-22 15:00:00+00:00,0.0045008743487938,0.0056496823146877,0.0024192672694962,1.1827598236243009,0.0022111473813856,0.0001759612424717,0
2024-05-22 16:00:00+00:00,-0.0026926210141523,-0.0132386385087292,0.0023938876964812,1.0045884507821512,0.002217341771441,0.0001757395527519,0
2024-05-22 17:00:00+00:00,-0.0061743627845483,-0.0317734619276006,0.0023333840514427,0.6345585822454084,0.0022236395576478,0.0001729461973495,1
2024-05-22 18:00:00+00:00,-0.0033449891455951,0.0120207768168185,0.002369515164897,0.8151521980732765,0.0022299231647048,0.0001712465482177,0
2024-05-22 19:00:00+00:00,0.0019900033078505,-0.0002668584953548,0.0023641735265663,0.7570966211357545,0.0022364992936006,0.0001686366434632,0
2024-05-23 13:00:00+00:00,-0.0232108811269146,-0.0309598960903109,0.0023459243085823,0.6233442602891773,0.0022430038651309,0.0001651101165248,0
2024-05-23 14:00:00+00:00,-0.0065419137984692,0.0103764001074305,0.0023859510300227,0.8380992926865837,0.0022496815372719,0.0001625934945177,0
2024-05-23 15:00:00+00:00,0.0055151443814933,-0.0040459869890121,0.0023632473481783,0.6728044754290888,0.0022561161928577,0.0001592307412228,0
2024-05-23 16:00:00+00:00,-0.0035568521379086,5.588483171837398e-05,0.0023718005802273,0.7025226967205062,0.0022632545374031,0.0001545089480111,0
2024-05-23 17:00:00+00:00,-0.0027087180744161,-0.0379632254050317,0.0022896406820514,0.1440568054922295,0.0022678952060688,0.0001509507024557,1
2024-05-23 18:00:00+00:00,-0.0041754898398018,-0.0070353922043962,0.002283101887864,0.0705401564157446,0.0022727672592631,0.0001465070270042,1
2024-05-23 19:00:00+00:00,-0.0031814751265946,0.0052948766648569,0.0023025365136414,0.1731613644030403,0.0022779958005355,0.0001417216432229,1
2024-05-24 13:00:00+00:00,-0.0009370819155927,0.0272151574328805,0.0023682791316804,0.6161252573969622,0.0022852224301213,0.0001348048965076,1
2024-05-24 14:00:00+00:00,0.0113644793159049,0.0123330660207597,0.0023705741266321,0.611710190109931,0.0022919999425845,0.0001284500165568,1
2024-05-24 15:00:00+00:00,0.0065732591656818,-0.002796131294385,0.0023484670188111,0.4127105878871313,0.0022980582851548,0.0001221406359221,1
2024-05-24 16:00:00+00:00,0.0009430644183109,0.0230011577935,0.0024008452821681,0.8306818387926663,0.002305174906289,0.0001151709010734,1
2024-05-24 17:00:00+00:00,0.0074343798291789,0.0146290020908938,0.0024181807433523,0.9585417586845948,0.0023109820184315,0.0001118352163059,0
2024-05-24 18:00:00+00:00,0.001616486561296,0.0058865543605204,0.0024285286164138,1.0319300723540044,0.0023170611665543,0.0001080184140822,1
2024-05-24 19:00:00+00:00,0.0015688630378137,0.0054334713608534,0.0024379320869793,1.0999933676693257,0.0023230754782818,0.0001044157283791,0
2024-05-28 13:00:00+00:00,-0.0202892593445664,-0.0101075727536807,0.0024628811436246,1.3235470024498708,0.0023295367670056,0.0001007477455444,0
2024-05-28 14:00:00+00:00,0.0034562511879777,-0.0073634402338737,0.002436377170605,1.048034189346247,0.002335425862998,9.6324441161559e-05,1
2024-05-28 15:00:00+00:00,0.0058262564437338,-0.0006740042400943,0.0024205914451207,0.8712804382751872,0.0023409064071062,9.14573936403091e-05,0
2024-05-28 16:00:00+00:00,-0.0094015159153942,0.0006619246807971,0.0024450739056127,1.1307517563111829,0.0023465274141101,8.71513052732951e-05,0
2024-05-28 17:00:00+00:00,0.000266623516019,-0.0052805450220682,0.0024315482178882,0.962784654746624,0.0023515317688549,8.310939381801064e-05,0
2024-05-28 18:00:00+00:00,0.0008936512428576,0.0084379291902216,0.0024499618649862,1.1634615034731874,0.0023561804752924,8.060549439220956e-05,0
2024-05-28 19:00:00+00:00,0.0094281301116818,0.0095905977019655,0.0024503599367227,1.151309782836743,0.0023608285819713,7.776478241224649e-05,0
2024-05-29 13:00:00+00:00,-0.0090687953440215,-0.0216406687770247,0.0024197471549418,0.7385862575903802,0.0023648584740118,7.4315870849077e-05,1
2024-05-29 14:00:00+00:00,-0.0028446628290959,-0.0061096004650031,0.0024118597143935,0.6083360459592945,0.0023681857076646,7.17925676426046e-05,0
2024-05-29 15:00:00+00:00,-0.0041138562689243,-0.0029365694986666,0.0024147008370069,0.624526119666198,0.0023715135691998,6.915206017353151e-05,1
2024-05-29 16:00:00+00:00,0.0034083935988045,0.0051854200755092,0.002418995639186,0.6606899336915247,0.0023738596781287,6.831640495116762e-05,1
2024-05-29 17:00:00+00:00,0.0004197992657918,0.0032387132435104,0.0024258241998461,0.7344452793754984,0.0023765788976983,6.705101595804666e-05,0
2024-05-29 18:00:00+00:00,-0.0036691945582317,0.0041856029976783,0.0024449535882252,0.9890140756442288,0.0023794152358418,6.626634948617804e-05,0
2024-05-29 19:00:00+00:00,-0.0005131795613647,-0.0175129804105387,0.0024037411581961,0.3389533835991626,0.0023820948231709,6.386227744757721e-05,0
2024-05-30 13:00:00+00:00,0.0196559841543243,0.0441925811855729,0.002463450320589,1.26920354007669,0.0023862307064047,6.084100126263757e-05,0
2024-05-30 14:00:00+00:00,-0.0040327462877794,-0.0031995224850521,0.0024655037814104,1.286224504245135,0.0023899146912355,5.876819320843014e-05,0
2024-05-30 15:00:00+00:00,0.0024731851735314,-0.0146551804797042,0.0024236333408913,0.5493485875963736,0.0023925877668834,5.651343192437448e-05,0
2024-05-30 16:00:00+00:00,0.0018698614603787,-0.0060583723525783,0.0024044941792144,0.1683933504897894,0.0023959527098758,5.072331724388464e-05,0
2024-05-30 17:00:00+00:00,0.0113891892574473,-0.01559164572905,0.0023404862945398,-1.097438089146798,0.0023960401028312,5.0621359729400736e-05,0
2024-05-30 18:00:00+00:00,-0.0011325137264926,-0.0167612514881466,0.0023041918052986,-1.7574427023539252,0.0023951571535189,5.17600648365514e-05,0
2024-05-30 19:00:00+00:00,-0.0122844744583461,-0.0394413171751362,0.0022424592553304,-2.770216792722527,0.0023938096209455,5.4634845190712975e-05,0
2024-05-31 13:00:00+00:00,-0.0068784013571715,-3.7745654684928325e-05,0.0022578517343239,-2.414819290143306,0.0023931549883734,5.603038480010408e-05,0
2024-05-31 14:00:00+00:00,-0.0089708238312853,-0.0084475569140811,0.0022590335026036,-2.362165753838227,0.0023928767696492,5.666125115401247e-05,0
2024-05-31 15:00:00+00:00,-0.0033417994491279,-0.0509820140846385,0.0021539359727186,-3.6929637454532713,0.002390054281566,6.393734819035572e-05,1
2024-05-31 16:00:00+00:00,-0.0011661161845941,0.0462373970158229,0.0022584988494107,-1.962990298505991,0.0023882479136538,6.609765944427406e-05,1
2024-05-31 17:00:00+00:00,0.0023198428842521,-5.938623024293373e-05,0.0022531317505039,-1.947823023304611,0.0023862468647945,6.834045634428742e-05,1
2024-05-31 18:00:00+00:00,0.0009699357268399,0.0028325162639421,0.002257332300567,-1.7984946724037414,0.0023833601459442,7.007407211765047e-05,1
2024-05-31 19:00:00+00:00,0.0058136655587279,0.0021552916642349,0.0022490892223321,-1.8330876069918327,0.0023796801757164,7.124097772860842e-05,1
2024-06-03 13:00:00+00:00,0.0303880508352801,0.0679014215636403,0.002335062634412,-0.6033364666842056,0.0023778916366863,7.098692792369764e-05,0
2024-06-03 14:00:00+00:00,-0.0164526900407594,-0.0090678867553802,0.0023523704413438,-0.3410736954128637,0.0023764527531234,7.060735583988128e-05,0
2024-06-03 15:00:00+00:00,0.0125758619829958,-0.0098410934286298,0.0023002241225949,-1.0495525654579383,0.0023732096990852,6.953970567301369e-05,1
2024-06-03 16:00:00+00:00,-0.0075791235915264,-0.0028904902337586,0.0023110343529461,-0.8651055451971413,0.0023705407049308,6.87850775145449e-05,1
2024-06-03 17:00:00+00:00,0.0030707014299426,0.0105949950382776,0.0023284888379429,-0.601544820006853,0.0023699896779567,6.899043701073195e-05,1
2024-06-03 18:00:00+00:00,0.0002531449665534,-0.0057925812093311,0.0023144539004685,-0.7803462885264939,0.0023684355678478,6.917655427216959e-05,1
2024-06-03 19:00:00+00:00,-0.0025693939289697,0.0138950681593734,0.0023528755670677,-0.2094683710363711,0.0023672988149497,6.885644744633353e-05,1
2024-06-04 13:00:00+00:00,0.0081466602532645,0.008667408678856,0.0023541011423954,-0.181312216034774,0.0023665678377861,6.87581656838901e-05,0
2024-06-04 14:00:00+00:00,4.262378086160026e-06,0.0016500301320859,0.002357978635997,-0.1147699662621261,0.0023658540193627,6.861885231987032e-05,0
2024-06-04 15:00:00+00:00,0.0111081739657818,0.0232682696114116,0.0023868269252421,0.3053227221301823,0.0023658741739071,6.862493295220647e-05,0
2024-06-04 16:00:00+00:00,0.0050114852288068,-0.0101645850160808,0.0023508777457601,-0.2087817227761933,0.0023651932094869,6.856665198684249e-05,1
2024-06-04 17:00:00+00:00,-0.003150174003992,0.0163913674359404,0.0023972693258476,0.4645351101871749,0.0023653833095899,6.864070241080295e-05,0
2024-06-04 18:00:00+00:00,0.0028407478237043,-0.0218146643261488,0.0023388863482745,-0.368515998852445,0.0023640899221978,6.83920752471765e-05,1
2024-06-04 19:00:00+00:00,-0.0047160361400661,-0.007520689946957,0.0023323357721171,-0.4448572598858646,0.0023626410639082,6.812363093473305e-05,1
2024-06-05 13:00:00+00:00,0.0047980660344333,0.0199924174900714,0.0023680447015608,0.0857938815959636,0.0023622103473262,6.800431599693609e-05,0
2024-06-05 14:00:00+00:00,0.0023735215578539,0.0138848049173609,0.0023954614332644,0.4735588493534548,0.0023632449703565,6.803053718003831e-05,0
2024-06-05 15:00:00+00:00,0.0096532756806993,0.0019636994307189,0.0023771119900569,0.201917894118761,0.0023633715841092,6.8049471334392e-05,1
2024-06-05 16:00:00+00:00,-0.0039329426099618,-0.0027879525884013,0.00237983531836,0.2379858768299749,0.0023636326139724,6.808262995862887e-05,1
2024-06-05 17:00:00+00:00,0.0041681989916944,-0.0055223325787832,0.002356884829891,-0.1018451226090332,0.0023638152893276,6.804900675697364e-05,1
2024-06-05 18:00:00+00:00,-0.007231586455817,-0.0021640279469637,0.0023688587954261,0.078369404554463,0.002363530418751,6.799052137065392e-05,1
2024-06-05 19:00:00+00:00,0.0030344766304974,0.0078865795091883,0.0023803806720672,0.2435079609812519,0.0023638159741491,6.802528283394997e-05,0
2024-06-06 13:00:00+00:00,-0.0011291616843662,0.0041078499115277,0.002392879452813,0.4214841160177273,0.0023641672886922,6.812158045742489e-05,0
2024-06-06 14:00:00+00:00,0.0027195483563115,0.0105416243476411,0.0024116701329865,0.6718332898613782,0.0023662011128745,6.767902215949059e-05,0
2024-06-06 15:00:00+00:00,-0.0026333781389437,-0.0091585669089742,0.0023959847607794,0.4171099637073473,0.0023680824940897,6.689427037813777e-05,0
2024-06-06 16:00:00+00:00,-0.0041375238882942,-0.0003807625235535,0.0024050028325247,0.5295174954368043,0.0023697902660711,6.649934469981553e-05,0
2024-06-06 17:00:00+00:00,0.0014763084153661,-0.0040330832798599,0.0023917891629562,0.3246276551946745,0.0023701820999257,6.655952653683198e-05,0
2024-06-06 18:00:00+00:00,-0.0001050878226275,-0.0098841383489404,0.0023685137271997,-0.0245498251198012,0.0023701477599352,6.655985235990191e-05,0
2024-06-06 19:00:00+00:00,-0.0085550977878551,-0.0131079703705042,0.0023577546968217,-0.188634663050859,0.0023703025545687,6.651936364177242e-05,0
2024-06-07 13:00:00+00:00,0.0140144761456847,0.0259466507928831,0.0023860563519949,0.2408533941042978,0.0023700560723991,6.643161353508468e-05,0
2024-06-07 14:00:00+00:00,-0.0014534188146865,-0.0056994612078406,0.0023759465341185,0.0997089461186502,0.0023693521689119,6.613614388022148e-05,0
2024-06-07 15:00:00+00:00,-0.0040690615128688,0.002762511776944,0.0023922335566497,0.3572030532321885,0.0023687472512492,6.575057292481153e-05,0
2024-06-07 16:00:00+00:00,-0.0040662584690169,-0.0160096298525214,0.0023638321646396,-0.0565107139748808,0.0023675122525435,6.512195024639118e-05,0
2024-06-07 17:00:00+00:00,-0.0137977452140333,-0.0337182001116079,0.0023172094670332,-0.7455376105910273,0.002365084391267,6.421530390104161e-05,0
2024-06-07 18:00:00+00:00,-0.0102103687719931,-0.0051320804260146,0.0023290068547796,-0.5383683407759192,0.0023632948860032,6.368879561932828e-05,0
2024-06-07 19:00:00+00:00,0.0019287639951479,-0.0070654208018667,0.0023081532578661,-0.8371667900104126,0.0023614209162156,6.362848954967559e-05,1
2024-06-10 13:00:00+00:00,0.0022714484779891,0.0143404502937454,0.0023361791457838,-0.3733428081207116,0.0023596060035518,6.27489193803705e-05,0
2024-06-10 14:00:00+00:00,0.0032423833756238,0.0067195736625786,0.0023443166248005,-0.2229356872540779,0.002358152143667,6.206058364593247e-05,0
2024-06-10 15:00:00+00:00,0.0063349695251385,-0.0053941333241044,0.0023169805213705,-0.6376360882385619,0.0023559357879401,6.109325881662623e-05,0
2024-06-10 16:00:00+00:00,-0.0011538964305706,0.0048491513741904,0.0023309312978974,-0.3842164945069,0.0023539453106263,5.989855474191909e-05,0
2024-06-10 17:00:00+00:00,0.000207533975223,0.0030424658278386,0.0023375487047969,-0.2533783242254275,0.0023525753364573,5.930511896104614e-05,0
2024-06-10 18:00:00+00:00,-0.0020522245997228,0.0013376917178556,0.0023454862454926,-0.1017539282602783,0.0023514691119756,5.8797400604256656e-05,0
2024-06-10 19:00:00+00:00,-0.0063829849955525,-0.0224325466408177,0.0023081426948189,-0.7107079631296113,0.0023496931429391,5.846346217551494e-05,0
2024-06-11 13:00:00+00:00,-0.0395994660970254,-0.047192690577891,0.0022906828214625,-0.9766446796663484,0.0023475545959771,5.823179678205421e-05,1
2024-06-11 14:00:00+00:00,0.0024232907816046,-0.0043483520335487,0.0022752235370428,-1.2028502815936706,0.0023450445849303,5.804633291107616e-05,1
2024-06-11 15:00:00+00:00,-0.0093321544030276,0.0013202145050776,0.0022995896052745,-0.757257508228975,0.0023426218518812,5.682643768998097e-05,1
2024-06-11 16:00:00+00:00,0.0028520895869572,0.0035514660414622,0.0023011984466268,-0.7029319325285169,0.0023409128066883,5.649815895930303e-05,1
2024-06-11 17:00:00+00:00,0.0047283408850535,0.0110713285966393,0.0023158413107548,-0.4168712869029752,0.0023384526565244,5.424059291200286e-05,1
2024-06-11 18:00:00+00:00,0.0049079464898682,0.0004333360951357,0.0023055019726593,-0.5850277668832689,0.0023357859597119,5.176504222000332e-05,1
2024-06-11 19:00:00+00:00,0.0060490147925809,0.005802647525234,0.002304934042401,-0.5705561191644097,0.0023338076380704,5.060605731763955e-05,1
2024-06-12 13:00:00+00:00,0.0271698967590922,0.0793973506965735,0.0024285139205968,1.839562490473724,0.0023342079670935,5.1265425334417566e-05,0
2024-06-12 14:00:00+00:00,0.0083840709926092,-0.0080299203889809,0.0023889776754751,1.0428141522566194,0.0023350161567757,5.174605521284289e-05,0
2024-06-12 15:00:00+00:00,-0.002893847024317,-0.0123895645510224,0.002366399983633,0.5865157474056748,0.0023360529597479,5.174119197872417e-05,0
2024-06-12 16:00:00+00:00,-0.0014343049528931,0.020349080223855,0.0024185137321703,1.5491993984267398,0.0023389872010286,5.133395431375031e-05,0
2024-06-12 17:00:00+00:00,0.00248596429677,-0.0154821363919859,0.0023754457178349,0.6842187023372667,0.0023409471007538,5.042045323115108e-05,0
2024-06-12 18:00:00+00:00,-0.0145139672844348,-0.0288800539843694,0.0023415638165897,-0.0154036658644715,0.0023423226059869,4.9260312700856426e-05,0
2024-06-12 19:00:00+00:00,-0.0189911943400414,-0.0042489770297463,0.0023763393637359,0.7083986606504072,0.0023460293291705,4.278669095379957e-05,0
2024-06-13 13:00:00+00:00,0.0008189927634069,-0.0551453151180269,0.0022470020674021,-2.2873865102101707,0.002345837716137,4.3208984705371934e-05,0
2024-06-13 14:00:00+00:00,-0.002785275345672,-0.0080495660383676,0.0022352042760795,-2.5123393295335688,0.0023455389248966,4.391709651642664e-05,0
2024-06-13 15:00:00+00:00,-0.0145992121325807,0.0093926297691686,0.0022894794206217,-1.3158800274373728,0.0023460747102309,4.300946015526813e-05,0
2024-06-13 16:00:00+00:00,0.0086194294382032,-0.0087122046175125,0.0022501408863875,-2.233012674653665,0.0023460922379651,4.296946124253683e-05,1
2024-06-13 17:00:00+00:00,-0.001170241269178,-0.0076779083014926,0.0022355452619651,-2.4057369346330115,0.002344433615091,4.526195344070925e-05,0
2024-06-13 18:00:00+00:00,-0.0003721960485746,-0.0146829690809135,0.0022037807108666,-2.834336343484797,0.0023419571195831,4.875088626445102e-05,1
2024-06-13 19:00:00+00:00,-0.002622613529324,0.0070165066997071,0.0022251259273815,-2.276845487750382,0.0023407054829962,5.076302113451535e-05,1
2024-06-14 13:00:00+00:00,0.0062300869679129,0.0154605143309544,0.0022457598741993,-1.8017768014283977,0.0023396175750171,5.2091746737651165e-05,1
2024-06-14 14:00:00+00:00,-0.0023586058833924,0.0151534182116055,0.0022854340488746,-1.0175801584870152,0.0023388999951993,5.254224532459823e-05,0
2024-06-14 15:00:00+00:00,-0.0091018673296344,-0.0393386807445651,0.0022173641012046,-2.190026622805819,0.0023372818318782,5.475628899886966e-05,0
2024-06-14 16:00:00+00:00,-0.0167714979430352,0.0087886037999444,0.0022747706869527,-1.1067615942078397,0.0023359800838763,5.530495207266624e-05,0
2024-06-14 17:00:00+00:00,0.0018806317134084,0.0016866346122095,0.0022743294308362,-1.0806671988276555,0.0023346505553503,5.581840975608077e-05,0
2024-06-14 18:00:00+00:00,0.0017981166393877,0.0027209467383985,0.002276429219215,-1.0112055474295325,0.0023332913984039,5.6232068083003095e-05,0
2024-06-14 19:00:00+00:00,0.0005561026201525,0.0033354294986488,0.0022827649606006,-0.8688413966371505,0.0023315570323266,5.615762774977078e-05,1
2024-06-17 13:00:00+00:00,-0.0043117379555895,-0.0306799946828018,0.0022233590847258,-1.835073629829264,0.0023294317213093,5.780293218717254e-05,1
2024-06-17 14:00:00+00:00,0.0020362872107246,0.0077718461705999,0.002236147932381,-1.5529886385166656,0.0023267463647515,5.833811666330218e-05,1
2024-06-17 15:00:00+00:00,-0.0009393510642887,0.0085722940833167,0.0022575188531978,-1.1504954236796023,0.0023253902398336,5.8993182622769415e-05,1
2024-06-17 16:00:00+00:00,0.0079802650498184,0.0136469101000767,0.0022703477252364,-0.9090835636938036,0.0023243571057189,5.941079856623471e-05,1
2024-06-17 17:00:00+00:00,0.0098199661562312,0.0357118168056962,0.0023298988470105,0.1044576595893895,0.0023237213414764,5.913884686261637e-05,0
2024-06-17 18:00:00+00:00,0.0081932769672119,-0.0125492593307673,0.0022820686107241,-0.6783508281039058,0.0023218314611007,5.861694086494073e-05,1
2024-06-17 19:00:00+00:00,-0.0061658071122355,-0.0145811385473201,0.0022629448263577,-0.9716736518981188,0.0023199286750391,5.864504874665778e-05,1
2024-06-18 13:00:00+00:00,-0.0275998225930741,-0.010562710247721,0.0023018291695037,-0.2888624726549542,0.0023186285725582,5.815709773584779e-05,0
2024-06-18 14:00:00+00:00,-0.0016756761868072,-0.001020895903762,0.0023033368554065,-0.2483886654942405,0.0023177361063167,5.797064403719847e-05,0
2024-06-18 15:00:00+00:00,-0.001018070736212,-0.0014406886805881,0.0023023636295853,-0.2475944711359733,0.0023166278535527,5.7611237851907415e-05,0
2024-06-18 16:00:00+00:00,-0.0004185608297911,0.0001277761445728,0.0023036218396366,-0.205656619692605,0.0023153485396789,5.702077598962717e-05,0
2024-06-18 17:00:00+00:00,5.569326521409698e-05,0.0028151327885452,0.0023099873233322,-0.070929779260697,0.0023139670041875,5.610733456140876e-05,0
2024-06-18 18:00:00+00:00,0.0010131846004222,-0.0123982821989851,0.0022792138251738,-0.5940246527570807,0.0023117593990573,5.478825454874194e-05,0
2024-06-18 19:00:00+00:00,-0.0023818028112171,-0.004095009859948,0.0022753124029093,-0.6394655544048099,0.0023097481930928,5.385089149262433e-05,0
2024-06-20 13:00:00+00:00,0.0102368299846554,0.0030068361486373,0.0022589212336885,-0.9171703099451752,0.0023073134997789,5.276257371799888e-05,0
2024-06-20 14:00:00+00:00,-0.0037973619415628,-0.0021146787509792,0.0022627254822522,-0.8179230591727734,0.0023051624384338,5.188379971164836e-05,0
2024-06-20 15:00:00+00:00,-0.0018493113802427,-0.0144938905094229,0.0022342943991925,-1.3198426284744076,0.0023029254496337,5.199941944634958e-05,1
2024-06-20 16:00:00+00:00,-0.0002287066797986,-0.004488639837433,0.0022247966985453,-1.447218009081538,0.0023007094829958,5.245428399458346e-05,1
2024-06-20 17:00:00+00:00,0.0020751904000518,0.0081146612215849,0.0022382739500582,-1.1567672677195882,0.0022982464429635,5.184490828780564e-05,1
2024-06-20 18:00:00+00:00,0.0025365039174596,0.0029612503858863,0.0022392248509455,-1.104497291069738,0.0022959677482439,5.137441056418489e-05,1
2024-06-20 19:00:00+00:00,-0.0025241104031659,0.0071405505046028,0.0022609711156951,-0.6564211616524546,0.0022937800408947,4.998151661809048e-05,1
2024-06-21 13:00:00+00:00,-0.0205886800918892,-0.0088433644770399,0.0022876835006552,-0.0982532749373441,0.002292510896495,4.913216218794581e-05,0
2024-06-21 14:00:00+00:00,0.0084471899257883,0.0055785347066036,0.0022811303293297,-0.219780736288459,0.0022919095775332,4.904546406353435e-05,1
2024-06-21 15:00:00+00:00,-0.0081397995929736,-0.0022235630221381,0.0022946660367494,0.0682062587170289,0.0022913372305661,4.880499599191921e-05,0
2024-06-21 16:00:00+00:00,-0.0009317952977695,-0.0040692519217455,0.0022874779037168,-0.0720865061594845,0.0022909926413302,4.875721963360737e-05,1
2024-06-21 17:00:00+00:00,0.0010667936685092,0.0108204655844013,0.0023098983759239,0.3991565561634627,0.0022905546284992,4.846155506136442e-05,0
2024-06-21 18:00:00+00:00,0.0074212964448512,0.0022154546944065,0.0022979046563089,0.1693938238749262,0.002289781095691,4.7956651736566136e-05,0
2024-06-21 19:00:00+00:00,0.0006503068080066,0.009626814354404,0.0023186246723567,0.600675793495718,0.0022898084982075,4.797292393205505e-05,0
2024-06-24 13:00:00+00:00,-0.0417557322098045,-0.0547538357977072,0.0022886819694299,-0.008860695388029,0.002289104342733,4.7668189073216005e-05,1
2024-06-24 14:00:00+00:00,-0.0035816346016631,0.0017066545736025,0.002300817240645,0.260739812563321,0.0022884921516638,4.7269685668562405e-05,1
2024-06-24 15:00:00+00:00,-0.0099435080132764,-0.0274079739805017,0.0022609835458125,-0.5577053851249185,0.0022870837733358,4.6799310566902745e-05,1
2024-06-24 16:00:00+00:00,-0.0100780878378646,-0.0241153546155585,0.0022294672355365,-1.1904168366981769,0.0022857725156811,4.729879350567265e-05,1
2024-06-24 17:00:00+00:00,0.0015720393600988,0.0150389823353927,0.0022596944207238,-0.5391232668553559,0.0022852560423355,4.741331562399495e-05,1
2024-06-24 18:00:00+00:00,0.0024991149298602,0.0204873531710988,0.0023007101365788,0.3168330912960836,0.0022856808189944,4.7436072800800745e-05,1
2024-06-24 19:00:00+00:00,-0.0190276109912188,-0.0117025458584989,0.0023176248632861,0.6650213482473117,0.0022859814066279,4.758261782351907e-05,1
2024-06-25 13:00:00+00:00,0.0323343653642086,0.0693295684210362,0.0024049716090131,2.346566800940154,0.0022877109593344,4.9971153445015e-05,0
2024-06-25 14:00:00+00:00,0.0099671846257278,0.0021500085971343,0.0023862448132944,1.8924176618695496,0.0022888843510434,5.144766095387963e-05,1
2024-06-25 15:00:00+00:00,0.0013802287924505,0.0002306682805727,0.0023835032565799,1.7660214119236826,0.002290184372442,5.284130957178905e-05,1
2024-06-25 16:00:00+00:00,-0.0075671435670494,0.0080274197220514,0.0024209642839685,2.323682448620006,0.0022921182098015,5.544908868402567e-05,0
2024-06-25 17:00:00+00:00,0.0010000001469466,-0.0064930911137856,0.0024028915724479,2.0414653476365983,0.0022916911706657,5.44708740273138e-05,0
2024-06-25 18:00:00+00:00,0.0116579167850836,0.0048470230463443,0.0023865813399627,1.7450655624672284,0.0022916512317405,5.4399164285825977e-05,0
2024-06-25 19:00:00+00:00,-0.0003656334174486,0.0075309372060163,0.0024055017529346,2.038434300869228,0.0022923029278955,5.5532241088557866e-05,0
2024-06-26 13:00:00+00:00,-0.0056503704782957,-0.0060801055655267,0.0024044682465118,2.0429414600548497,0.0022920688364679,5.501841939266349e-05,0
2024-06-26 14:00:00+00:00,-0.0003967443993715,-0.0076422428607806,0.002387109637359,1.7139566214565372,0.0022922632351266,5.533769119071072e-05,0
2024-06-26 15:00:00+00:00,-0.0056872208040182,0.0005900860441739,0.0024021413871259,1.9171693902186455,0.0022932728613022,5.678607554407022e-05,1
2024-06-26 16:00:00+00:00,-0.002905640028609,-0.006420017961256,0.0023937141713281,1.749094648359689,0.0022935624414287,5.7259182625325366e-05,1
2024-06-26 17:00:00+00:00,-0.0007964105213354,-0.0003548531462719,0.0023947713668634,1.6911662676413457,0.0022960252630864,5.838935275988454e-05,1
2024-06-26 18:00:00+00:00,-0.0042573919060374,-0.0062919160360258,0.0023899040996968,1.54563908210098,0.00229860359348,5.9069744854458914e-05,1
2024-06-26 19:00:00+00:00,0.002062595175546,0.0019075192686818,0.0023895335118866,1.4825392033722429,0.0023002711616678,6.020909937206415e-05,1
2024-06-27 13:00:00+00:00,0.0129510788340222,0.0311791054130516,0.0024334893896451,2.091291475880643,0.0023033269700554,6.224020950251823e-05,0
2024-06-27 14:00:00+00:00,-0.0026507735376384,-0.013129157001346,0.002408123483601,1.6168239543334484,0.0023062032737494,6.303729579120412e-05,1
2024-06-27 15:00:00+00:00,-0.0023392969998884,0.0163730917968506,0.002453609475026,2.2244785846183506,0.0023103670864853,6.439369186611348e-05,0
2024-06-27 16:00:00+00:00,0.0022193426507977,0.0112290921788006,0.002475815768188,2.412242158864232,0.0023145452504988,6.685502825518794e-05,0
2024-06-27 17:00:00+00:00,0.0019701396422751,-0.0083687342139796,0.0024503504892591,1.9332077529493965,0.0023179550940831,6.848482527241921e-05,0
2024-06-27 18:00:00+00:00,-0.0007862995835803,-0.003436769798011,0.0024438645075201,1.7549325720741624,0.0023205956017272,7.024139146682209e-05,0
2024-06-27 19:00:00+00:00,-0.0049672432371589,0.0111307366461672,0.0024835241528232,2.2014667550339846,0.0023250316025875,7.199406935092685e-05,0
2024-06-28 13:00:00+00:00,-0.0034717063635596,-0.047578896897521,0.002376363529196,0.6895546270021656,0.0023267248166249,7.198662821957387e-05,0
2024-06-28 14:00:00+00:00,-0.0062890574102392,-0.0115823006875105,0.0023638180912402,0.4957812255300471,0.0023282162942983,7.180948996980495e-05,0
2024-06-28 15:00:00+00:00,0.0029836043253315,-0.0028303418160361,0.0023501148537119,0.2889422857957031,0.0023294443882066,7.153838853460242e-05,0
2024-06-28 16:00:00+00:00,-0.0046773858163914,-0.0094506470665197,0.0023389238715361,0.1198512129480158,0.0023303803700555,7.128423042559842e-05,0
2024-06-28 17:00:00+00:00,-0.0007354001833687,-0.0091678696438393,0.0023192838905663,-0.1816051303014241,0.0023319791168195,6.990565867899816e-05,0
2024-06-28 18:00:00+00:00,0.0007429244479161,0.0051263404000741,0.0023294725909115,-0.0590687837876174,0.002333534527795,6.876621834814741e-05,0
2024-06-28 19:00:00+00:00,-0.0104188847644894,-0.0268384094141657,0.0022915360604886,-0.6235111824283217,0.0023341014812499,6.82672932914144e-05,0
2024-07-01 13:00:00+00:00,0.040972960007836,0.0197815519267688,0.0022434861059548,-1.3109838348310523,0.0023336537875952,6.87786372682741e-05,0
2024-07-01 14:00:00+00:00,0.0022559095081856,0.000647392952392,0.0022398803221696,-1.3212906105638915,0.0023321534788478,6.983562581959618e-05,0
2024-07-01 15:00:00+00:00,0.0029740898476256,0.0006470825688941,0.0022346741640895,-1.3680901820861453,0.0023313635714039,7.06747322511878e-05,0
2024-07-01 16:00:00+00:00,0.0010907251376444,-0.001493782769056,0.0022289060880733,-1.4277035730019751,0.0023307962590992,7.136647477294482e-05,0
2024-07-01 17:00:00+00:00,0.0093176445847021,0.0079909306650825,0.0022259509281001,-1.427695984733712,0.0023295316217425,7.255094554437097e-05,0
2024-07-01 18:00:00+00:00,-9.045609313159754e-05,-0.0164913529900085,0.0021897410850505,-1.8460996269449144,0.0023276383589032,7.46965504136306e-05,0
2024-07-01 19:00:00+00:00,-0.0084990471355453,-0.0189603946645374,0.0021669528482218,-2.045102136330744,0.0023253815125471,7.746736043688498e-05,0
2024-07-02 13:00:00+00:00,-0.0078804765366451,-0.0085794403863664,0.0021654387557264,-1.9672161474856429,0.0023230784611486,8.013339338623904e-05,0
2024-07-02 14:00:00+00:00,-0.0095575000343718,0.0030323023682488,0.00219287353865,-1.5666349362788332,0.0023211265647373,8.186529172640653e-05,0
2024-07-02 15:00:00+00:00,-0.000555790721784,-0.0197056033866478,0.0021512799470073,-1.9825343847453805,0.0023189943334345,8.459595340067743e-05,0
2024-07-02 16:00:00+00:00,-0.0014331402866765,-0.0019379229080528,0.0021501942923092,-1.9120156235360288,0.0023169090315912,8.719318881589939e-05,0
2024-07-02 17:00:00+00:00,0.0032852264190328,-0.0032685120942231,0.0021361485574751,-1.9863021875040063,0.0023148628203209,8.997335046505231e-05,1
2024-07-02 18:00:00+00:00,0.0033619226496703,-0.0057533408909872,0.00211676547557,-2.096752731330364,0.0023124301535429,9.331795545046357e-05,1
2024-07-02 19:00:00+00:00,-0.0061218044961546,0.001853325539432,0.0021337144507999,-1.8514823463371732,0.0023107538210697,9.56203393567406e-05,1
2024-07-03 13:00:00+00:00,-0.0221357481262022,-0.0195111799860073,0.0021393218850956,-1.7429482983493896,0.0023093292408455,9.7540102544008e-05,1
2024-07-03 14:00:00+00:00,-0.0051388751458023,-0.0003938618880295,0.002149497117518,-1.5947874040424357,0.0023078496269699,9.929380496137006e-05,1
2024-07-03 15:00:00+00:00,-0.0019702202276994,0.0089862795649163,0.0021731775727994,-1.3300317839037443,0.0023067488390007,0.0001004271234852,1
2024-07-05 13:00:00+00:00,-0.0739968731202172,-0.0781165526458127,0.0021642431936726,-1.3821297562697457,0.002305136706967,0.000101939425481,1
2024-07-05 14:00:00+00:00,-0.0014565647249229,0.0519076217218546,0.0022828734228441,-0.217576936419706,0.0023050565390035,0.0001019552739571,0
2024-07-05 15:00:00+00:00,0.0150904856917211,0.0143377380087958,0.0022811556417736,-0.2344296843761668,0.0023050569608776,0.0001019551733287,0
2024-07-05 16:00:00+00:00,-0.0024278074782417,0.0013115725875335,0.0022897017182631,-0.1497807068178395,0.0023049742222361,0.0001019657624635,1
2024-07-05 17:00:00+00:00,0.0012927765422898,-0.0119399028933072,0.0022596024158396,-0.4397915113794869,0.0023045096307715,0.0001021102358048,1
2024-07-05 18:00:00+00:00,0.0009018027061593,0.0100115259146648,0.0022802808126417,-0.2323441535494098,0.0023040160047168,0.0001021553230952,1
2024-07-05 19:00:00+00:00,-0.0008257114838741,-0.0058778620262535,0.0022687895429517,-0.3397542165124241,0.0023035307528275,0.0001022539476698,1
2024-07-08 13:00:00+00:00,0.0114120845439087,-0.0144519969926099,0.0022108617391451,-0.8828745217663512,0.0023017347039407,0.0001029285165163,1
2024-07-08 14:00:00+00:00,-0.0168678429974429,0.030004126489761,0.0023169561877509,0.143300234632416,0.0023022059409127,0.0001029324681574,0
2024-07-08 15:00:00+00:00,-0.0075952198193236,-0.0156067456476602,0.002298467991628,-0.0359338490723245,0.0023021667867624,0.0001029334521608,0
2024-07-08 16:00:00+00:00,4.481028306337867e-06,0.0068313059658627,0.0023142129129923,0.1085484034766383,0.0023030539428821,0.000102801789366,0
2024-07-08 17:00:00+00:00,0.0091744005737997,0.0084682251647959,0.0023125792496363,0.0795301933838964,0.0023044391431171,0.0001023524044498,0
2024-07-08 18:00:00+00:00,-0.000484087573788,-0.0068275430695295,0.0022979559362907,-0.0696843202265237,0.0023050768350432,0.000102187963223,0
2024-07-08 19:00:00+00:00,0.0036356771954434,-0.0010676607959224,0.0022871732500193,-0.1729527624254441,0.0023048512202672,0.000102212708256,0
2024-07-09 13:00:00+00:00,0.013721028366407,0.0085861281957257,0.0022754589453394,-0.2805316964987351,0.0023041484549681,0.0001022683354028,0
2024-07-09 14:00:00+00:00,0.0004433041068473,-0.0158423205417571,0.0022387017940325,-0.6160276257966854,0.0023013772913851,0.0001017413744578,1
2024-07-09 15:00:00+00:00,0.0033979052258059,0.014346238658169,0.0022633465108462,-0.3554185991919015,0.0022993289863443,0.0001012397088386,1
2024-07-09 16:00:00+00:00,0.0031789369169186,-0.0139720131554607,0.0022248589603088,-0.710616208667953,0.0022966849147398,0.0001010755926403,1
2024-07-09 17:00:00+00:00,-0.0023987870675287,0.0077839575884717,0.0022476298694177,-0.4619666417077877,0.0022937960078306,9.99339221597619e-05,1
2024-07-09 18:00:00+00:00,0.006437861498805,0.0075767463360756,0.0022501911192032,-0.4145411324684772,0.0022912510002765,9.904899142033678e-05,1
2024-07-09 19:00:00+00:00,-0.0017649697278698,-0.0007755023212901,0.0022524187118577,-0.3720171006925795,0.0022890149564747,9.837247951483744e-05,1
2024-07-10 13:00:00+00:00,-0.001887663253382,0.0161665738413676,0.002293453726635,0.0648923580790692,0.0022871474893698,9.71799677477439e-05,0
2024-07-10 14:00:00+00:00,0.0008613365814134,-0.0150456341355405,0.0022572604512181,-0.2857094711894927,0.0022846940261149,9.601913014128051e-05,1
2024-07-10 15:00:00+00:00,1.7386945698911477e-05,0.0113978255496802,0.0022830957951322,0.0014234641600383,0.0022829604620777,9.507303259588468e-05,1
2024-07-10 16:00:00+00:00,-0.0009533453445215,-0.0072173198295181,0.0022688392392915,-0.1268745866226989,0.0022807387596138,9.378962831776244e-05,1
2024-07-10 17:00:00+00:00,-0.0009318872446609,-0.0005502171852282,0.0022697053525731,-0.0968138277368959,0.0022786719459679,9.261686687174276e-05,1
2024-07-10 18:00:00+00:00,-0.000435856184124,-0.0015684616749655,0.0022671361270623,-0.1029807690256026,0.0022765446919712,9.136234850445614e-05,1
2024-07-10 19:00:00+00:00,-0.0026725059990189,-0.0003753478321805,0.0022723500836806,-0.0247982321662972,0.002274585458371,9.014250190872632e-05,1
2024-07-11 13:00:00+00:00,0.0182443334379271,0.060549389573634,0.0023705443948826,1.0725318382482731,0.0022742689730876,8.976462829513412e-05,0
2024-07-11 14:00:00+00:00,-0.010663321225705,-0.0141625462169645,0.0023622638229346,1.0125284820202438,0.0022730818803091,8.807845330695964e-05,0
2024-07-11 15:00:00+00:00,-0.0097277690630278,-0.0077043271944496,0.0023670485656504,1.0858741588756684,0.0022723972983432,8.716596350836421e-05,0
2024-07-11 16:00:00+00:00,0.0055373174591293,0.0022084538292602,0.0023591820842563,1.043749208151519,0.0022708235084971,8.465498710721155e-05,1
2024-07-11 17:00:00+00:00,0.0030809015626504,-0.0051603280038197,0.0023398194187855,0.8818906982150513,0.0022685569026737,8.08065174698831e-05,1
2024-07-11 18:00:00+00:00,6.63348348981385e-05,0.0079651300238151,0.0023583743575123,1.1692496795726075,0.0022670239671446,7.812735976215628e-05,1
2024-07-11 19:00:00+00:00,-0.0072595159647799,-0.0035330010884551,0.0023671792702693,1.3385723981757074,0.002265745879857,7.57772912025453e-05,1
2024-07-12 13:00:00+00:00,0.009117197183971,0.0016027285935855,0.0023494578429395,1.2091891980114946,0.002263511441359,7.107771200888079e-05,1
2024-07-12 14:00:00+00:00,-0.0021848721642378,0.0223535904553117,0.0024078230945441,1.9961060184149515,0.0022640357674481,7.203391291320227e-05,0
2024-07-12 15:00:00+00:00,0.0075558459996494,0.0068731240576605,0.0024061797819117,1.931521021094116,0.002264741795626,7.322622158447911e-05,1
2024-07-12 16:00:00+00:00,-0.0025766863052759,0.0162296610090083,0.0024518594218596,2.428631833742629,0.0022664375384284,7.63482883057711e-05,1
2024-07-12 17:00:00+00:00,0.001229778558354,-0.0031024276863158,0.0024412604362338,2.188892967753263,0.0022681431478401,7.908896914747759e-05,1
2024-07-12 18:00:00+00:00,0.0026521547348587,-0.0026159630750244,0.0024284334054715,1.944343546973103,0.0022699623064218,8.150365160334239e-05,1
2024-07-12 19:00:00+00:00,-0.010257129865857,-0.0150880636242552,0.0024167300962697,1.7435958941908818,0.0022714165981778,8.334127109154894e-05,1
2024-07-15 13:00:00+00:00,0.0858614315037762,0.0942729091116697,0.0024371441029764,1.8985327476301737,0.0022738433988859,8.601416240744865e-05,1
2024-07-15 14:00:00+00:00,0.0049205371627715,0.0383244424544016,0.0025199292090598,2.636686310774607,0.0022784507839377,9.158405538625672e-05,1
2024-07-15 15:00:00+00:00,-0.0027206663200715,0.0026237242076651,0.0025334327468037,2.573998599657892,0.0022833433243482,9.715989064200696e-05,0
2024-07-15 16:00:00+00:00,0.0082247641566802,0.020349788635463,0.0025643376636848,2.662429916241789,0.0022888377160082,0.0001034768825259,0
2024-07-15 17:00:00+00:00,-0.005806990332453,-0.0033706585355178,0.002570592857843,2.5243770740958986,0.0022945324955043,0.0001093578155068,0
2024-07-15 18:00:00+00:00,0.0060312709808673,-0.001179683197549,0.0025521231028445,2.213756548680655,0.0022999686984167,0.0001139034030539,0
2024-07-15 19:00:00+00:00,-0.0033519952339837,-0.0063617223839825,0.0025444534562132,2.034881524316756,0.0023058805712694,0.0001172416585893,1
2024-07-16 13:00:00+00:00,0.0042159579012593,-0.0132706370936797,0.002500346394225,1.5949782741877612,0.0023114371303695,0.0001184400232358,1
2024-07-16 14:00:00+00:00,0.0034107820156739,0.0331911204851059,0.0025759273840814,2.117513723060917,0.0023182786075087,0.0001216751389928,0
2024-07-16 15:00:00+00:00,0.0165484343678446,0.0034231984020647,0.002542338641618,1.7611856444152711,0.0023241030258915,0.0001239140328099,0
2024-07-16 16:00:00+00:00,-0.0069486367182247,-0.00029691918593,0.0025593059283726,1.820586979871733,0.0023309034589143,0.0001254554009138,0
2024-07-16 17:00:00+00:00,0.001176756342392,0.0031466834658565,0.0025643525436383,1.787612651236549,0.0023378060964365,0.0001267312843445,0
2024-07-16 18:00:00+00:00,0.0028189524209309,0.007763925457426,0.0025770646023126,1.8171889890356592,0.0023451546971837,0.0001276201355655,0
2024-07-16 19:00:00+00:00,0.0056633268757034,-0.0022267110378135,0.0025568114689574,1.609918256384899,0.0023524887970735,0.0001269149356332,0
2024-07-17 13:00:00+00:00,0.0023914508528759,-0.013039149646832,0.0025176611657861,1.266465496431485,0.00235888790899,0.0001253672186439,0
2024-07-17 14:00:00+00:00,-0.0030253662470021,0.0050217403587694,0.0025380027894214,1.3898631888724835,0.0023655325907287,0.0001240914933739,0
2024-07-17 15:00:00+00:00,-0.0043566563690698,-0.0543711185042643,0.0024141880181965,0.3658147045521505,0.00236994410574,0.0001209462383712,1
2024-07-17 16:00:00+00:00,-0.0079953529465505,-0.0019717093297308,0.0024287741130569,0.4610040753886029,0.0023742040480777,0.0001183721964567,0
2024-07-17 17:00:00+00:00,0.0007364452599427,0.0068139755198958,0.0024435800072858,0.5606839156180847,0.0023788596616379,0.0001154310723833,0
2024-07-17 18:00:00+00:00,0.0032070328741384,0.0179824650508588,0.0024799530096428,0.8471406404745414,0.0023821443214179,0.0001154574382951,0
2024-07-17 19:00:00+00:00,0.001815332555308,-0.0057737955735021,0.0024612035644593,0.6606453170314255,0.0023851451201293,0.0001151275008983,0
2024-07-18 13:00:00+00:00,-0.0003779201000015,-0.0066361720309707,0.0024458488295142,0.5065608653053469,0.0023877475719835,0.0001146974855543,0
2024-07-18 14:00:00+00:00,-0.009872848919,-0.0267403778697972,0.0024049393940527,0.1301585101868998,0.0023901698549537,0.0001134734799728,1
2024-07-18 15:00:00+00:00,-0.0068784058302587,0.0023957861811527,0.0024273470094251,0.308278919047282,0.0023926209582334,0.0001126449103267,1
2024-07-18 16:00:00+00:00,0.0056763968624315,0.0144221241550141,0.0024486690267827,0.4750061278013308,0.0023956189496306,0.000111682932171,1
2024-07-18 17:00:00+00:00,-0.0049610271656629,-0.0105709164298603,0.0024349707236045,0.3264069230965016,0.0023993540993716,0.0001091172451093,1
2024-07-18 18:00:00+00:00,-0.0005365100296538,-0.006130053501592,0.0024213886304361,0.1868478753106282,0.002401094640083,0.0001086123688555,1
2024-07-18 19:00:00+00:00,0.0014669908402582,0.0096768622293915,0.0024413497466555,0.3510466760394175,0.0024034760026668,0.0001078880575539,1
2024-07-19 13:00:00+00:00,0.0254241040639799,0.0596968419593866,0.0025264718381828,1.1021111332558398,0.00240701365142,0.0001083903275797,1
2024-07-19 14:00:00+00:00,0.0073121482200475,0.0014241790839989,0.002511639758241,0.9337418436307778,0.0024103313265634,0.0001084972601032,1
2024-07-19 15:00:00+00:00,0.0007915323559536,0.0332318982875952,0.002594454275154,1.6284243609481266,0.0024152729655445,0.0001100335477081,1
2024-07-19 16:00:00+00:00,0.009633652684732,0.0160468439895348,0.0026111464746754,1.7070764251223935,0.0024206725192887,0.0001115790439042,1
2024-07-19 17:00:00+00:00,0.0053627266688781,0.0055784706562052,0.0026117098746003,1.6468088574019593,0.0024262767014431,0.0001126015155454,1
2024-07-19 18:00:00+00:00,-5.497282091096844e-06,0.0053711025520307,0.0026257898106514,1.7121275968218757,0.0024327281683867,0.0001127612466635,1
2024-07-19 19:00:00+00:00,0.0076943756819349,0.0139145969642443,0.0026421737072196,1.7862749272990643,0.0024390419549929,0.0001137180784,1
2024-07-22 13:00:00+00:00,-0.002676142417527,-0.0122140541376459,0.0026170926880626,1.52505358216663,0.0024455791837888,0.0001124639201398,1
2024-07-22 14:00:00+00:00,-0.006689872313759,-0.0032531392922206,0.0026261024100607,1.5584860165455614,0.0024518870594662,0.0001117849943759,0
2024-07-22 15:00:00+00:00,0.0061731356033563,0.0140886670703064,0.0026469718938852,1.692052702984649,0.0024585000723776,0.000111386495926,1
2024-07-22 16:00:00+00:00,-0.0002686595702898,0.0051639781285589,0.002661391064786,1.7652515818990262,0.0024653162782597,0.0001110746980979,0
2024-07-22 17:00:00+00:00,0.0057993003111819,0.007642193025565,0.0026663002451464,1.743305799108867,0.0024715303869016,0.0001117244366102,0
2024-07-22 18:00:00+00:00,4.238052571482298e-05,-0.0047643232322763,0.002653514882081,1.5864430469549722,0.002478134627416,0.00011054935442,0
2024-07-22 19:00:00+00:00,0.0112985339478392,0.0041915167436214,0.002634723161799,1.3784202552677387,0.0024839950835271,0.0001093484209158,0
2024-07-23 13:00:00+00:00,-0.0319000328653412,-0.0070105821028336,0.0027011228726085,1.922848318131868,0.002491199810749,0.0001091729700569,0
2024-07-23 14:00:00+00:00,0.0172066464119827,-0.0102693488029301,0.0026279171390558,1.226293510435128,0.0024971700071904,0.0001066197698616,0
2024-07-23 15:00:00+00:00,-0.0100473361700948,-0.0045715948927334,0.0026423464028116,1.3375073932835408,0.0025034235117862,0.0001038670079306,0
2024-07-23 16:00:00+00:00,-0.0087745379735181,-0.0074180254290476,0.0026459332110791,1.3501902699340018,0.0025096498972429,0.0001009363767988,0
2024-07-23 17:00:00+00:00,-0.0002760112986779,-0.0090268753030052,0.0026228800241492,1.0870162745016234,0.002513855491064,0.0001002970568543,0
2024-07-23 18:00:00+00:00,-0.0016308613719309,0.0083221534232527,0.0026491159344548,1.3076196785719487,0.0025186363595893,9.978404042369364e-05,0
2024-07-23 19:00:00+00:00,-0.0045997979221211,-0.0142810031858345,0.0026235930448382,1.020394540644768,0.0025229121009091,9.866864229350058e-05,0
2024-07-24 13:00:00+00:00,0.0123188082876892,0.0157070674523507,0.0026324975348578,1.0796586234879524,0.0025274673584191,9.728091283095132e-05,0
2024-07-24 14:00:00+00:00,0.0079567660656048,-0.0151432820669692,0.0025723837043816,0.4353763736671414,0.0025313434298457,9.426389904940594e-05,0
2024-07-24 15:00:00+00:00,-0.0099544739912265,0.0008830415486319,0.0026004135654339,0.70779732299852,0.0025353774166444,9.188527093310536e-05,0
2024-07-24 16:00:00+00:00,0.0018153639217943,0.0017108659178871,0.0026001418416045,0.679864529888806,0.0025392601261667,8.954977464080225e-05,0
2024-07-24 17:00:00+00:00,0.0035862661919725,-0.0090060896462893,0.0025676052166211,0.2870702113881991,0.002542895915728,8.607406799048819e-05,0
2024-07-24 18:00:00+00:00,-0.0126599868622636,-0.0131030023447149,0.0025664679796827,0.2483376040975282,0.002545539997147,8.427230588677104e-05,0
2024-07-24 19:00:00+00:00,-0.0005474663360875,-0.0093040749581428,0.0025440925335315,-0.0455366242252455,0.0025478385430073,8.226366226287271e-05,0
2024-07-25 13:00:00+00:00,-0.0300092374839982,-0.0625903194008042,0.0024625390114285,-1.0415986255500735,0.0025480165361668,8.206378411183584e-05,1
2024-07-25 14:00:00+00:00,0.0149398736089995,0.0173757666161814,0.0024685448047517,-0.9802588207718286,0.0025484712756421,8.153608944575686e-05,0
2024-07-25 15:00:00+00:00,-0.0008178194917032,0.0386895891551247,0.002568022731958,0.2152299408932909,0.0025507977644169,8.003053603787967e-05,0
2024-07-25 16:00:00+00:00,0.0028848260792002,-0.0156127429264323,0.0025209571952599,-0.4039050355208245,0.0025525348827334,7.818097002127216e-05,1
2024-07-25 17:00:00+00:00,0.0027047445275698,-0.0033685718371095,0.0025056930236613,-0.623517909175695,0.0025536773647448,7.695743839492198e-05,1
2024-07-25 18:00:00+00:00,-0.0076837337222744,-0.0036878106624097,0.0025157256115707,-0.4920301792686035,0.0025536073047867,7.699058881372665e-05,1
2024-07-25 19:00:00+00:00,0.0035133463034229,-0.0118743615382054,0.0024773106777321,-0.9714191629313071,0.0025526719369688,7.757851822617745e-05,1
2024-07-26 13:00:00+00:00,0.0470343450610189,0.0843096497564881,0.0025713958206362,0.2397655015695937,0.002552789572918,7.760185513102047e-05,1
2024-07-26 14:00:00+00:00,-0.0083714297085347,0.0074350276864447,0.0026123634023326,0.755317591302216,0.0025534857486595,7.795085716404929e-05,0
2024-07-26 15:00:00+00:00,0.0032165944927973,0.0021069949211942,0.0026094663326114,0.7028816097728849,0.0025544414691556,7.828468221491981e-05,0
2024-07-26 16:00:00+00:00,-0.0022031685133959,0.004928843255677,0.0026281436012874,0.9170553180916392,0.0025558363049068,7.884725703469655e-05,0
2024-07-26 17:00:00+00:00,-0.0005845747113105,-0.0149693039930499,0.0025906090762793,0.4230930924276015,0.0025573406829411,7.863137908342211e-05,0
2024-07-26 18:00:00+00:00,0.0024270750245484,0.009041458919871,0.0026078011540542,0.6330863880240313,0.0025578719124406,7.886639573697204e-05,0
2024-07-26 19:00:00+00:00,0.0066359951327174,-0.0042110908219617,0.0025796669735738,0.2683887306873102,0.0025584940513066,7.888901375652364e-05,0
2024-07-29 13:00:00+00:00,0.0185123302211925,-0.0053347410094075,0.002518877181569,-0.4926105978624773,0.0025578202388598,7.905444474771197e-05,0
2024-07-29 14:00:00+00:00,-0.0155264653207445,-0.0210016574366744,0.0025051235313806,-0.6517400451772154,0.0025568330886555,7.934077038476779e-05,0
2024-07-29 15:00:00+00:00,-0.0012057123509557,-0.0087887272918923,0.0024861989854538,-0.8660110786075754,0.0025553186617079,7.981384760710091e-05,0
2024-07-29 16:00:00+00:00,-0.0171969881919473,-0.0076869172113623,0.0025099556992455,-0.5570808920708425,0.0025545377322127,8.00279341863985e-05,0
2024-07-29 17:00:00+00:00,0.0013084430137407,0.0075897568797041,0.0025257711376488,-0.3614011050413596,0.0025546728984104,7.997142332571869e-05,0
2024-07-29 18:00:00+00:00,0.0054105767945544,0.0012456045593265,0.0025152732478732,-0.4871182215999418,0.0025542940727179,8.01054510270065e-05,0
2024-07-29 19:00:00+00:00,-0.0017380636683919,-0.0070335479503867,0.0025019888625944,-0.6868405688734894,0.0025557574201246,7.82838987194953e-05,0
2024-07-30 13:00:00+00:00,-0.0140898390944609,-0.0342094759683219,0.0024521527783012,-1.338457213282587,0.0025561470645453,7.769713160202551e-05,0
2024-07-30 14:00:00+00:00,-0.007330947982299,0.0013485870218088,0.0024735289576277,-1.0786707644704958,0.0025566462137177,7.705525988805833e-05,0
2024-07-30 15:00:00+00:00,0.0060415804057384,-0.0022866855888825,0.0024530142948819,-1.3299109187762277,0.0025561972351383,7.75863546945994e-05,0
2024-07-30 16:00:00+00:00,-0.0008644767796562,-0.0125834249595618,0.0024244353322374,-1.6709166143695973,0.002555584431268,7.848931413018354e-05,1
2024-07-30 17:00:00+00:00,-0.0053476164530172,0.0066149661793728,0.0024536120064852,-1.303789923187198,0.0025557138175508,7.831155100202023e-05,1
2024-07-30 18:00:00+00:00,-0.0012363456759222,-0.005662049193997,0.0024427770410537,-1.470669267105933,0.0025563444450008,7.722157964899875e-05,1
2024-07-30 19:00:00+00:00,0.0030715382604553,-0.0013269754416727,0.002432056048269,-1.6132575007876024,0.0025564229289816,7.709053306853449e-05,1
2024-07-31 13:00:00+00:00,0.0083367075320812,0.0215604677624422,0.0024644305589311,-1.2021268397601066,0.002556685621184,7.674320146728898e-05,0
2024-07-31 14:00:00+00:00,-0.0017333326307994,0.0098565414500328,0.0024931591576303,-0.8538344985393084,0.0025576554284178,7.55372041043347e-05,0
2024-07-31 15:00:00+00:00,-0.0005120034913962,0.0039936023414236,0.0025044176942912,-0.7407555091098268,0.0025590392461487,7.37376248786719e-05,0
2024-07-31 16:00:00+00:00,0.0002246075998149,-0.0048367901686895,0.002491773864879,-0.9374127655386632,0.0025598796481191,7.265292915113985e-05,0
2024-07-31 17:00:00+00:00,0.0041077182910011,-0.0053775720986467,0.002468250405973,-1.2336109195890832,0.0025589092909156,7.34906634685234e-05,0
2024-07-31 18:00:00+00:00,-0.0020099337048924,-0.0100810010038133,0.0024484091685254,-1.466624695109471,0.0025578554477537,7.462459864014509e-05,0
2024-07-31 19:00:00+00:00,-0.020254222799821,-0.0080219419973625,0.0024785427223037,-1.0295552908933217,0.0025559235885395,7.515950519629654e-05,0
2024-08-01 13:00:00+00:00,-0.0069805751482833,-0.02481092680848,0.0024347410936317,-1.5476204915798877,0.0025529834988554,7.640271362844706e-05,0
2024-08-01 14:00:00+00:00,-0.0116629786343911,-0.0256448399457696,0.0024009357627774,-1.892784021641357,0.0025494705969917,7.847426463667345e-05,0
2024-08-01 15:00:00+00:00,-0.0153044435396725,-0.0004428612005597,0.0024368839289794,-1.3827209019733158,0.0025463221656305,7.914701838598058e-05,0
2024-08-01 16:00:00+00:00,-0.0021398830240428,-0.0190260457230868,0.0023960797926961,-1.8162882727269587,0.0025422206003885,8.046124058982008e-05,0
2024-08-01 17:00:00+00:00,0.0044342476360022,-0.0042025961550987,0.0023754743369555,-1.9683802998183544,0.00253819362787,8.266659188246348e-05,0
2024-08-01 18:00:00+00:00,-0.0044335020351403,0.0099383025626224,0.0024098606950936,-1.4941381134736005,0.0025345895992872,8.347883175518945e-05,0
2024-08-01 19:00:00+00:00,0.0075523650286189,-0.0011821832644075,0.0023889033103578,-1.678456089179864,0.0025302884562284,8.423523664519588e-05,0
2024-08-02 13:00:00+00:00,0.0286939341614426,0.0207317435876928,0.0023699579303905,-1.830243700172368,0.0025254312373218,8.494677889985042e-05,0
2024-08-02 14:00:00+00:00,-0.0308878215689808,-0.0489185322682152,0.0023276088439652,-2.2175242854688717,0.0025197863806355,8.666310350220876e-05,0
2024-08-02 15:00:00+00:00,0.0055792199589116,-0.0049139029112308,0.0023033126527602,-2.359866645512275,0.0025139496768135,8.925801991982365e-05,1
2024-08-02 16:00:00+00:00,-0.0044875393159707,0.0044617004394416,0.0023240180605615,-2.027450683653005,0.0025087712584595,9.112586529854204e-05,1
2024-08-02 17:00:00+00:00,-0.0035768931271065,-0.0153334486835041,0.002296855594497,-2.239766484877884,0.002502033470491,9.160681587979966e-05,1
2024-08-02 18:00:00+00:00,-0.0031174791459088,-0.0018903788706314,0.0022996757966108,-2.1003946793533825,0.0024965627814503,9.373808969085009e-05,1
2024-08-02 19:00:00+00:00,-0.0035372812621184,0.0011097282558124,0.0023103872808345,-1.9059477218923124,0.0024910301294173,9.477849077804932e-05,1
2024-08-05 13:00:00+00:00,-0.1863878503677699,-0.1661008151430712,0.0023577368562997,-1.3655291514896584,0.0024862268568376,9.409539181041164e-05,1
2024-08-05 14:00:00+00:00,0.0393114236229378,0.066805527029631,0.0024234600776506,-0.6412536178503166,0.0024829031910627,9.269828934661457e-05,1
2024-08-05 15:00:00+00:00,0.0039695812900997,0.0288046425949891,0.0024844004540378,0.0470894487407711,0.0024801579330557,9.009493836856912e-05,0
2024-08-05 16:00:00+00:00,-0.0026870158393257,-0.0213908181140145,0.0024383645841398,-0.4385904243710691,0.0024770707920441,8.825137475306398e-05,0
2024-08-05 17:00:00+00:00,0.0109970967819067,-0.0152674721307884,0.0023751557000917,-1.124578358909996,0.0024727817614646,8.681125739209648e-05,1
2024-08-05 18:00:00+00:00,-0.0273188817086743,0.0082237962147194,0.0024610932731399,-0.1145706172083412,0.0024709269209439,8.583045150374484e-05,0
2024-08-05 19:00:00+00:00,0.0027730837143979,-0.0013398909449622,0.0024509916469797,-0.2072796351283271,0.0024684365556364,8.41612281198376e-05,0
2024-08-06 13:00:00+00:00,0.034409130661167,0.0145011613041205,0.0024026798706542,-0.7546615859566651,0.0024651455227872,8.277306450391233e-05,1
2024-08-06 14:00:00+00:00,0.0148125812112456,-0.012760770036844,0.0023373349637154,-1.4886484853170867,0.0024613076852388,8.327870732824805e-05,1
2024-08-06 15:00:00+00:00,0.0048218841418194,0.0279227606450241,0.0023919579402667,-0.804487801392027,0.0024583991845818,8.258825578238803e-05,0
2024-08-06 16:00:00+00:00,0.0085483093509322,0.0156975808461926,0.0024091199718998,-0.5731759186219526,0.002456149641888,8.20510221386583e-05,0
2024-08-06 17:00:00+00:00,-0.0046112789658931,0.0154140543241801,0.0024578496882478,0.0216729473475945,0.0024560714865016,8.20470662180703e-05,0
2024-08-06 18:00:00+00:00,0.0034154484525628,-0.0142768564221793,0.0024147470787979,-0.491808638252762,0.0024551748577357,8.220225468471723e-05,0
2024-08-06 19:00:00+00:00,0.0001487059319555,-0.0016216846419121,0.0024104758153493,-0.5191373211558555,0.0024525490757923,8.104456899637885e-05,0
2024-08-07 13:00:00+00:00,-6.781596620167123e-05,-0.0334215977941725,0.0023314033442521,-1.438484740544238,0.0024493898449421,8.202137802686839e-05,0
2024-08-07 14:00:00+00:00,-0.0103970420940772,-0.0181647357813286,0.0023133638704698,-1.5901299451158266,0.0024461843590556,8.35280720256801e-05,0
2024-08-07 15:00:00+00:00,-0.0018910764301864,0.0025263908623855,0.0023236056844877,-1.412843987607702,0.0024429823602709,8.449388384722603e-05,0
2024-08-07 16:00:00+00:00,0.0012082138007935,-0.0013857652173385,0.002317586110795,-1.4288282785633708,0.0024403202841553,8.589847723595548e-05,0
2024-08-07 17:00:00+00:00,-0.0114185083615624,-0.0288477397752514,0.0022775423458681,-1.8215826424407509,0.0024354227262425,8.667209309969107e-05,0
2024-08-07 18:00:00+00:00,-0.0131378907605705,0.0060424761731456,0.0023216480736401,-1.2858064836220418,0.0024305774707643,8.471678943269514e-05,0
2024-08-07 19:00:00+00:00,-9.016884782186922e-05,-0.0201328019981685,0.0022755793444828,-1.784764781723618,0.0024250126876288,8.372719177127652e-05,0
2024-08-08 13:00:00+00:00,0.0423091304571305,0.0661660976906167,0.002330520525507,-1.1159091142954836,0.0024200523030324,8.023214111124345e-05,0
2024-08-08 14:00:00+00:00,0.0308954979546564,0.0002251400091778,0.0022601276323639,-1.9382824803590857,0.0024145442789672,7.966674010007688e-05,1
2024-08-08 15:00:00+00:00,0.0093606631165174,-0.008515742532254,0.002220083661508,-2.366263831517208,0.0024080823207581,7.944957647833587e-05,0
2024-08-08 16:00:00+00:00,0.0019951154238398,-0.003411642073321,0.0022081125990053,-2.4124349559164915,0.0024018897478486,8.032429988134205e-05,0
2024-08-08 17:00:00+00:00,-0.0017905556163722,0.021189517734481,0.002259442714544,-1.7073158198904417,0.0023975658400649,8.090074719142321e-05,0
2024-08-08 18:00:00+00:00,-0.0023405304159765,0.0056716137529754,0.0022776184112341,-1.4321572400016698,0.0023937740880624,8.110539372634005e-05,0
2024-08-08 19:00:00+00:00,-0.0004898088445426,0.0053455812198798,0.0022909480570982,-1.225483521380054,0.0023905199059232,8.125107117949205e-05,0
2024-08-09 13:00:00+00:00,0.0191999492084601,-0.0167585840784549,0.0022100324470352,-2.114678464427404,0.002385521185053,8.298601464470874e-05,1
2024-08-09 14:00:00+00:00,-0.0001355101162247,-0.0114690479012036,0.0021851263644013,-2.294582760879217,0.0023798437721655,8.485961416775361e-05,1
2024-08-09 15:00:00+00:00,-0.0099901636025517,-0.0158966979553977,0.0021722578819436,-2.31751450278895,0.0023741268494,8.710580547112968e-05,1
2024-08-09 16:00:00+00:00,0.0080364944595659,0.0186491949740673,0.0021954341682505,-1.962305358315432,0.0023690176044943,8.845893199456803e-05,0
2024-08-09 17:00:00+00:00,-0.0028855165358192,0.0022649108006599,0.0022067707614956,-1.7533016603167066,0.0023649279042142,9.020532307603284e-05,0
2024-08-09 18:00:00+00:00,0.0013419868492863,0.0165700260185059,0.002240632724377,-1.331074881095451,0.0023610463003267,9.046341243443549e-05,0
2024-08-09 19:00:00+00:00,0.0070397273981918,0.0017012021647559,0.0022287029221473,-1.4096767972120692,0.0023573077774478,9.1230029149094e-05,0
2024-08-12 13:00:00+00:00,-0.0420620645094906,-0.0142903103096498,0.0022914653899495,-0.6977571553751499,0.002355091611743,9.118677078891618e-05,0
2024-08-12 14:00:00+00:00,0.0353282931474214,-0.0095657643472979,0.0021908672361686,-1.724847371436809,0.0023507125322377,9.267213941134968e-05,1
2024-08-12 15:00:00+00:00,-0.0029168971527142,-0.0030319825724682,0.0021906151138012,-1.6561196864192074,0.0023465098334502,9.413252008738378e-05,1
2024-08-12 16:00:00+00:00,-0.0078915886672293,0.0029941033821359,0.0022145917396461,-1.3509470949517846,0.0023428854283065,9.496573858426272e-05,1
2024-08-12 17:00:00+00:00,-0.0049787051823766,0.0004918558698243,0.0022267399975601,-1.1837871616533784,0.0023389239189503,9.476696911759464e-05,1
2024-08-12 18:00:00+00:00,-0.0144210738052889,-0.0001513411442951,0.0022587427745206,-0.8191103670101592,0.0023350169792318,9.311834861714786e-05,0
2024-08-12 19:00:00+00:00,0.0081954064594012,-0.0058428993153124,0.0022272553846992,-1.1280787306912723,0.0023303976074052,9.143175906070608e-05,1
2024-08-13 13:00:00+00:00,0.0071144379922351,0.0220534131053215,0.002260778071308,-0.7359961972131822,0.0023265476775124,8.93613397099353e-05,0
2024-08-13 14:00:00+00:00,0.00406236961253,-0.0077723174603888,0.0022341801696549,-1.0033418863214134,0.0023226465069071,8.817167752911881e-05,0
2024-08-13 15:00:00+00:00,-0.0024391296091198,0.0154107451214603,0.0022744180580719,-0.5221216923236828,0.0023197466550662,8.681615351501442e-05,0
2024-08-13 16:00:00+00:00,0.0274457482720788,0.0136475857916894,0.0022432507881766,-0.855701368416386,0.0023158251228307,8.481268972191305e-05,0
2024-08-13 17:00:00+00:00,0.0009159535157306,0.0063889722477161,0.0022555618002304,-0.6842979608176732,0.0023128388012741,8.370184382139324e-05,0
2024-08-13 18:00:00+00:00,-0.0062946559440551,-0.0129327399801921,0.0022406387763924,-0.8336745738220778,0.0023101671848343,8.339993880720365e-05,0
2024-08-13 19:00:00+00:00,0.0004593964579404,-0.0085824294855122,0.002220470626428,-1.0434897811053914,0.0023065602964585,8.250168960853563e-05,0
2024-08-14 13:00:00+00:00,-0.0222664275485599,-0.0304440332141994,0.0022023865363102,-1.2201995772205023,0.0023033320755187,8.272871183779815e-05,0
2024-08-14 14:00:00+00:00,-0.0004944272350349,-0.0037229486338166,0.0021952875500302,-1.260490617069833,0.0023003289624033,8.33337519142185e-05,1
2024-08-14 15:00:00+00:00,0.0005266454559376,-0.0046032853131437,0.0021840547133513,-1.3490160474454913,0.0022965655293742,8.340213315917482e-05,1
2024-08-14 16:00:00+00:00,-0.0059886698321714,-0.0015016555558742,0.0021938766170625,-1.190270773133112,0.002293315084486,8.354272798090956e-05,1
2024-08-14 17:00:00+00:00,0.0005704332041737,0.007141048382953,0.0022083391980573,-0.9838238833764504,0.0022906214389471,8.3635132547667e-05,1
2024-08-14 18:00:00+00:00,-0.0034233198086412,-0.0067945020823273,0.0022009070187529,-1.0393946085441237,0.0022885097418602,8.428244902096031e-05,1
2024-08-14 19:00:00+00:00,-0.0001522698102158,0.0033822958971387,0.0022087000335747,-0.9216469519692886,0.0022869328648738,8.488373029600822e-05,1
2024-08-15 13:00:00+00:00,0.0069666508497962,0.0496632304290063,0.0023050461592143,0.2173840015543303,0.002286616666518,8.477851435494032e-05,0
2024-08-15 14:00:00+00:00,0.0004023069332697,-0.0112721988111164,0.0022782923571601,-0.0945441461411883,0.0022863072792291,8.477438737444854e-05,1
2024-08-15 15:00:00+00:00,0.00490692891367,0.0114130272479976,0.0022931634752916,0.0821689514767408,0.0022861987405404,8.476114914482404e-05,0
2024-08-15 16:00:00+00:00,-0.0031629735920183,-0.0141862360718113,0.0022680241456699,-0.2061606254570056,0.0022854926882877,8.473268151502248e-05,0
2024-08-15 17:00:00+00:00,-0.0101750107342336,-0.0116311087909176,0.0022647240833091,-0.2281440997039575,0.0022839424754045,8.4237953645536e-05,0
2024-08-15 18:00:00+00:00,-0.0174494914087641,-0.0160930062889917,0.0022677982323759,-0.1647569124403544,0.0022813481113166,8.224164157973811e-05,0
2024-08-15 19:00:00+00:00,-0.0136581331684883,0.0046131236855849,0.0023096146119577,0.4002063383016476,0.0022784350139486,7.790880609605517e-05,0
2024-08-16 13:00:00+00:00,0.0183510158399855,0.0011362179108356,0.0022701953340552,-0.0724629419575725,0.0022756321931138,7.502951041985452e-05,0
2024-08-16 14:00:00+00:00,-0.0031709003247955,-0.0288723704668827,0.002212591400249,-0.8119272632743451,0.0022729227881164,7.430639491541319e-05,1
2024-08-16 15:00:00+00:00,0.001838814015807,0.0144616960373279,0.0022406976985025,-0.406839218007188,0.0022692495285392,7.017964044006726e-05,1
2024-08-16 16:00:00+00:00,0.0081858722809786,0.0069696670241277,0.0022379742066808,-0.419445580367622,0.0022656992378675,6.60992330933747e-05,1
2024-08-16 17:00:00+00:00,0.0118087619056345,0.0196672477330024,0.0022556305805829,-0.1197516887605689,0.0022632484163663,6.361359795678428e-05,0
2024-08-16 18:00:00+00:00,0.0030524059560655,0.0020543018913056,0.0022533803497009,-0.1346921111473148,0.0022618491727994,6.287542029289261e-05,1
2024-08-16 19:00:00+00:00,0.0030360442867661,-0.0074906717291576,0.0022297840682557,-0.4842588680985293,0.0022591462749326,6.063328647381085e-05,1
2024-08-19 13:00:00+00:00,-0.0239180531792896,0.0020280494285662,0.0022883953536388,0.5437293165942001,0.0022571341979615,5.749396753723816e-05,0
2024-08-19 14:00:00+00:00,0.0051331086902751,0.0143779633863703,0.0023096493297544,1.0654615076593268,0.0022546641919866,5.160687399073009e-05,0
2024-08-19 15:00:00+00:00,0.0012567607554575,-0.019191807715135,0.0022628999155776,0.2283235653653711,0.002252133405933,4.715461423094231e-05,0
2024-08-19 16:00:00+00:00,0.001780833015181,0.0116933909849635,0.0022854425853467,0.8312281605749133,0.0022500495187663,4.257924389368522e-05,0
2024-08-19 17:00:00+00:00,0.0049906968283476,0.001675254748978,0.0022778778799299,0.6938984831449353,0.0022491574276942,4.138999137963109e-05,0
2024-08-19 18:00:00+00:00,0.0008256075229815,0.0013754835007136,0.0022791307746931,0.7500874275549715,0.002248586876098,4.072045134088856e-05,0
2024-08-19 19:00:00+00:00,0.0012647148375313,0.005630437810801,0.0022891025795058,1.0304117680203926,0.0022480118243483,3.987799482966605e-05,0
2024-08-20 13:00:00+00:00,0.0297446236719432,-0.0127135034499905,0.0021939459517057,-1.319471481251287,0.0022459511550301,3.941366226046771e-05,1
2024-08-20 14:00:00+00:00,-0.0229903801638064,-0.0069074394680234,0.0022295163257257,-0.3983433629004727,0.0022451507213611,3.924854055935964e-05,1
2024-08-20 15:00:00+00:00,-0.0120214686346774,-0.0048334767375757,0.0022455998057224,0.0452409614715889,0.0022438832502291,3.7942506911536296e-05,1
2024-08-20 16:00:00+00:00,-0.0001783222274083,-0.0061510432280563,0.0022322274390644,-0.2896929013799713,0.0022431607184721,3.774092963828659e-05,1
2024-08-20 17:00:00+00:00,0.0030841087525914,0.0172933023399566,0.0022641720066811,0.6131195726606633,0.002242054909825,3.607305628834873e-05,1
2024-08-20 18:00:00+00:00,0.0056504086873864,-0.0041014376905384,0.0022421994596796,0.0123170694529119,0.002241756106947,3.5994985200167745e-05,1
2024-08-20 19:00:00+00:00,0.0025162304927974,0.0061207271839391,0.0022502960435016,0.2238684158353188,0.0022422596466469,3.589785912726789e-05,1
2024-08-21 13:00:00+00:00,-0.0014712630074502,0.0227883236408677,0.0023055548633323,1.6884404799982156,0.0022438836843856,3.652552735923674e-05,0
2024-08-21 14:00:00+00:00,-0.0011227963933474,0.0078203321996139,0.0023262662110359,2.1388144937589817,0.0022449974093272,3.799712501756863e-05,0
2024-08-21 15:00:00+00:00,0.0053948072752075,-0.0065066606857798,0.0022987443285186,1.390480271960519,0.0022453495079486,3.840027193963764e-05,0
2024-08-21 16:00:00+00:00,0.0042002951526628,0.0022221595232247,0.0022942015950122,1.2685315738168408,0.0022454037335805,3.846799121039469e-05,0
2024-08-21 17:00:00+00:00,0.0007794529412363,0.0183160101607547,0.0023347888326166,2.1897721494335745,0.0022474830066735,3.986982205690808e-05,0
2024-08-21 18:00:00+00:00,0.0136215511731229,0.0008571557852529,0.0023051760614356,1.4028480683188742,0.0022494838349574,3.9699399910750674e-05,0
2024-08-21 19:00:00+00:00,0.013087992737745,0.009803926232102,0.0022976181271149,1.1850146022646355,0.0022515731723769,3.885602308187233e-05,0
2024-08-22 13:00:00+00:00,-0.0112799665508255,-0.0178651967980335,0.002282537491953,0.7696223867989677,0.0022530248944386,3.8346854276312784e-05,0
2024-08-22 14:00:00+00:00,-0.0047842172312495,-0.0079148976284203,0.0022754027706646,0.5592980333618627,0.0022541687612581,3.796546409935058e-05,0
2024-08-22 15:00:00+00:00,-0.0030542753068219,-0.0027299376113659,0.0022761408892488,0.5622319635637832,0.002254760564006,3.802758759444015e-05,1
2024-08-22 16:00:00+00:00,-0.0011830273824506,0.0011327163343219,0.0022814179560204,0.6779559419183262,0.0022556391479039,3.8024311791709856e-05,1
2024-08-22 17:00:00+00:00,-0.0024284186960634,-0.0086107356803068,0.0022673570164209,0.3209165403151955,0.0022552373416784,3.776581515739712e-05,1
2024-08-22 18:00:00+00:00,0.0026978145953585,-0.0139480467079424,0.0022299272952371,-0.7023031815756458,0.0022558883426629,3.696558424738303e-05,1
2024-08-22 19:00:00+00:00,-0.0003594049352268,-0.0055893130094348,0.0022182954237929,-1.0482122943749146,0.0022563496811627,3.6303960155818935e-05,1
2024-08-23 13:00:00+00:00,0.0118168137073566,0.0664587637563797,0.0023428801922517,2.246926036235592,0.0022584878220395,3.7559033475635374e-05,1
2024-08-23 14:00:00+00:00,-0.0006546464445328,-0.0172452023182552,0.0023043311666018,1.179121468838072,0.0022597810081902,3.778250128508167e-05,1
2024-08-23 15:00:00+00:00,0.0090156041760087,0.00404705951419,0.0022929103900988,0.8563147939301513,0.0022603504684498,3.8023308577439214e-05,1
2024-08-23 16:00:00+00:00,0.0031477440959632,0.0096605136848131,0.0023078923211336,1.20753354144463,0.0022616944173904,3.825807081755521e-05,1
2024-08-23 17:00:00+00:00,0.019299572087283,0.0453919229855492,0.0023689031540795,2.5908750398092733,0.0022634965021032,4.068380387190482e-05,0
2024-08-23 18:00:00+00:00,0.0041455027049623,0.0164449571697916,0.0023982192872075,2.99616131169882,0.0022662304873958,4.405263471506475e-05,0
2024-08-23 19:00:00+00:00,0.006135660981429,-0.0104769579419003,0.0023587076883557,1.995723125144477,0.0022676353145672,4.563377185997219e-05,0
2024-08-26 13:00:00+00:00,0.0027655651409371,0.0045228407094319,0.0023628562317491,1.9777525129538152,0.0022696287386267,4.713809868107021e-05,0
2024-08-26 14:00:00+00:00,-0.0051687054875829,-0.0133274852219503,0.0023436566373439,1.5099113908950244,0.002271096985912,4.8055569266816046e-05,0
2024-08-26 15:00:00+00:00,0.0021918926369746,0.0095949898749811,0.0023610713371451,1.785706373247741,0.0022731041952578,4.926181773504794e-05,0
2024-08-26 16:00:00+00:00,0.0017684591784156,0.0073102675116834,0.0023741922652105,1.9525244662133727,0.0022756662225709,5.0460849195266685e-05,0
2024-08-26 17:00:00+00:00,-0.0045252779840105,-0.0221985293539747,0.0023326011759488,1.0941057081068992,0.0022778364665648,5.005431283116756e-05,0
2024-08-26 18:00:00+00:00,0.0036714533245978,0.0011486751882324,0.0023267239572777,0.9481595169086388,0.0022800270733523,4.92500292331222e-05,0
2024-08-26 19:00:00+00:00,-0.005256279280795,-0.0078644721420195,0.002320663319554,0.8012147812770465,0.0022823038834557,4.7876595632964026e-05,0
2024-08-27 13:00:00+00:00,-0.0165940241404912,-0.0308269028102365,0.00228786754288,0.0860513571630156,0.002283870398886,4.645067928998386e-05,0
2024-08-27 14:00:00+00:00,-0.0070312150298101,-0.0225032631789944,0.0022527419790115,-0.6992941226217387,0.0022846104452352,4.557233529178744e-05,0
2024-08-27 15:00:00+00:00,-0.0027763889917168,0.0104272245205012,0.002282683546902,-0.074380895301374,0.002285973387371,4.422964332088247e-05,0
2024-08-27 16:00:00+00:00,-0.0010202904418345,-0.0053420814713334,0.0022728395527906,-0.3296023314349137,0.002287042379358,4.309079521846513e-05,0
2024-08-27 17:00:00+00:00,0.0051040082647257,0.0042046414951995,0.002270796355354,-0.3639037692612603,0.0022864715492936,4.307510738747397e-05,0
2024-08-27 18:00:00+00:00,0.0030814601734961,-0.001851022232416,0.002259623270459,-0.6142507985737087,0.0022861603978486,4.320243042622265e-05,0
2024-08-27 19:00:00+00:00,-0.0035328058785785,-0.0023543822019455,0.0022622876335871,-0.5394324733941485,0.0022856458004869,4.3301373298446365e-05,0
2024-08-28 13:00:00+00:00,-0.040965551834848,-0.0360581082062068,0.0022734169685771,-0.2846956360006109,0.0022857356808687,4.326976157618981e-05,0
2024-08-28 14:00:00+00:00,-0.0032605640528351,-0.0158443465114815,0.0022449880309364,-0.9290256500957966,0.0022854067466624,4.350656596170517e-05,0
2024-08-28 15:00:00+00:00,-0.0033811816189502,-0.0117968074611072,0.0022261743272299,-1.3268170755794266,0.00228471301491,4.4119636954885526e-05,0
2024-08-28 16:00:00+00:00,0.0031718173751766,0.0064672700592243,0.0022335226808172,-1.1222535113865335,0.0022834448160577,4.448383073334868e-05,0
2024-08-28 17:00:00+00:00,-0.0090211428944463,-0.0012297686359688,0.00225099286192,-0.7196471469483703,0.0022831247748554,4.46495384184444e-05,0
2024-08-28 18:00:00+00:00,0.0123396770294244,0.0098715811654956,0.0022454440460692,-0.8694937989729042,0.0022836723189524,4.396612480543674e-05,0
2024-08-28 19:00:00+00:00,-0.0039723784574478,-0.0100987843964107,0.0022317295973649,-1.173661393778218,0.0022835228506001,4.412963867581588e-05,0
2024-08-29 13:00:00+00:00,0.024511707334044,0.0205790576961195,0.0022229702218386,-1.3571392505998257,0.0022832727841861,4.4433585073047776e-05,1
2024-08-29 14:00:00+00:00,0.0034962673139291,0.0119126265765328,0.0022417584913632,-0.9253067946777634,0.0022830415826991,4.461557136875597e-05,0
2024-08-29 15:00:00+00:00,-0.0003171159608148,-0.010170364457072,0.0022197783535898,-1.3872004521670491,0.0022824815494306,4.520125101083352e-05,0
2024-08-29 16:00:00+00:00,-0.0079715712597541,-0.0046776258896731,0.0022271022378355,-1.222714779302314,0.0022824368522569,4.5255537397684986e-05,0
2024-08-29 17:00:00+00:00,0.0029927646283089,-0.0149213478288979,0.002187560909243,-1.988217213500776,0.0022807562781836,4.68738366753117e-05,1
2024-08-29 18:00:00+00:00,-0.0221269056474572,0.000529387957391,0.0022376886415646,-0.8900128783752563,0.0022795569333805,4.704234380558234e-05,0
2024-08-29 19:00:00+00:00,0.0004442422748562,0.0004528801445811,0.002237707970511,-0.8757827800351548,0.0022791370676294,4.7305220041778176e-05,0
2024-08-30 13:00:00+00:00,0.0068968993642025,-0.0006039241893002,0.0022209861101229,-1.1918812315776184,0.0022780627930423,4.788789470560816e-05,0
2024-08-30 14:00:00+00:00,-0.0191855511489746,-0.0226821436546145,0.0022132337879893,-1.311388532014897,0.00227698539151,4.861381807473077e-05,1
2024-08-30 15:00:00+00:00,-0.0078770874397458,-0.0005795917153306,0.0022294439268668,-0.9533662006191436,0.0022761572773795,4.899832874545476e-05,0
2024-08-30 16:00:00+00:00,0.0079033987338769,0.0052449812332979,0.0022235250050835,-1.0425856878821005,0.0022750643178058,4.943412644289013e-05,0
2024-08-30 17:00:00+00:00,0.0023171509510445,0.0088760591543148,0.0022381568334348,-0.7757613852629284,0.0022758011658346,4.852565893961765e-05,0
2024-08-30 18:00:00+00:00,0.0117076765161988,0.0063428926291285,0.0022261817562897,-1.0202214808335033,0.0022757455896774,4.858144463612652e-05,0
2024-08-30 19:00:00+00:00,-0.008937472860955,0.0008326126366043,0.002248038338863,-0.5714521218355828,0.0022757862318964,4.855681162624348e-05,0
2024-09-03 13:00:00+00:00,-0.0068460575137519,-0.0250908063358031,0.0022073953321523,-1.38621650208423,0.0022753723634478,4.903781710385397e-05,0
2024-09-03 14:00:00+00:00,-0.0120871182156615,-0.0100977936277369,0.0022117909286463,-1.261678800920411,0.0022744993454806,4.970236227203266e-05,0
2024-09-03 15:00:00+00:00,-0.0001900803073011,-0.0093697374748326,0.0021915803512031,-1.6194848099475243,0.0022736556936727,5.067990879900425e-05,0
2024-09-03 16:00:00+00:00,0.000524512259474,0.0001186496273673,0.0021906910511124,-1.584931763796578,0.0022726622771328,5.171908841305898e-05,0
2024-09-03 17:00:00+00:00,0.0003475146998668,-0.0236510496386358,0.0021387434382049,-2.413380050616592,0.002269882086714,5.433816711777159e-05,0
2024-09-03 18:00:00+00:00,0.0031170832975473,0.0038800123940318,0.0021403757704016,-2.243996712064082,0.0022667839127035,5.6331696754424135e-05,0
2024-09-03 19:00:00+00:00,0.0018583658203249,-0.0126655714530141,0.0021095137485191,-2.581165156671208,0.0022636300697035,5.970804339508759e-05,1
2024-09-04 13:00:00+00:00,-0.0275351938550026,-0.0029047435631719,0.0021621171858806,-1.6285078742148165,0.0022614286628846,6.098311133552765e-05,0
2024-09-04 14:00:00+00:00,0.0195818912205808,0.0123784846871454,0.0021465985374883,-1.8021639561683775,0.0022582921579658,6.197750215521776e-05,0
2024-09-04 15:00:00+00:00,0.0100414569403675,0.0072850951766948,0.0021406898822942,-1.80917454103702,0.0022555507216468,6.34879812573255e-05,1
2024-09-04 16:00:00+00:00,0.00445709190122,-0.0088645839452295,0.0021123614158642,-2.127018585681923,0.0022524631097926,6.586763974301961e-05,1
2024-09-04 17:00:00+00:00,-0.008357137747472,0.0051746508422909,0.0021411397157742,-1.6194188911699452,0.0022501064801896,6.728757149222714e-05,1
2024-09-04 18:00:00+00:00,-0.0043852316217965,-0.0030691991559674,0.002143959380132,-1.5158983769899297,0.0022479157570141,6.857740496334876e-05,0
2024-09-04 19:00:00+00:00,0.0080754955558017,0.0100608516735157,0.002148220131158,-1.4004703992756038,0.0022457837443792,6.966488779179832e-05,1
2024-09-05 13:00:00+00:00,-0.0204748278378208,-0.0050580564765394,0.0021815953578325,-0.8933288328495955,0.0022441200344094,6.999066220381107e-05,0
2024-09-05 14:00:00+00:00,-0.0045565676017308,-0.0272513914042987,0.0021326420302699,-1.5303077306089734,0.0022418747846403,7.137960044603772e-05,0
2024-09-05 15:00:00+00:00,-0.0124702991107495,0.0060198568071454,0.0021724417313595,-0.9520144290822932,0.002240916691909,7.192638940932723e-05,0
2024-09-05 16:00:00+00:00,0.0060165333421429,-0.0044082554532628,0.0021499121223831,-1.233948515453504,0.0022397769702188,7.282706426590484e-05,0
2024-09-05 17:00:00+00:00,0.0046300448769991,0.0097381154441522,0.0021609221212031,-1.0494843140131769,0.0022367443357013,7.224711554602842e-05,0
2024-09-05 18:00:00+00:00,-0.0004633048494087,-0.0115069237080535,0.0021371890118304,-1.3289423758015784,0.0022339586331218,7.281701829472483e-05,1
2024-09-05 19:00:00+00:00,-0.0104669976201373,-0.0109882463359163,0.0021360752950896,-1.2965896341340255,0.0022313447148717,7.347692536946741e-05,0
2024-09-06 13:00:00+00:00,0.0001704814542045,-0.0081461818995316,0.0021183839444371,-1.4798109163646171,0.0022281862419267,7.420022130893194e-05,1
2024-09-06 14:00:00+00:00,-0.0242029418833811,-0.0105112258020505,0.0021475877246715,-1.0598112680255,0.0022244976514366,7.25694556054106e-05,0
2024-09-06 15:00:00+00:00,-0.0115236713961789,-0.017087622603983,0.0021356718318207,-1.2102546054053474,0.0022201218605135,6.977872946368742e-05,1
2024-09-06 16:00:00+00:00,0.0003304280997196,0.0076611603150257,0.002151385395714,-0.9613181007411056,0.0022166664889694,6.790789979411277e-05,1
2024-09-06 17:00:00+00:00,-0.0015887893297176,-0.0123234493933266,0.0021284145176917,-1.276522895385929,0.0022127591270685,6.607371452686811e-05,1
2024-09-06 18:00:00+00:00,-0.0101077011941945,0.002650903217273,0.0021557440894146,-0.8394229523670484,0.0022096272512697,6.41907178057369e-05,1
2024-09-06 19:00:00+00:00,0.0027705929245052,-0.0074103341483329,0.0021339079606812,-1.164719638671273,0.0022058411949953,6.176012829670871e-05,1
2024-09-09 13:00:00+00:00,0.0401290846071052,0.0548230794784283,0.0021654950955717,-0.6370524330258867,0.0022023629088346,5.787249424314866e-05,1
2024-09-09 14:00:00+00:00,-0.0160783129466984,0.0028942420396791,0.002206972290362,0.1212241273774677,0.0022002690940748,5.529589226288033e-05,0
2024-09-09 15:00:00+00:00,0.0098367900340411,0.0257770636488211,0.0022424339156616,0.8212316419659315,0.0021988642600479,5.305403906426527e-05,0
2024-09-09 16:00:00+00:00,0.0196666257495642,-0.0022677179874929,0.0021937831116161,-0.0586395656556976,0.0021967495899156,5.058834025031572e-05,1
2024-09-09 17:00:00+00:00,0.0002037935470586,-0.0015340103344371,0.0021899740574627,-0.104641172432395,0.0021951180318253,4.915822561082725e-05,0
2024-09-09 18:00:00+00:00,0.0002241387643274,0.0090090306875218,0.002209297495758,0.306581527226447,0.0021943939571044,4.861199168913853e-05,0
2024-09-09 19:00:00+00:00,0.0112289231876264,-0.0003203661452507,0.0021839284589194,-0.1867604853841099,0.0021927480389714,4.722401547523476e-05,1
2024-09-10 13:00:00+00:00,-0.0069121624516113,0.0039173851651428,0.0022077079442888,0.3481578939882257,0.002191662512163,4.608665321938442e-05,0
2024-09-10 14:00:00+00:00,0.0025278117792771,0.0043787771438574,0.0022117981194473,0.4694563910879437,0.0021906792082312,4.498588498743547e-05,1
2024-09-10 15:00:00+00:00,-0.0040291166992616,-0.0198979265405611,0.0021769765349591,-0.2795117464720681,0.0021893017626396,4.409556247994157e-05,1
2024-09-10 16:00:00+00:00,0.0033281712868684,0.0190555383029538,0.0022114852985962,0.5337508621333088,0.0021884550570564,4.314792382298511e-05,1
2024-09-10 17:00:00+00:00,0.0048648906629277,0.0130020401785639,0.0022295538988753,0.994968604385648,0.0021877240058947,4.2041419996771e-05,1
2024-09-10 18:00:00+00:00,0.0073954965504737,7.849430092583821e-05,0.0022132997861896,0.628926992987432,0.0021871958684822,4.150548155578457e-05,1
2024-09-10 19:00:00+00:00,0.0075505750079992,0.0173484713717519,0.0022350920529667,1.1460395862013328,0.0021873444972445,4.166309462349365e-05,1
2024-09-11 13:00:00+00:00,-0.0381671397140577,-0.0510254587848385,0.0022065365077907,0.4755854033346146,0.0021868947276941,4.130021644679715e-05,1
2024-09-11 14:00:00+00:00,-0.0002136685619748,0.0265101626986666,0.0022662985964677,1.8958842989225924,0.0021871498232699,4.174768114424837e-05,0
2024-09-11 15:00:00+00:00,0.0158041190092249,0.0142825918833158,0.0022628529836392,1.786295351216941,0.0021874399722294,4.221754893915883e-05,1
2024-09-11 16:00:00+00:00,0.0095035746179131,0.001946056015454,0.0022458158902866,1.3678275024529816,0.0021876747437781,4.2506197897215165e-05,0
2024-09-11 17:00:00+00:00,0.0072933973812094,0.0162755774774551,0.0022660790806535,1.78726238471902,0.0021883932247583,4.346639674140129e-05,0
2024-09-11 18:00:00+00:00,-0.0030536431522074,-0.0112721400629129,0.00224753163718,1.354404370230913,0.0021884894438553,4.359273686825765e-05,1
2024-09-11 19:00:00+00:00,0.003006301111474,0.00050285216203,0.0022419120935193,1.207024786701654,0.0021888583395208,4.395415453190678e-05,1
2024-09-12 13:00:00+00:00,-0.0022553036481687,0.0314791402078809,0.0023188318797709,2.743990764132317,0.0021903871668864,4.680945525162615e-05,0
2024-09-12 14:00:00+00:00,0.0024822406053317,-0.0260031212656226,0.0022537110135597,1.3094970667919503,0.002191489668625,4.751545193390504e-05,0
2024-09-12 15:00:00+00:00,-0.0031363692084149,0.0037627169193016,0.0022693133188877,1.6034310305604176,0.0021920167465803,4.820698292230026e-05,1
2024-09-12 16:00:00+00:00,0.0095526786826505,0.0076708655973801,0.0022650469109398,1.488034532737926,0.0021924723955875,4.877206392431439e-05,1
2024-09-12 17:00:00+00:00,0.005718482093426,0.0031234557502669,0.0022591766745407,1.33752027696476,0.0021931089049945,4.9395714355952766e-05,1
2024-09-12 18:00:00+00:00,-0.0041624655480983,-0.007505593289465,0.0022516365691179,1.1599084224820848,0.0021937489513466,4.990705873778923e-05,1
2024-09-12 19:00:00+00:00,0.004088273201831,-0.0008403847796413,0.0022405663257014,0.9314793008829044,0.0021939343246605,5.006230519211113e-05,1
2024-09-13 13:00:00+00:00,-0.0045455157109616,0.025210756291474,0.0023082390778902,2.1682849837674065,0.002195346225874,5.206550470134471e-05,1
2024-09-13 14:00:00+00:00,0.0048419845432685,0.036042725521538,0.0023813931435592,3.216349443054297,0.0021977334977094,5.710189427532649e-05,0
2024-09-13 15:00:00+00:00,0.020618316718139,0.0039918075328691,0.002342126229019,2.375497347186465,0.0021996659055882,5.997073564384765e-05,0
2024-09-13 16:00:00+00:00,-0.002433347630603,0.0089976423426783,0.0023690526551122,2.6335435303652592,0.002201682810859,6.355309579029541e-05,0
2024-09-13 17:00:00+00:00,0.0021564303122421,0.0013681108128315,0.0023671858206368,2.4286906676416486,0.0022043459856671,6.704840478009392e-05,0
2024-09-13 18:00:00+00:00,0.0024847927145815,0.003855191913076,0.0023704320339841,2.321897339274756,0.0022069900040894,7.039158326688586e-05,0
2024-09-13 19:00:00+00:00,-0.0008679480546512,-0.0012009338349783,0.0023696428452252,2.174973667577276,0.0022099577123231,7.34193407867578e-05,0
2024-09-16 13:00:00+00:00,-0.021440637726976,-0.0471833722495251,0.0023094202316232,1.308794889553039,0.0022119365319983,7.448355766288096e-05,1
2024-09-16 14:00:00+00:00,-0.0142188294176691,0.002885786895466,0.0023492617441256,1.7625592387072222,0.0022154451704303,7.592174535565282e-05,0
2024-09-16 15:00:00+00:00,0.0052775271002972,0.0046441783998426,0.0023477743133339,1.670257762876345,0.0022189018128125,7.715725284190778e-05,0
2024-09-16 16:00:00+00:00,-0.0011512014986986,-0.0096069542799871,0.0023280058107263,1.3685228912390246,0.0022225433471826,7.706298829114356e-05,0
2024-09-16 17:00:00+00:00,0.0057623378894622,0.0048150701723355,0.0023258016101254,1.2924687743004644,0.00222527142092,7.778152262114493e-05,0
2024-09-16 18:00:00+00:00,-0.0064541144063022,-0.0005544856746164,0.0023395635313255,1.41570593122297,0.0022284875041506,7.845981621265371e-05,0
2024-09-16 19:00:00+00:00,0.002949467817866,-0.0053006989394496,0.0023203411450302,1.1322500022576916,0.0022314816918629,7.848041774356903e-05,0
2024-09-17 13:00:00+00:00,0.0166009953245251,0.018657160324967,0.0023251170576313,1.1578041394107712,0.0022350276192257,7.781060314003527e-05,0
2024-09-17 14:00:00+00:00,0.0218262497347996,0.0089085071787953,0.0022952749553389,0.7471263453250441,0.0022375965398851,7.720035013454807e-05,0
2024-09-17 15:00:00+00:00,0.0146214817293271,-0.03278252943715,0.0021890083464037,-0.6450383794010061,0.0022383473559896,7.64900371226789e-05,0
2024-09-17 16:00:00+00:00,-0.0033993254505991,-0.0203658731654565,0.0021521817255725,-1.1285006306461434,0.0022384133825632,7.641259087410716e-05,1
2024-09-17 17:00:00+00:00,1.2245061898516596e-05,-0.0059046196733642,0.0021394851563992,-1.2734630017341246,0.0022377115458726,7.713328878787341e-05,1
2024-09-17 18:00:00+00:00,-0.0060106345752856,0.0105304662581485,0.0021751689067495,-0.8285187387445448,0.0022384203271473,7.634277589618237e-05,1
2024-09-17 19:00:00+00:00,-0.0089665723999678,-0.005175109926362,0.0021834316320415,-0.7240892446060562,0.0022386034921587,7.619483444640356e-05,1
2024-09-18 13:00:00+00:00,-0.009793515334184,-0.0049718532328762,0.0021939848231078,-0.6004272180592042,0.0022393380371707,7.553490697765857e-05,1
2024-09-18 14:00:00+00:00,0.0002812324597325,0.0097293267562196,0.0022148120323894,-0.3394213792995418,0.0022402362023572,7.490444479430542e-05,0
2024-09-18 15:00:00+00:00,0.0003389508335005,0.0069244352747534,0.0022294457748235,-0.167295194981111,0.0022417738150737,7.369034269979513e-05,1
2024-09-18 16:00:00+00:00,0.0078420712131965,0.0085043986209636,0.0022309228869763,-0.1717317591927925,0.0022433546082718,7.239034500085224e-05,1
2024-09-18 17:00:00+00:00,0.0009763964714498,0.0247231879617163,0.002284534176354,0.5433898791710445,0.0022461237788038,7.068662671605963e-05,1
2024-09-18 18:00:00+00:00,0.0107923553206778,-0.0235035255689312,0.0022075123788694,-0.5684001813794446,0.0022471225230404,6.968707165938463e-05,1
2024-09-18 19:00:00+00:00,-0.009786799629061,-0.0094978514734841,0.0022081503276623,-0.5879664356321249,0.0022483304979711,6.833752383429844e-05,1
2024-09-19 13:00:00+00:00,0.0482587647916093,0.0897047448655328,0.0023015923036844,0.7522909884351752,0.0022508339464373,6.747170712850287e-05,0
2024-09-19 14:00:00+00:00,-0.0012828781882472,0.0071860921659103,0.0023211671932533,1.015144363422673,0.00225404649103,6.611936650763992e-05,0
2024-09-19 15:00:00+00:00,0.003562730544372,0.001273471350542,0.0023158595175564,0.9055840674570094,0.002256715081499,6.531081782775067e-05,0
2024-09-19 16:00:00+00:00,0.0057289738564982,0.0006825589772249,0.0023042021682783,0.7024644615976456,0.0022595533182923,6.356029724893283e-05,0
2024-09-19 17:00:00+00:00,0.00358472559076,0.0085759378759331,0.002315731679632,0.8554217622920934,0.00226205726136,6.274614539640291e-05,0
2024-09-19 18:00:00+00:00,-0.0023963506588026,-0.0142603622889339,0.0022884201445889,0.4006355451431307,0.0022634147255971,6.241437959008194e-05,0
2024-09-19 19:00:00+00:00,-0.0052459395876746,-0.003164823547662,0.0022931875715218,0.4630600539949479,0.0022642606198614,6.24691147742186e-05,1
2024-09-20 13:00:00+00:00,-0.0068804538088709,0.0047352722525562,0.0023199799151763,0.8622741533999047,0.0022663638999208,6.217977779360085e-05,0
2024-09-20 14:00:00+00:00,0.0033067101694196,-0.0053556158174008,0.0022999702829666,0.5165749381866848,0.0022681971703458,6.150726694627321e-05,0
2024-09-20 15:00:00+00:00,0.0023292402944871,0.01151728575914,0.0023211998944613,0.8330312337673075,0.0022700622103242,6.138747511996464e-05,1
2024-09-20 16:00:00+00:00,-0.0042227874305802,-0.0148255439226533,0.0022967187901482,0.4100442986678855,0.002271942049178,6.04245469348357e-05,1
2024-09-20 17:00:00+00:00,-0.0038657331718123,0.0026184657064288,0.0023116595586597,0.6326545856386923,0.0022736745760842,6.004063423825786e-05,1
2024-09-20 18:00:00+00:00,0.0035087957161899,0.0057105791271125,0.0023167549397319,0.6919016145103019,0.0022754238564223,5.973549192960177e-05,1
2024-09-20 19:00:00+00:00,0.0005856208376515,-0.0077135034012174,0.0022976074661861,0.345544702143933,0.0022774343719427,5.83805629727108e-05,1
2024-09-23 13:00:00+00:00,0.0036640808855204,0.0365207545966969,0.0023743531040341,1.595471185080511,0.0022801488353667,5.904479475927911e-05,0
2024-09-23 14:00:00+00:00,0.0033970092724943,-0.0082327763042682,0.0023468998337987,1.0929728356109043,0.0022821046009488,5.928347964268571e-05,1
2024-09-23 15:00:00+00:00,0.0039808464519025,0.0030467018270662,0.0023447085135983,1.0217861897239022,0.0022842947464056,5.912564468015748e-05,0
2024-09-23 16:00:00+00:00,-0.0062906559979108,-0.0006971145203886,0.002357860486684,1.2016657188631223,0.0022863408869675,5.951705086849995e-05,0
2024-09-23 17:00:00+00:00,0.0009955161858385,0.0030796483161023,0.0023627797038517,1.2433424193163274,0.0022889449402352,5.938409441309481e-05,0
2024-09-23 18:00:00+00:00,0.0023893145329004,-0.0005349146174588,0.0023558804869278,1.0920061624004138,0.0022904379717429,5.992870501851296e-05,1
2024-09-23 19:00:00+00:00,-0.0029282442567173,0.0034050742407101,0.0023708483765682,1.2950026300024908,0.0022922378949584,6.070295132120339e-05,0
2024-09-24 13:00:00+00:00,0.005445095893202,-0.0095098370849811,0.0023356563014475,0.6912366791499832,0.0022937352351444,6.064647257246936e-05,1
2024-09-24 14:00:00+00:00,-0.0067965665248563,0.0022517305807824,0.0023568859146819,1.009186767992598,0.0022952486823782,6.107613997584153e-05,1
2024-09-24 15:00:00+00:00,-7.102448558220308e-05,-0.0098506796265904,0.0023339487249446,0.6113105583875461,0.0022966889671743,6.095062036657266e-05,1
2024-09-24 16:00:00+00:00,0.0019397078809087,0.0189068372316324,0.002373886995635,1.223055488690093,0.0022988885488762,6.132055941237438e-05,1
2024-09-24 17:00:00+00:00,0.0078561649886623,0.008480233400302,0.0023753689258867,1.2171368728717256,0.0022998308329781,6.20621185605099e-05,1
2024-09-24 18:00:00+00:00,-0.0010780658577269,0.0029972311212834,0.0023850690116345,1.324099733977327,0.002302020132946,6.272101455604067e-05,1
2024-09-24 19:00:00+00:00,0.0084392255105649,0.0123221934362937,0.0023943481617697,1.417024546961016,0.0023041040469941,6.36856397224279e-05,1
2024-09-25 13:00:00+00:00,-0.0084853089879734,0.0109199059324833,0.0024412647433756,2.0374150047324115,0.002307041010868,6.587942672248673e-05,0
2024-09-25 14:00:00+00:00,0.0021457749943668,-0.0003856379909447,0.002435092709383,1.8507452248490357,0.002309972944782,6.760507222767901e-05,0
2024-09-25 15:00:00+00:00,-0.0060954474300855,-0.0005787359736129,0.0024485635363989,1.947467415848759,0.0023132550609034,6.947919867329607e-05,1
2024-09-25 16:00:00+00:00,-0.0004813656155807,-0.0163159657015954,0.0024100968679111,1.3446493448932226,0.0023160805699402,6.991882183113166e-05,1
2024-09-25 17:00:00+00:00,-0.004629029492051,0.0037257368592588,0.0024303170138066,1.5704353292448572,0.0023181152022055,7.14463114218302e-05,1
2024-09-25 18:00:00+00:00,0.0023731510724039,-0.0044720736261052,0.0024137377568659,1.3196634073543363,0.0023186542790939,7.205131038877731e-05,1
2024-09-25 19:00:00+00:00,-0.0015317339161311,-0.0058404823774335,0.0024033599417731,1.1492208401756765,0.0023196748409732,7.281898994026716e-05,1
2024-09-26 13:00:00+00:00,0.0178664438020709,0.0656495299535609,0.0025209878286061,2.578817012933246,0.0023222070938647,7.708214027767754e-05,1
2024-09-26 14:00:00+00:00,0.0023774174289511,0.011462585725645,0.0025439957846225,2.6671637748375434,0.0023251539265978,8.205040128740878e-05,0
2024-09-26 15:00:00+00:00,0.0117314067378552,0.004748017126173,0.0025262919591912,2.311679958409248,0.0023277515920179,8.588575008015467e-05,1
2024-09-26 16:00:00+00:00,0.0012180391854956,0.0050140774071247,0.0025359000848958,2.2857648683499763,0.0023305225460125,8.985068487450942e-05,1
2024-09-26 17:00:00+00:00,-0.0025675321029005,0.0042749664273218,0.0025533114782832,2.3197657828920555,0.0023345874001235,9.428713871582617e-05,1
2024-09-26 18:00:00+00:00,0.0012737874916685,-0.0009617917399407,0.0025476097239071,2.135474558785268,0.0023378931997865,9.820605132373332e-05,1
2024-09-26 19:00:00+00:00,-0.0069034131957563,-0.0033734824679272,0.0025566185005784,2.1064668735280163,0.0023413739362406,0.0001021827435516,1
2024-09-27 13:00:00+00:00,0.0125356600590337,0.0590473780350769,0.0026783400146572,2.982265615041117,0.0023472128396394,0.00011103208693,0
2024-09-27 14:00:00+00:00,0.0099992098947092,0.0096236063051344,0.0026773342094375,2.7276346431527427,0.0023530717162946,0.0001188804717511,0
2024-09-27 15:00:00+00:00,-0.0037844084841965,-0.0019455602245315,0.0026822619500842,2.562693008777553,0.0023587833566072,0.0001262260412655,0
2024-09-27 16:00:00+00:00,0.004303007491561,-0.0057175049504219,0.0026555185260242,2.2091861015897907,0.0023643696462905,0.0001317901101786,1
2024-09-27 17:00:00+00:00,-0.0068667360998552,-0.009741032443976,0.0026478967377195,2.0353443544396232,0.0023697493076253,0.0001366586590065,1
2024-09-27 18:00:00+00:00,0.0001473975762942,-0.0026393415018464,0.0026405280125316,1.8838923442713391,0.0023755035252452,0.0001406792103021,1
2024-09-27 19:00:00+00:00,-0.0029560118991193,0.0136001941558699,0.0026846090387691,2.0884403678962284,0.0023837635367846,0.0001440527135029,0
2024-09-30 13:00:00+00:00,-0.0277551187406989,-0.0359057399901752,0.0026628167383278,1.863005098241833,0.0023922741203305,0.000145218399162,1
2024-09-30 14:00:00+00:00,-0.0018088674290902,0.0272685631236813,0.0027413812994664,2.287677752954385,0.002402305722715,0.0001482182428506,0
2024-09-30 15:00:00+00:00,-0.0030448401794731,-0.0172681482716985,0.002702665772763,1.9418613340475983,0.0024110973371485,0.0001501489475598,0
2024-09-30 16:00:00+00:00,-0.001685117510462,-0.0112060421855168,0.0026770560033175,1.70700944078631,0.0024193244100031,0.0001509842811388,0
2024-09-30 17:00:00+00:00,0.0020107216538243,0.0003824404234065,0.0026727005501881,1.6195476484244518,0.0024273030054545,0.0001515222753541,0
2024-09-30 18:00:00+00:00,-0.0042223970065646,0.0041900691066395,0.0026952793917091,1.7014455211745307,0.0024353107947765,0.00015279278337,0
2024-09-30 19:00:00+00:00,0.0039441567045303,-0.0126967511448681,0.0026507986223775,1.363823700432962,0.0024423333422357,0.0001528535397028,0
2024-10-01 13:00:00+00:00,-0.0104703674212589,-0.0322539987130579,0.0025936789976945,0.9589596145333512,0.0024483792774143,0.000151518080718,1
2024-10-01 14:00:00+00:00,-0.0054864743306397,-0.026825621240046,0.0025389184501719,0.5737585590907421,0.0024526190153113,0.0001504107145649,1
2024-10-01 15:00:00+00:00,0.0019246886991183,0.0148058001339252,0.0025718340814894,0.766151728603,0.0024586910436883,0.0001476770639249,1
2024-10-01 16:00:00+00:00,-0.0040644925418619,-0.0174526265350823,0.0025376314875308,0.5090385256512954,0.0024641823963528,0.0001442898473824,1
2024-10-01 17:00:00+00:00,-0.0043310865713796,0.0383174554529388,0.002648198778842,1.2325702071559812,0.0024699591709387,0.0001446080773885,1
2024-10-01 18:00:00+00:00,-0.003380210811069,-0.0083550441127109,0.0026350571471845,1.103961428275714,0.0024751906701709,0.0001448116509499,1
2024-10-01 19:00:00+00:00,-0.0039139440645284,-0.0042344853472937,0.0026342126379437,1.0622573927293244,0.0024804965555107,0.0001447070017917,1
2024-10-02 13:00:00+00:00,-0.005907842665475,0.0037450825986086,0.0026597636181176,1.1983853561529072,0.0024864225796747,0.0001446454911627,1
2024-10-02 14:00:00+00:00,-0.0036059332226048,0.0297836009039889,0.0027500711597107,1.7465332147322783,0.0024936615710093,0.0001468105997289,0
2024-10-02 15:00:00+00:00,0.0111965223461427,0.0259810755481993,0.0027910317792047,1.93668385365134,0.0025020384315863,0.0001492207140951,0
2024-10-02 16:00:00+00:00,-7.644717990074897e-05,-0.0131239301135863,0.002754852378012,1.632295187181343,0.0025097328450278,0.000150168630594,0
2024-10-02 17:00:00+00:00,-0.0030185808126607,-0.0052097055500479,0.0027488227610525,1.534151275069131,0.0025168802257924,0.0001511862220038,0
2024-10-02 18:00:00+00:00,-0.013465744006657,-0.0209702460754351,0.0027282714251767,1.3537253344547129,0.0025240185781625,0.0001508820451354,0
2024-10-02 19:00:00+00:00,-0.0078106588731448,-0.0077985506431915,0.0027283044599145,1.310031066156641,0.0025308036542534,0.000150760398561,0
2024-10-03 13:00:00+00:00,0.0014608588336138,-0.0175355259073921,0.00267696570789,0.940111201704913,0.0025371411028825,0.0001487319848481,0
2024-10-03 14:00:00+00:00,-0.0033032500072862,-0.00128845982809,0.002682364669169,0.9465621207294378,0.0025433195213909,0.0001468948996933,0
2024-10-03 15:00:00+00:00,0.0062622790928912,-0.007829496930462,0.0026448304699232,0.6651023687318297,0.0025487874468941,0.0001444033693823,1
2024-10-03 16:00:00+00:00,-0.008146211933049,0.0006235787272728,0.0026681270833778,0.8004808202540316,0.0025549627738473,0.0001413704197117,1
2024-10-03 17:00:00+00:00,0.0076734868187294,0.0064009094180014,0.0026647338446866,0.7492590349352296,0.0025598024528582,0.0001400468822341,1
2024-10-03 18:00:00+00:00,0.0025043219816773,0.0060216411159858,0.0026741230667917,0.7890535714488636,0.0025652561734081,0.0001379714854895,1
2024-10-03 19:00:00+00:00,0.0041554568517624,0.0062915113747757,0.0026798412444591,0.8035002883294541,0.0025708417189224,0.0001356558636254,1
2024-10-04 13:00:00+00:00,0.0095276536305173,0.0127314926569766,0.0026884407928513,0.8392688047992606,0.0025763513906919,0.0001335560210488,1
2024-10-04 14:00:00+00:00,-0.0065238072354657,0.018591325612195,0.0027568163773942,1.311838099343569,0.0025829186685843,0.0001325603433052,1
2024-10-04 15:00:00+00:00,0.0108169951999399,0.0167882652246909,0.002773327318978,1.396213168538596,0.0025898761157851,0.000131391973179,1
2024-10-04 16:00:00+00:00,0.006579120850325,0.0068864450367838,0.0027741797605213,1.362768651584651,0.0025965983055176,0.0001303093190448,1
2024-10-04 17:00:00+00:00,-0.0032461507529154,0.0091088018206535,0.0028086672267043,1.5883546563726514,0.0026044818209386,0.0001285515202454,1
2024-10-04 18:00:00+00:00,0.0044987309408285,0.0048090568820091,0.0028095389642592,1.5546295109274852,0.0026120260384315,0.0001270482288155,1
2024-10-04 19:00:00+00:00,0.0010122820398563,0.0081341020825386,0.0028296194149699,1.6779516937979608,0.0026202872165986,0.0001247546035711,1
2024-10-07 13:00:00+00:00,0.0167416905210453,0.0780536025667519,0.0030085376565358,2.898684403111316,0.0026308647276136,0.0001302911515709,0
2024-10-07 14:00:00+00:00,0.0098881714376573,-0.0019400706741587,0.0029731615756036,2.494148955643302,0.0026408279384423,0.0001332453045394,0
2024-10-07 15:00:00+00:00,-0.0064129844532876,0.0053400681229264,0.0030083114544907,2.602676583954408,0.0026512153124899,0.0001372034251978,1
2024-10-07 16:00:00+00:00,0.0026673712777375,-0.0121359946178521,0.002964106318955,2.1853523284992287,0.0026607112817763,0.0001388311775735,1
2024-10-07 17:00:00+00:00,-0.0006079066246762,0.0004227756213446,0.0029671629456481,2.106464624700736,0.0026694762518142,0.0001413205284072,1
2024-10-07 18:00:00+00:00,-0.013913927912777,-0.0192844835392136,0.0029512703462394,1.9169060779973943,0.0026780792124284,0.0001425167027987,1
2024-10-07 19:00:00+00:00,0.007060459977215,0.0026089693935928,0.0029381619915881,1.759636045335318,0.0026862391866816,0.0001431675633005,1
2024-10-08 13:00:00+00:00,-0.006540294392793,0.0275450403964645,0.0030400365783829,2.35700644621144,0.0026967381818561,0.0001456501729465,1
2024-10-08 14:00:00+00:00,-0.0043332792117227,0.0135562622761731,0.0030949108128554,2.5764476110109675,0.0027078147451736,0.0001502441058872,0
2024-10-08 15:00:00+00:00,-0.0064250684401242,0.011591780526069,0.0031511766985002,2.7661446486430115,0.0027201053942008,0.0001558383089296,0
2024-10-08 16:00:00+00:00,0.003697959856102,-0.0031203698724955,0.0031297640190467,2.5003529575447527,0.0027322121288221,0.0001589983082288,1
2024-10-08 17:00:00+00:00,-0.0030664195201992,0.0109571266646174,0.0031739636024101,2.588307972884482,0.0027430950583855,0.0001664672629913,0
2024-10-08 18:00:00+00:00,-0.0035997858176695,-0.0309929348108566,0.0030881987916525,1.9741291793967173,0.0027521651085026,0.0001702186901733,1
2024-10-08 19:00:00+00:00,0.0035177770954818,0.0019801208885614,0.0030834538525897,1.8627444839435383,0.0027614511400593,0.000172864671084,1
2024-10-09 13:00:00+00:00,-0.008221178588469,-0.010465819945855,0.0030765403665997,1.7491602603456955,0.002770461811421,0.0001749859987775,0
2024-10-09 14:00:00+00:00,-0.0003924709243622,0.0310744827255549,0.0031748889701804,2.1864329968915373,0.002780821436286,0.0001802330711504,0
2024-10-09 15:00:00+00:00,0.0082596432668973,-0.0057790574914595,0.003130629056739,1.857002416059743,0.0027905384251665,0.000183139574096,0
2024-10-09 16:00:00+00:00,-0.0084504649470834,-0.0106996852763324,0.0031235954952013,1.7447242210453544,0.0027999880417435,0.0001854777102044,0
2024-10-09 17:00:00+00:00,-0.0008166372195628,-0.0032115578299631,0.0031161236827414,1.6324724558829935,0.0028072844362116,0.0001891849662864,0
2024-10-09 18:00:00+00:00,-0.0090847962984843,-0.0260263586310493,0.0030637763539409,1.3074388467436764,0.00281372513862,0.0001912527044333,0
2024-10-09 19:00:00+00:00,-0.0023184266120409,0.0083626254562302,0.0030966760978622,1.4237186267291722,0.002820632041083,0.0001938894747857,0
2024-10-10 13:00:00+00:00,-0.0022254929337193,-0.0121426571961309,0.0030661176294597,1.2225237752708056,0.0028274753594736,0.0001952046044529,0
2024-10-10 14:00:00+00:00,-0.0054045267230285,-0.0128887880304085,0.0030432556631028,1.068870387723053,0.0028340646748966,0.0001957122122653,1
2024-10-10 15:00:00+00:00,0.0031604343018216,0.0145216644591662,0.0030780279450421,1.204266046128862,0.0028413563404385,0.0001965276737349,1
2024-10-10 16:00:00+00:00,-0.0070226806284558,-0.0069866546356045,0.0030781388360523,1.1640944387571823,0.0028479151703932,0.0001977706086328,1
2024-10-10 17:00:00+00:00,-0.0133582217386228,-0.0319848293558799,0.003021334232647,0.8478199957820332,0.0028538904619652,0.0001974991997297,1
2024-10-10 18:00:00+00:00,-0.0030877201643316,0.0140013263369118,0.0030734096461093,1.0756293799414651,0.0028594242677425,0.0001989396927577,1
2024-10-10 19:00:00+00:00,0.0056463222316912,0.005551540426928,0.0030731183566009,1.0389544936244368,0.0028655984774732,0.0001997391419943,1
2024-10-11 13:00:00+00:00,0.0349264218578046,0.0679614157166778,0.0031763342848662,1.4960871493536196,0.0028739197821657,0.0002021369562803,1
2024-10-11 14:00:00+00:00,0.0005317378121899,0.0446813501486085,0.0033197099133166,2.087542672951416,0.0028847032715511,0.0002083821554413,1
2024-10-11 15:00:00+00:00,0.0097140205278172,0.0045219629746183,0.0033025184565231,1.907749111891755,0.0028948239226314,0.0002137044810297,1
2024-10-11 16:00:00+00:00,-0.0027518511034352,-0.001398200316478,0.0033069919403151,1.8425665506306728,0.0029057604779303,0.0002177568361085,1
2024-10-11 17:00:00+00:00,0.0101802128061762,0.0133418224436036,0.0033174639033111,1.8148197925016856,0.0029178235596906,0.0002202093812684,0
2024-10-11 18:00:00+00:00,5.211810560253061e-05,0.0047502980404689,0.0033330866160776,1.819826922169656,0.002931059695789,0.0002209149207492,0
2024-10-11 19:00:00+00:00,0.0021058073835124,0.0143526074157895,0.0033741572398863,1.926378972635418,0.002944431748429,0.0002230742224461,0
2024-10-14 13:00:00+00:00,0.0336039448738154,0.04307877157527,0.0034062787274603,1.9935453000960992,0.0029589092024278,0.0002244090089204,0
2024-10-14 14:00:00+00:00,0.0120418801979198,0.0070595437487763,0.0033893497088538,1.8386018808595344,0.002971261717928,0.0002273945193237,0
2024-10-14 15:00:00+00:00,0.0002129366986797,-0.0652545904881304,0.0031745647918232,0.8654387939908518,0.0029802535120053,0.0002245234222998,0
2024-10-14 16:00:00+00:00,-0.0046515697640606,-0.0073801483123912,0.003165914549232,0.7996321564743616,0.0029891152105268,0.0002211008365205,0
2024-10-14 17:00:00+00:00,7.007043628267112e-05,-0.0145844400375299,0.0031198579142677,0.5660347038230993,0.0029967834487959,0.0002174327203622,0
2024-10-14 18:00:00+00:00,0.0014097633572595,0.0011224244591444,0.0031189615865134,0.5383081614931378,0.003002931622576,0.0002155456153879,0
2024-10-14 19:00:00+00:00,0.0021105106895904,-0.0170120208027524,0.0030598857849719,0.2453698399395977,0.0030074125226721,0.0002138537577101,0
2024-10-15 13:00:00+00:00,0.0260274797826605,-0.0354185770996015,0.0028775278301606,-0.62237730827692,0.0030094571135413,0.0002119763712882,1
2024-10-15 14:00:00+00:00,-0.0340649538979029,0.0050605930073583,0.0029923441596499,-0.1011957268686817,0.0030135158035179,0.0002092148010903,0
2024-10-15 15:00:00+00:00,0.0084639004662716,0.0160741645407217,0.003015203561622,-0.0150335228541864,0.003018298005792,0.0002058362633942,0
2024-10-15 16:00:00+00:00,0.0146225869050775,-0.0096033549263362,0.0029430351193517,-0.3892472510839382,0.0030218768501159,0.0002025492294284,0
2024-10-15 17:00:00+00:00,-0.0011232793738141,0.0173199502571147,0.0029978178240057,-0.1489238859121727,0.0030272243853845,0.0001974603415612,0
2024-10-15 18:00:00+00:00,0.0018114151641429,-0.0150877940324855,0.0029475827356176,-0.4366487046397836,0.003031644686492,0.000192516203486,0
2024-10-15 19:00:00+00:00,0.0007221790640137,-0.0151645768629105,0.0029011252148788,-0.7225906930570436,0.0030359162655746,0.0001865385923053,0
2024-10-16 13:00:00+00:00,0.0060007829836092,0.0019531507421073,0.002889406259932,-0.8286486122382993,0.0030396042518505,0.0001812565539846,0
2024-10-16 14:00:00+00:00,0.003443432390776,0.0159693413691422,0.0029258263207426,-0.6745052277694367,0.0030439557931181,0.0001751349989771,0
2024-10-16 15:00:00+00:00,0.0010636427722182,0.0023975385779225,0.002929731672287,-0.7011430036162449,0.003048215936543,0.0001689873016558,0
2024-10-16 16:00:00+00:00,0.000828264093684,-0.0025177593261868,0.0029199451036723,-0.8122482408432791,0.0030522176675299,0.0001628474611657,1
2024-10-16 17:00:00+00:00,0.0029967052476364,-0.004057566866559,0.0028994194980735,-0.9954217345529476,0.0030557339792836,0.0001570334218995,0
2024-10-16 18:00:00+00:00,-0.0022857137026182,-0.0008122838581448,0.0029036947381533,-1.007104546775779,0.0030581819519629,0.0001533973948426,0
2024-10-16 19:00:00+00:00,-0.0003964056203224,-0.0151987232062152,0.0028610298749115,-1.3150032528701865,0.0030596436612285,0.0001510367262464,1
2024-10-17 13:00:00+00:00,-0.0109360417072477,-0.0126094228201156,0.0028562462850562,-1.3764591665698058,0.0030610114366374,0.000148762241957,1
2024-10-17 14:00:00+00:00,0.0008786739856927,0.032924591786101,0.0029492597091928,-0.7825557683124205,0.0030633546446789,0.000145797833338,0
2024-10-17 15:00:00+00:00,0.0065808269785634,-0.0116895162482862,0.0028958649773587,-1.175882746428037,0.0030647934115639,0.0001436609515007,1
2024-10-17 16:00:00+00:00,-0.0029074804830142,0.0043613955977201,0.0029169913504995,-1.05359489924367,0.0030662496104894,0.0001416657010175,1
2024-10-17 17:00:00+00:00,-0.0010901368195524,-0.008870317983184,0.002894384685349,-1.186788724154676,0.0030643470609696,0.0001432119906107,1
2024-10-17 18:00:00+00:00,-0.0054379913947758,-0.0112061809769131,0.0028777373843119,-1.2780818493425607,0.0030627566577814,0.0001447632431089,1
2024-10-17 19:00:00+00:00,-0.0016875974618911,0.0059544491697197,0.0028998134332558,-1.1027114428564306,0.0030609483574275,0.0001461261014524,1
2024-10-18 13:00:00+00:00,0.0195583533181727,0.0598786528219636,0.0030191239335261,-0.2933921659682898,0.0030618653176703,0.0001456800456928,1
2024-10-18 14:00:00+00:00,0.0043267099171176,0.0198184739266682,0.0030662596540593,0.0188959303117835,0.0030635169294772,0.0001451489573111,1
2024-10-18 15:00:00+00:00,0.0053095008660894,0.001239108619787,0.0030538041411469,-0.0790938586486544,0.003065225826059,0.0001444067226861,1
2024-10-18 16:00:00+00:00,0.0007793580432927,0.0167130129822785,0.003102852121689,0.2430543207691911,0.0030679706615606,0.0001435130221833,1
2024-10-18 17:00:00+00:00,-0.0012838119616163,0.012192412773114,0.003144949876494,0.5231408822295854,0.0030697192165292,0.0001438057366961,1
2024-10-18 18:00:00+00:00,0.0011515773445236,0.0044305348112269,0.0031552789584297,0.5863811933342639,0.0030707253522887,0.0001441956309344,1
2024-10-18 19:00:00+00:00,-0.0034786519838628,-0.0059117055322752,0.0031476113274246,0.5337401895650664,0.0030706659294375,0.0001441626459679,1
2024-10-21 13:00:00+00:00,-0.0182622677099384,-0.0091206155745179,0.0031765176195636,0.7265761400273193,0.0030714451561128,0.0001446131487979,1
2024-10-21 14:00:00+00:00,-0.0018911018787102,-0.0097235989109823,0.0031517347373593,0.55868699062749,0.0030710746750286,0.0001443743342584,1
2024-10-21 15:00:00+00:00,-1.1506649943069651e-05,0.0097703185886807,0.0031827157340744,0.7586648017323562,0.0030726499574023,0.00014507826964,1
2024-10-21 16:00:00+00:00,0.00067854975612,0.0185246321261239,0.0032400245895208,1.123333062145618,0.0030752594696845,0.0001466752162725,0
2024-10-21 17:00:00+00:00,0.0043338153986353,-0.0035846338455792,0.003214469929425,0.9265033783264538,0.0030775582957315,0.0001477724063356,0
2024-10-21 18:00:00+00:00,-0.0035988521555109,0.0145239648539141,0.0032732562577176,1.298856782300238,0.0030791977505238,0.0001494071631593,0
2024-10-21 19:00:00+00:00,0.0078852937626819,-0.0058127594145661,0.0032287247134775,0.9825920985134874,0.0030808326781361,0.0001505121357733,0
2024-10-22 13:00:00+00:00,-0.0141322480244144,-0.0117016575668822,0.0032365819659693,1.013892561313088,0.0030827157859823,0.0001517578744119,1
2024-10-22 14:00:00+00:00,0.0096379647721659,0.0062648627282381,0.0032256830366587,0.923566069127944,0.0030845417752142,0.0001528220515699,1
2024-10-22 15:00:00+00:00,-0.0039358532703719,-0.0055339119330652,0.0032205323226066,0.8672289708446329,0.003087154374692,0.0001537978462421,1
2024-10-22 16:00:00+00:00,-0.0051806517155318,0.0001845730394593,0.0032378576378934,0.9569678552346832,0.0030895074003592,0.0001550211292079,0
2024-10-22 17:00:00+00:00,0.0054069606200229,-0.0027495135481993,0.003211555547688,0.7678830313122809,0.003091931365663,0.0001557843801035,1
2024-10-22 18:00:00+00:00,0.0005432109961549,0.0138487848018486,0.0032545726862768,1.0131838888838494,0.0030954533160492,0.0001570488555664,0
2024-10-22 19:00:00+00:00,0.0027580422428816,0.002376673918706,0.0032533317319909,0.9786047438602956,0.0030983750458317,0.0001583445074545,0
2024-10-23 13:00:00+00:00,-0.0117623724412225,0.0032681655738009,0.0033026003979935,1.2491605035786602,0.003102116071864,0.0001604952490533,0
2024-10-23 14:00:00+00:00,-0.0043231160297972,-0.024902340021814,0.0032353300049825,0.8050306510734373,0.0031056826680696,0.0001610464604546,0
2024-10-23 15:00:00+00:00,-0.0042054813764094,-0.0028387732915888,0.0032397547796563,0.810937643282464,0.0031084550869621,0.0001619109604564,1
2024-10-23 16:00:00+00:00,-0.0051451224380194,-0.0109306172201849,0.0032210653113249,0.6778569368810685,0.0031109208695408,0.0001624892153362,1
2024-10-23 17:00:00+00:00,-0.0030309847719797,-0.0158897038328852,0.0031799116958491,0.4241547456974554,0.0031109804930572,0.0001625142792603,1
2024-10-23 18:00:00+00:00,0.0051592792711017,0.0247652904846629,0.0032428722662393,0.8264467426172439,0.0031096998656059,0.0001611385147597,1
2024-10-23 19:00:00+00:00,0.0065727329228356,0.0002337519658345,0.0032223807768948,0.713316244833608,0.0031083642376121,0.0001598400991264,1
2024-10-24 13:00:00+00:00,0.0216543363853745,0.0580201680369337,0.0033417221561347,1.4491405176633676,0.0031089430745424,0.0001606325119993,1
2024-10-24 14:00:00+00:00,-0.0018467807011646,0.0041375226563829,0.0033617799914803,1.558993099939334,0.0031096816760119,0.000161705857119,1
2024-10-24 15:00:00+00:00,-0.0008735761447072,-0.0191374136640332,0.0033009382807267,1.1912216244293226,0.0031091458704227,0.0001610048091561,1
2024-10-24 16:00:00+00:00,-0.0018990144322471,-0.002890329759034,0.0032976676314064,1.192465365453078,0.0031078710436147,0.000159163186865,1
2024-10-24 17:00:00+00:00,0.0011486695745543,0.0289875505767001,0.0033907608007991,1.7843767798189838,0.0031076124115037,0.0001586819513108,1
2024-10-24 18:00:00+00:00,0.0021250546186247,0.0154310461211477,0.0034361797370774,2.046121228167292,0.0031083929119741,0.0001601991224131,1
2024-10-24 19:00:00+00:00,0.0071048125624427,0.0129518783513508,0.0034563301590753,2.065358715162714,0.0031130890014283,0.0001661896091594,1
2024-10-25 13:00:00+00:00,0.0017065119946932,0.0314690569583002,0.0035607454659212,2.508211442372564,0.0031196695167065,0.0001758527777058,0
2024-10-25 14:00:00+00:00,-0.0007028199007247,0.0006160799436665,0.0035654448308767,2.3690666441004944,0.0031270959653166,0.0001850301960274,0
2024-10-25 15:00:00+00:00,-0.0095647363322341,-0.0191733604745223,0.0035313498767161,2.067089606709656,0.0031339691034867,0.0001922416773513,1
2024-10-25 16:00:00+00:00,4.884466491086934e-05,-0.0088074222063414,0.0035002133798666,1.815468402349974,0.0031413078967349,0.0001976930486188,1
2024-10-25 17:00:00+00:00,-0.0129898815100682,-0.0044436181626743,0.0035302553154781,1.882198227366612,0.0031521866881569,0.0002008654677409,1
2024-10-25 18:00:00+00:00,0.0022675200864499,-0.0109482908251035,0.0034839070681831,1.584118735536835,0.0031603794032991,0.0002042319540992,1
2024-10-25 19:00:00+00:00,-0.0012960143335006,0.0049029722282576,0.0035055708386185,1.6195118391654524,0.003168552191249,0.0002080989093251,1
2024-10-28 13:00:00+00:00,0.0303917458684248,0.0515237198356281,0.0035804387375001,1.8873033520351865,0.0031791755848848,0.000212611900563,1
2024-10-28 14:00:00+00:00,-0.0005983033131653,-0.0046073431855353,0.0035661133505516,1.739405982957802,0.0031886471769939,0.0002170086668988,1
2024-10-28 15:00:00+00:00,-0.0062136020168882,0.0135644382369321,0.0036373461848784,1.9673518797412324,0.0032001432344816,0.000222229157325,0
2024-10-28 16:00:00+00:00,0.0037681348478627,0.0139399685649057,0.0036745334762795,2.0333022637703864,0.0032130333721716,0.0002269707324537,0
2024-10-28 17:00:00+00:00,0.0038428019866088,0.0011092748508582,0.003664502755181,1.9044862523100767,0.0032259516470924,0.0002302726562381,0
2024-10-28 18:00:00+00:00,0.0024824284464341,0.0161896209825858,0.0037150786347779,2.022619226199567,0.0032391058523264,0.0002353249570092,0
2024-10-28 19:00:00+00:00,0.004917323795973,-0.0058176775808735,0.0036754105598836,1.778156111302145,0.0032515338337863,0.0002383799281756,0
2024-10-29 13:00:00+00:00,0.0314294966805973,0.000508954868602,0.0035635038971465,1.2674107097070315,0.0032622598136775,0.0002376846598831,0
2024-10-29 14:00:00+00:00,0.00223199765051,0.0019550348358032,0.0035625170757396,1.2257731367261415,0.003273311439972,0.0002359373256784,0
2024-10-29 15:00:00+00:00,0.0072511058155023,0.0216716286679685,0.0036142626369559,1.4010504964402146,0.0032851542382854,0.0002349011684495,0
2024-10-29 16:00:00+00:00,0.003969690741566,-0.0100210114479932,0.0035640486483179,1.1571822301092458,0.0032968712178421,0.0002308862195806,0
2024-10-29 17:00:00+00:00,0.0014738996254936,-0.0003861985168457,0.0035574253299688,1.1016862184564142,0.0033085575352573,0.0002258971661278,0
2024-10-29 18:00:00+00:00,0.0048615460595948,-0.0180058459151097,0.0034769993612525,0.7194210871630949,0.003317353196125,0.0002219092100247,0
2024-10-29 19:00:00+00:00,-0.0047238281144231,0.0160341108928017,0.0035499290178885,1.0221984420733816,0.0033282542634672,0.0002168607828942,0
2024-10-30 13:00:00+00:00,-0.0111331612085542,-0.028300343729647,0.0034895068615163,0.719096814570668,0.0033377961886508,0.0002109739186594,0
2024-10-30 14:00:00+00:00,0.0060500596268072,0.0146819279850919,0.0035197582003341,0.8407541126220522,0.0033482190805672,0.0002040300691863,0
2024-10-30 15:00:00+00:00,-0.0052703240323311,-0.0036552645872644,0.0035254474120308,0.850540533525437,0.0033590142476958,0.0001956792860243,0
2024-10-30 16:00:00+00:00,0.0015506112762265,-0.0080054742139803,0.0034919183934064,0.6584372813606486,0.0033688826636984,0.0001868602115813,0
2024-10-30 17:00:00+00:00,-0.0038017499015331,0.0018241328705576,0.0035116188812942,0.7392078739408968,0.0033770909128278,0.0001819893607858,0
2024-10-30 18:00:00+00:00,0.0012589778503429,-0.0207162286409872,0.0034352920517349,0.2932648735612924,0.0033832414527891,0.0001774866465041,1
2024-10-30 19:00:00+00:00,-0.0008174490799835,6.0669164860294576e-05,0.0034383099692122,0.2824892131600626,0.0033896498832568,0.0001722546691642,1
2024-10-31 13:00:00+00:00,-0.0099720365150908,-0.0058413374614668,0.0034525419667612,0.339149571754887,0.0033954780473414,0.0001682559088149,1
2024-10-31 14:00:00+00:00,-0.0076327373013566,-0.009298627953728,0.0034467951974455,0.2803170062393607,0.0034005088026906,0.0001651216077679,1
2024-10-31 15:00:00+00:00,-0.0004509211359829,0.0112089307831505,0.0034872195319402,0.5001665120118177,0.0034060411455824,0.0001623027220099,1
2024-10-31 16:00:00+00:00,-0.0038641049106085,0.0171018569310341,0.0035611042694244,0.9266255028059056,0.0034129326946157,0.0001599044860733,0
2024-10-31 17:00:00+00:00,0.0049345035939261,-0.0236200129599752,0.0034608567300217,0.2751242388287045,0.00341767167979,0.0001569656327464,0
2024-10-31 18:00:00+00:00,-0.0018512816120344,0.0046074186529553,0.0034832817064471,0.3921013178306237,0.0034231974626082,0.0001532365261391,0
2024-10-31 19:00:00+00:00,-0.0058859401448978,-0.0056297254825574,0.0034841742886348,0.3726973314732065,0.0034282217718508,0.0001501285683017,0
2024-11-01 13:00:00+00:00,0.012638368276629,0.0384855651780896,0.0035754043694353,0.9487366881999134,0.0034338114348494,0.0001492436588011,0
2024-11-01 14:00:00+00:00,0.0013024863259886,-0.0385264567223889,0.0034357984257939,-0.0116213171202946,0.0034375002431222,0.0001464392814296,0
2024-11-01 15:00:00+00:00,-0.0248190284328721,-0.0369867778693823,0.0033942458050418,-0.3122889473918624,0.0034395167355776,0.0001449648824075,0
2024-11-01 16:00:00+00:00,0.0078694391429933,-0.0088067856788768,0.0033381119501678,-0.7221628013738032,0.0034413398561891,0.000142942707413,0
2024-11-01 17:00:00+00:00,-0.0037132602412966,-0.0249714951083353,0.0032678985331474,-1.2230451083245044,0.0034418617989754,0.0001422378166136,1
2024-11-01 18:00:00+00:00,-0.0084269358296266,0.002633205237968,0.0033042425665,-0.988351967715702,0.0034431711244728,0.0001405658738089,1
2024-11-01 19:00:00+00:00,0.0013222245215171,0.0057104428454118,0.0033187741648711,-0.9100915835959892,0.0034448084885105,0.000138485319402,0
2024-11-04 14:00:00+00:00,-0.0132166803200004,0.0014239899111873,0.0033677206735363,-0.5819156945509636,0.0034469728724379,0.0001361918911,0
2024-11-04 15:00:00+00:00,0.0053880921186252,-0.0217498098256749,0.0032775567632842,-1.2676420566127635,0.0034480728926979,0.000134514414794,1
2024-11-04 16:00:00+00:00,-0.0152765082178131,0.0042137948645217,0.0033420639280408,-0.8089658256736463,0.0034495310800606,0.0001328451074311,0
2024-11-04 17:00:00+00:00,0.0028884219044804,0.0063968321250499,0.0033538098519953,-0.7437654473929661,0.003451205715394,0.000130949701603,0
2024-11-04 18:00:00+00:00,-0.0025868662563399,-0.0135678776091751,0.0033171830953953,-1.0274190713842286,0.0034514487603507,0.0001306824729021,0
2024-11-04 19:00:00+00:00,0.0031904509687701,-0.0109609160391912,0.003270571010222,-1.3983520609816835,0.003452036110438,0.0001297706817041,1
2024-11-04 20:00:00+00:00,-0.0071137261204792,0.0049900106324878,0.0033103976803093,-1.114685690776222,0.0034532134921156,0.00012812204641,0
2024-11-05 14:00:00+00:00,0.0381752565694096,0.0516752043651854,0.0033553908958803,-0.7996234844016217,0.0034554522518582,0.0001251355893489,0
2024-11-05 15:00:00+00:00,-0.0063412983317336,-0.0020739392126284,0.0033697401487501,-0.7384198564537827,0.0034586160594065,0.0001203595893035,0
2024-11-05 16:00:00+00:00,0.0087841541967022,-0.0239728487832454,0.0032611458821688,-1.650511201268235,0.003458920619672,0.0001198263527997,1
2024-11-05 17:00:00+00:00,-0.0019902933125147,0.007537457273049,0.0032923657581804,-1.423678081189568,0.0034600870360268,0.000117808428789,1
2024-11-05 18:00:00+00:00,0.002619941244803,0.007455182810027,0.0033083236910817,-1.276498107120141,0.0034595303949425,0.0001184543110698,1
2024-11-05 19:00:00+00:00,-0.0199424025074438,-0.0146604938421886,0.0033258441847437,-1.1179454913265423,0.0034589314648303,0.0001190463051366,1
2024-11-05 20:00:00+00:00,0.0095317473681279,-0.0047082116509991,0.0032788199063627,-1.5031574949878652,0.0034585628252575,0.0001195769036139,1
2024-11-06 14:00:00+00:00,0.057314305961979,0.074669125651425,0.0033362198770192,-1.0352423517229907,0.0034592053626844,0.0001187987387306,1
2024-11-06 15:00:00+00:00,0.012419996355504,0.0291493647236562,0.0033925021995051,-0.5618041215895795,0.0034592343859962,0.0001187819453909,0
2024-11-06 16:00:00+00:00,-0.0022735232541348,0.0069796178575031,0.0034240391841456,-0.2944728377503722,0.0034590320434473,0.0001188322140985,1
2024-11-06 17:00:00+00:00,0.0024167774399503,0.014028411752428,0.0034640296027571,0.0409753072607093,0.0034591603675087,0.0001188334041622,1
2024-11-06 18:00:00+00:00,0.0101889131761123,0.0002127104995076,0.0034296435476774,-0.2313564516230815,0.003456975335538,0.0001181371328478,1
2024-11-06 19:00:00+00:00,0.0078421459404594,0.0044452012214031,0.0034180130034816,-0.3110166592816819,0.0034545181384147,0.0001173735677612,1
2024-11-06 20:00:00+00:00,0.0056647460389973,-0.0052978530716043,0.003380747334674,-0.607441432662062,0.0034520080960473,0.0001173129746205,1
2024-11-07 14:00:00+00:00,-0.0189452426527365,0.0148158740478751,0.0034968337167334,0.3826571264464934,0.0034519517683284,0.0001172902457658,1
2024-11-07 15:00:00+00:00,0.0151247862095744,0.0118503365715327,0.0034854022369518,0.2924780408037649,0.0034512042170197,0.0001169250855147,1
2024-11-07 16:00:00+00:00,-7.535535114712569e-05,0.0184781854824577,0.0035506724137824,0.8366576254101151,0.0034523169727797,0.0001175575743477,1
2024-11-07 17:00:00+00:00,0.0055794175755209,0.0069916486917574,0.0035556903262408,0.8680900363390706,0.0034531522975734,0.0001181191171135,0
2024-11-07 18:00:00+00:00,0.002607599615624,0.0120970365001582,0.0035895924266889,1.152127478150922,0.0034533048590599,0.0001182920902535,0
2024-11-07 19:00:00+00:00,-0.0008960006867259,0.0046072873100153,0.0036094014449752,1.3043483055243883,0.0034540263273002,0.0001191208797657,0
2024-11-07 20:00:00+00:00,0.0004963017763542,-0.0197198182875889,0.0035371659726473,0.7236640402419906,0.0034523566570964,0.0001171943206166,0
2024-11-08 14:00:00+00:00,-0.0105796719358152,0.0201721391396388,0.0036476300119044,1.6817692089539242,0.0034519082660235,0.0001163784809704,0
2024-11-08 15:00:00+00:00,0.0082538863027811,-0.0411928766279837,0.0034716531130203,0.2031371984065993,0.0034486941053208,0.0001130221735832,1
2024-11-08 16:00:00+00:00,-0.0057423404444634,0.0081099925171721,0.0035200782339748,0.6915635177833714,0.0034454440986407,0.0001079208683148,1
2024-11-08 17:00:00+00:00,0.006943236887426,0.0101568312983399,0.0035314085334562,0.8475468323640232,0.003443044064867,0.0001042590983942,1
2024-11-08 18:00:00+00:00,0.0046445756651999,0.0100914995656572,0.0035506963288889,1.0369597461022095,0.003442830605396,0.0001040211289766,1
2024-11-08 19:00:00+00:00,0.0031038993023622,-0.0231693483260528,0.0034586228361643,0.1703768364165351,0.0034410990347364,0.0001028531917629,1
2024-11-08 20:00:00+00:00,-0.0059443251796862,0.0139659264750285,0.003528174990025,0.8765173507278244,0.0034396642406209,0.0001009800311775,1
2024-11-11 14:00:00+00:00,0.0738796998827392,0.1548477492434807,0.0038257280407686,3.422056015643286,0.0034440255638284,0.0001115418553043,1
2024-11-11 15:00:00+00:00,0.0199622656944222,0.0170830781908449,0.0038147288943023,3.039339260798788,0.0034483139565673,0.0001205574324857,1
2024-11-11 16:00:00+00:00,0.0014398371173169,-0.0019707184124947,0.0038017407106277,2.700506864935879,0.0034537263123902,0.0001288700290883,1
2024-11-11 17:00:00+00:00,0.0054248074800498,0.0115351225208781,0.003825041659646,2.677068704678042,0.0034583115230862,0.000136989437708,1
2024-11-11 18:00:00+00:00,0.0123704818710213,0.0198811856253032,0.0038538785715917,2.6647575042776417,0.0034643843849208,0.0001461649647466,1
2024-11-11 19:00:00+00:00,0.0052941522052003,0.0193306175375252,0.0039083548372468,2.788768718967793,0.003470860995536,0.0001568770614555,1
2024-11-11 20:00:00+00:00,0.0074170881568538,0.0090787721260281,0.0039148546866779,2.6212265179477927,0.0034773511167801,0.0001669079596525,1
2024-11-12 14:00:00+00:00,0.0017550356686157,0.020249795701483,0.0039879326816086,2.799129138735561,0.0034856180215835,0.0001794539069576,0
2024-11-12 15:00:00+00:00,-0.0049865598190976,-0.0140382457179365,0.003951998047452,2.425288289952798,0.0034929576743528,0.0001892724980369,1
2024-11-12 16:00:00+00:00,0.0056373697999543,0.011943595406402,0.0039769989866629,2.385345212047992,0.0035019861232682,0.0001991379952031,1
2024-11-12 17:00:00+00:00,-0.0013860034735327,0.0043386707971325,0.0039998313018652,2.3367746986034725,0.0035113448121458,0.0002090430412531,0
2024-11-12 18:00:00+00:00,0.0225847087432464,0.0181401040505119,0.0039820930817797,2.123536157365085,0.0035201706640627,0.0002175251012867,0
2024-11-12 19:00:00+00:00,-0.0011240542890502,0.0003526963612827,0.0039879779845254,2.034491892620016,0.0035291903771807,0.000225504760677,0
2024-11-12 20:00:00+00:00,0.00969854496177,0.0069858679040973,0.0039771745478825,1.889944091096168,0.0035373562941131,0.0002327149548187,0
2024-11-13 14:00:00+00:00,0.0220583493957409,0.0331729372943426,0.0040216257749156,1.977898558159733,0.003545031652538,0.0002409598411462,0
2024-11-13 15:00:00+00:00,0.0106078446653207,-0.0223342676079715,0.003891303261648,1.3852664162625934,0.0035522057613984,0.0002447886531202,0
2024-11-13 16:00:00+00:00,-0.0030861191977476,-0.0149844284079363,0.0038452776884456,1.1597192005657804,0.0035582390277651,0.0002475070349274,0
2024-11-13 17:00:00+00:00,-0.0026283592515518,0.0004129302411283,0.0038569900924537,1.168839241287824,0.0035644526244954,0.000250280327375,0
2024-11-13 18:00:00+00:00,0.007138851494422,-0.0372981469990503,0.0036893493404797,0.4904278324753856,0.0035663517073461,0.0002507966004146,0
2024-11-13 19:00:00+00:00,-0.0258630403557547,-0.0302461582718154,0.0036732138749433,0.4106769127984288,0.0035703086314986,0.0002505746981088,1
2024-11-13 20:00:00+00:00,-0.0096679441141698,-0.0126015546124291,0.0036624538866815,0.3510211031033179,0.0035747787661926,0.0002497716510881,1
2024-11-14 14:00:00+00:00,-0.0049656109023167,0.0107873225835616,0.0037206051027353,0.5611574515251724,0.0035811536520687,0.0002485068144199,1
2024-11-14 15:00:00+00:00,-0.0115156306194342,-0.0176349595993065,0.0036979070154687,0.4463774021333221,0.0035883204601074,0.00024550202326,1
2024-11-14 16:00:00+00:00,0.0105602835529128,0.0032156457158498,0.0036708467233519,0.3146513988475424,0.0035944305293883,0.0002428598577458,1
2024-11-14 17:00:00+00:00,0.0016110282007696,0.0196797154756608,0.0037377769546148,0.566257317054005,0.0036014139092173,0.0002408146284216,1
2024-11-14 18:00:00+00:00,-0.0013762262347193,0.0030832312118103,0.003754482633335,0.6118798354405287,0.0036078599418806,0.0002396266112427,0
2024-11-14 19:00:00+00:00,0.0034508684184159,0.0004482957586835,0.0037432264336641,0.5400944400989751,0.0036156211030536,0.000236264847657,0
2024-11-14 20:00:00+00:00,-0.0188010659701208,-0.0212562225547974,0.003734047499109,0.4782158770685528,0.0036221541625714,0.0002339808063745,0
2024-11-15 14:00:00+00:00,0.0141322762760233,0.0054063295278026,0.0037016061460819,0.3181446933191636,0.0036279507674729,0.000231515345551,1
2024-11-15 15:00:00+00:00,-0.0073631591315692,0.0310593485028538,0.0038465987898205,0.9140652693482232,0.00363677436238,0.0002295508148889,0
2024-11-15 16:00:00+00:00,0.0105010897974886,-0.0172469161484824,0.0037413305892567,0.4301705229017493,0.0036446203553639,0.000224818365611,1
2024-11-15 17:00:00+00:00,0.0025080920922729,0.0010510541023176,0.0037358832978741,0.381260910071545,0.0036517117823233,0.0002207714279836,1
2024-11-15 18:00:00+00:00,-0.0023960988103527,-0.0011519169548703,0.0037405343088393,0.378717044520725,0.003658130839206,0.0002175858489222,1
2024-11-15 19:00:00+00:00,0.0119574659599246,0.0419643217545991,0.0038544769633642,0.8728710599975312,0.0036662097861162,0.0002156872714379,1
2024-11-15 20:00:00+00:00,0.010587298132584,-0.0239694231916472,0.0037235540389904,0.2373520901027987,0.0036739165887299,0.0002091300322613,1
2024-11-18 14:00:00+00:00,-0.0129224414400321,0.0525944071215638,0.0039756785883257,1.405554829273025,0.003685305135899,0.0002065899148003,1
2024-11-18 15:00:00+00:00,0.0247786480186135,0.0437097136666364,0.0040516593498841,1.7192220161309728,0.0036976940635457,0.0002058868971065,1
2024-11-18 16:00:00+00:00,-0.0099838759703015,0.0001068376025859,0.0040927504544962,1.853760889003491,0.0037104758347082,0.0002062157110205,1
2024-11-18 17:00:00+00:00,0.0007229027856131,-0.0066979486841275,0.0040624911749426,1.6680135480530591,0.0037235370225179,0.0002032082729905,1
2024-11-18 18:00:00+00:00,-0.0129655657530572,-0.0353486867794863,0.0039725700551646,1.19681667919931,0.0037341428588203,0.0001992178087824,1
2024-11-18 19:00:00+00:00,0.0033872851285751,0.0523670541150875,0.0041719895122445,2.103678301328299,0.0037471343140326,0.000201958254712,1
2024-11-18 20:00:00+00:00,0.0075204329186526,0.017772608524192,0.0042149814854149,2.204127869335886,0.0037603166857204,0.0002062787762996,1
2024-11-19 14:00:00+00:00,0.0063162774977109,0.0458967092936856,0.0043851578841934,2.798273370883348,0.0037756688237444,0.0002178089770609,1
2024-11-19 15:00:00+00:00,0.0054475016617533,0.0301417344844803,0.0044947941139032,3.022260793613745,0.0037934213331815,0.000232068914173,1
2024-11-19 16:00:00+00:00,0.0019251932647769,0.0019139602829888,0.0044947436242463,2.8021296935912186,0.0038113668435276,0.0002438776414531,1
2024-11-19 17:00:00+00:00,0.002164461254241,0.0127576866604684,0.0045426105415028,2.791897404487912,0.003830731230308,0.0002549804695725,1
2024-11-19 18:00:00+00:00,0.0104110404642568,0.006375737902891,0.0045243166690289,2.53905579015501,0.0038478559461796,0.0002664221579817,1
2024-11-19 19:00:00+00:00,-0.0058170681262618,0.0406523114797651,0.004739520323371,3.0448192925100104,0.0038687579142866,0.0002859816381308,1
2024-11-19 20:00:00+00:00,-0.008115230369755,-0.0253497175116025,0.0046585369790166,2.5668320599296965,0.0038872223237072,0.0003004928399291,1
2024-11-20 14:00:00+00:00,0.023278255811656,0.1086085223308246,0.0050735040467542,3.474785331895523,0.0039125192190491,0.0003341169933717,1
2024-11-20 15:00:00+00:00,0.0014808153800874,-0.0249322359577448,0.0049412516078624,2.820285841659727,0.0039350468720686,0.0003567740265652,1
2024-11-20 16:00:00+00:00,-0.007086048907514,0.0555772172938796,0.0052607937963963,3.3027173636719884,0.0039625700779257,0.0003930774497237,0
2024-11-20 17:00:00+00:00,0.0004583671493223,-0.0018099690838825,0.0052488740712956,2.9757135645877977,0.0039910985462365,0.0004226803076839,0
2024-11-20 18:00:00+00:00,-0.0053297197509403,-0.0107453585426281,0.0052205248989891,2.679906230510256,0.0040173134610212,0.0004489752007997,0
2024-11-20 19:00:00+00:00,0.003437412652867,-0.0001934048213491,0.0052016044950133,2.4664817390534703,0.0040461459840544,0.0004684642471354,0
2024-11-20 20:00:00+00:00,0.0018782921070911,-0.0320460511835726,0.0050281030786175,1.993084618985728,0.0040712797314651,0.0004800716126339,0
2024-11-21 14:00:00+00:00,0.0297758479165769,-0.0405864733416493,0.0046864739195763,1.2384170833768582,0.0040905308212338,0.0004812135639452,0
2024-11-21 15:00:00+00:00,-0.0019491116564433,0.0481903000957867,0.0049274414709383,1.6685942554391942,0.0041134765736013,0.0004878147546557,0
2024-11-21 16:00:00+00:00,0.0032522270697693,-0.0087021940980599,0.0048688874473634,1.4946050882429756,0.0041369809837879,0.0004896988972758,0
2024-11-21 17:00:00+00:00,0.007893306770859,-0.0138112068768375,0.0047643491931385,1.239168413558871,0.0041575838871732,0.0004896552392121,0
2024-11-21 18:00:00+00:00,0.003884243213759,-0.0528430222719071,0.0045016035674838,0.6795555595938271,0.0041688484792851,0.0004896657580104,0
2024-11-21 19:00:00+00:00,-0.002507342100849,-0.130203143948723,0.0039619561468647,-0.4287876918792885,0.0041713022668278,0.0004882279130858,1
2024-11-21 20:00:00+00:00,0.0008011172438558,0.0214103972602928,0.0040444564260929,-0.2692595844760103,0.0041753475287522,0.0004861149248003,1
2024-11-22 14:00:00+00:00,-0.0087388349343867,0.0436892994905077,0.004262156676327,0.1642895940696742,0.0041826327790302,0.0004840470739921,1
2024-11-22 15:00:00+00:00,0.0157116874918416,0.0369178104304423,0.0043535056503005,0.3368188652102583,0.0041909598970087,0.0004825910009236,0
2024-11-22 16:00:00+00:00,0.0023338908081538,0.0211236187351857,0.0044360801840862,0.490135891699248,0.004199755319456,0.0004821619241367,0
2024-11-22 17:00:00+00:00,-0.0008542200933935,-0.0178713480441108,0.0043612295179545,0.3201490289954562,0.0042071948999773,0.0004811341095129,0
2024-11-22 18:00:00+00:00,0.0016750949666384,0.0302507655765232,0.0044876522811075,0.5650522554516857,0.004215523559969,0.0004815992123083,0
2024-11-22 19:00:00+00:00,0.0017989950554184,-0.0026776844380846,0.0044676074008949,0.5057780476259148,0.004224117049193,0.0004814173980954,0
2024-11-22 20:00:00+00:00,-9.878005072554034e-05,-0.0527862576481283,0.0042383139237201,0.0204895271681024,0.004228472298144,0.0004803246797909,0
2024-11-25 14:00:00+00:00,-0.0346662175735753,-0.0029020720728706,0.0043751013101933,0.2926054511801673,0.0042347267982828,0.0004797399069099,0
2024-11-25 15:00:00+00:00,0.0020779161493492,-0.017433966406147,0.0042905622870846,0.1059136722194567,0.0042398679517045,0.0004786382562111,0
2024-11-25 16:00:00+00:00,-0.0017140137636533,-0.0156358012140992,0.0042312438582295,-0.0265520312398499,0.0042439223829329,0.0004774973556212,0
2024-11-25 17:00:00+00:00,-0.0072982446437767,-0.000258601575664,0.004261135394154,0.0262073884450261,0.0042486550637041,0.0004762141972325,0
2024-11-25 18:00:00+00:00,-0.0025980697976801,-0.0088812419230693,0.0042344458822262,-0.0373589271426713,0.0042522020654926,0.0004752862200407,0
2024-11-25 19:00:00+00:00,-0.0030706133741582,-0.0023136171037145,0.0042376525555332,-0.0429707685902488,0.004257974553724,0.0004729261043627,0
2024-11-25 20:00:00+00:00,0.0016398051348607,0.0048450611643137,0.0042512571083276,-0.0287001403028321,0.0042647408773887,0.0004698154405826,0
2024-11-26 14:00:00+00:00,-0.0159704428532572,-0.0234478948629465,0.0042195870904006,-0.1096757286038485,0.0042707841606879,0.0004668040134219,0
2024-11-26 15:00:00+00:00,-0.0051178365908473,-0.0144891524604627,0.0041802287148641,-0.2143177614249054,0.0042789654835943,0.0004607026877924,0
2024-11-26 16:00:00+00:00,0.012640673430446,-0.006537294500462,0.0041008242643244,-0.4076860577656914,0.0042860923234173,0.0004544380548802,0
2024-11-26 17:00:00+00:00,-0.0056247511478984,-0.0371966014427671,0.0039733761276336,-0.7080996399728671,0.0042912743607665,0.0004489456217561,0
2024-11-26 18:00:00+00:00,-0.0099657313511457,-0.0456440742735712,0.0038341117847474,-1.0275790364961244,0.0042931661388,0.0004467338644994,1
2024-11-26 19:00:00+00:00,-0.0107075607725631,-0.0016907971512183,0.0038688393944471,-0.9633958472695862,0.004296015011783,0.0004434061227755,1
2024-11-26 20:00:00+00:00,-0.0047878125033316,-0.0016707310529474,0.0038809176967044,-0.9531030210404746,0.0042995161946722,0.0004391954371425,1
2024-11-27 14:00:00+00:00,0.0398068991906277,0.0838672854810295,0.0040557354172527,-0.573662956268568,0.0043048155023828,0.0004341923814469,0
2024-11-27 15:00:00+00:00,0.0094927744235945,-0.0068284429639975,0.0039900781386868,-0.7407725554000973,0.0043087420941387,0.0004301778638111,1
2024-11-27 16:00:00+00:00,-0.0006211479922679,-0.007902680711065,0.0039611297762984,-0.8240826412205798,0.0043123738165159,0.0004262242918953,1
2024-11-27 17:00:00+00:00,0.0056490900689855,0.0197833066505383,0.0040175147827158,-0.7111821494006777,0.0043170982712427,0.000421247199159,1
2024-11-27 18:00:00+00:00,-0.0007841061930377,0.0140626414412267,0.0040776067924477,-0.5926435068646018,0.0043233649486821,0.0004146812601298,0
2024-11-27 19:00:00+00:00,0.0046543956504187,-0.0005862138177353,0.0040562935436694,-0.6575663589263384,0.0043268598612463,0.0004114661796547,0
2024-11-27 20:00:00+00:00,-0.0021140239288147,-0.0091699550283619,0.0040277733524835,-0.7480836625255144,0.0043316339073001,0.0004061852571285,0
2024-11-29 14:00:00+00:00,0.0159268696055475,0.0407283721140518,0.0041289172592805,-0.5237842330147403,0.0043381844733235,0.0003995294261504,0
2024-11-29 15:00:00+00:00,0.0029819949917551,-0.0164010775349612,0.0040496567937833,-0.7460585272989065,0.0043433365147392,0.0003936416651106,0
2024-11-29 16:00:00+00:00,-0.0043029596960663,-0.031143701323052,0.0039424067758398,-1.0266471062543945,0.0043448020116138,0.0003919508790533,0
2024-12-02 14:00:00+00:00,-0.0163324022521206,-0.0074895154759128,0.0039774236294371,-0.961566605871489,0.0043490331714546,0.0003864626118964,0
2024-12-02 15:00:00+00:00,0.0091122196196657,0.0066769488634099,0.0039677493105612,-0.9859230139573094,0.0043489010168252,0.0003865937815308,0
2024-12-02 16:00:00+00:00,-0.0094477509731319,-0.0013660739161254,0.0039999453027019,-0.898713267509726,0.0043480391160388,0.0003873246628499,1
2024-12-02 17:00:00+00:00,-0.0171950218240072,-0.0128569068118016,0.0040173352179216,-0.8484596686478222,0.0043467821954293,0.0003882883178556,0
2024-12-02 18:00:00+00:00,0.0113219016344836,-0.006808636120261,0.0039451550796626,-1.0247042834827238,0.0043448265938413,0.0003900359553687,1
2024-12-02 19:00:00+00:00,0.0010624041856158,0.0047550883498242,0.003959750222392,-0.9862033900213374,0.0043446129299617,0.0003902467903313,1
2024-12-02 20:00:00+00:00,-0.0015694506192282,0.0023165348663645,0.0039751676909108,-0.932802165559772,0.0043413325662728,0.0003925429087552,0
2024-12-03 14:00:00+00:00,-0.0045086628398025,0.0080134154721354,0.0040252580149978,-0.7935134267591586,0.0043381705084325,0.0003943379946482,0
2024-12-03 15:00:00+00:00,0.0047912396696562,-0.0041033420642924,0.0039896137838418,-0.8617237603723521,0.00433157810676,0.0003968375233966,0
2024-12-03 16:00:00+00:00,-0.0052875413544657,-0.0089712752298442,0.0039749441445091,-0.8723598965300609,0.0043229139406034,0.000398883302039,0
2024-12-03 17:00:00+00:00,0.0074639137693689,0.0094991448980906,0.0039830423125935,-0.8270892255625044,0.0043143855854092,0.0004006136975009,0
2024-12-03 18:00:00+00:00,-0.0038530799451069,-0.006662231348988,0.0039718690447375,-0.8286226539366541,0.0043048732271298,0.0004018767539243,0
2024-12-03 19:00:00+00:00,-0.0007231211334355,-0.0227484035542122,0.0038853438757762,-1.0110245850306503,0.0042942236805756,0.0004044212285767,1
2024-12-03 20:00:00+00:00,0.0019721358499689,0.006476002786868,0.0039028824135698,-0.9359376932715192,0.0042802797154122,0.0004032290873158,1
2024-12-04 14:00:00+00:00,0.0045228163589252,0.017681260032304,0.0039545776404443,-0.7804809978180685,0.0042685470597694,0.0004022768269858,1
2024-12-04 15:00:00+00:00,-0.002992034106092,-0.0266945882237172,0.0038619461876613,-0.987124501987068,0.0042483544287845,0.0003914483333615,1
2024-12-04 16:00:00+00:00,-0.0085364462043735,-0.0037095614290101,0.0038806324187795,-0.9127757670750156,0.0042306774422998,0.0003834950884399,1
2024-12-04 17:00:00+00:00,0.0056438800275376,0.0161013699063821,0.0039214270258466,-0.7951910123525817,0.0042083546627906,0.0003608285713581,0
2024-12-04 18:00:00+00:00,0.0077849083023762,0.0187401776162364,0.003964623497471,-0.6631821070251739,0.0041869504865602,0.0003352427436356,0
2024-12-04 19:00:00+00:00,0.0106408901294731,0.0431979385134464,0.0040958240999237,-0.2360007555454602,0.0041682054732424,0.0003066997525134,0
2024-12-04 20:00:00+00:00,0.016817582413402,0.0184709941205509,0.0041026017850488,-0.1718716769119936,0.0041498887614097,0.0002751295455452,0
2024-12-05 14:00:00+00:00,0.0448975720602007,0.0088527260579789,0.0039573575143305,-0.6963591097037527,0.0041320430020049,0.0002508554641422,0
2024-12-05 15:00:00+00:00,-0.0194516879513687,-0.029156990336054,0.003919135938999,-0.8286597363555387,0.004119254035662,0.0002414961025415,0
2024-12-05 16:00:00+00:00,-0.0031083659382853,-0.0133611954615849,0.0038791589949331,-1.017019792361014,0.0041017826610619,0.0002188980664889,1
2024-12-05 17:00:00+00:00,0.0020707232920584,0.0018070773121712,0.0038781364050655,-1.0554715789033602,0.0040852701436902,0.0001962475757423,1
2024-12-05 18:00:00+00:00,-0.0115587296464422,-0.00701733820865,0.0038957885929389,-0.9924856918299372,0.0040707941336869,0.0001763305427862,1
2024-12-05 19:00:00+00:00,-0.0127262805566017,-0.0227146225308455,0.0038570698143182,-1.200182604071432,0.0040600519044675,0.0001691260058766,1
2024-12-05 20:00:00+00:00,0.0016631224845559,0.0121595053436232,0.0038977683156702,-0.9485508582790082,0.0040589821072809,0.0001699579840169,1
2024-12-06 14:00:00+00:00,0.0037816807253711,0.0160837662710796,0.0039460151548215,-0.6526543447654315,0.0040573414194264,0.0001705746165605,0
2024-12-06 15:00:00+00:00,-0.0029306040392118,-0.004777284827945,0.0039387348487127,-0.6695366298143759,0.0040519510556328,0.0001690963598982,0
2024-12-06 16:00:00+00:00,-0.0007614762861522,0.0077778659940263,0.0039725130703751,-0.4438291725849427,0.0040456011793007,0.000164676216527,0
2024-12-06 17:00:00+00:00,0.0171649775237919,0.013755549518422,0.0039589921354858,-0.5015350724847836,0.0040376497118241,0.0001568336506329,0
2024-12-06 18:00:00+00:00,0.0074031529782369,0.0010013127596631,0.0039337282543566,-0.6389019919741097,0.0040305246907641,0.0001515043584516,0
2024-12-06 19:00:00+00:00,-3.8906233521636215e-05,-0.0067276666777147,0.003907504289092,-0.8102057694094768,0.0040208555575638,0.0001399042968485,0
2024-12-06 20:00:00+00:00,-0.0028750188293034,-0.0045440546107222,0.0039009879641199,-0.8637628019531725,0.0040114119002843,0.0001278405783563,0
2024-12-09 14:00:00+00:00,-0.0098232780694027,-0.0399820721761913,0.0037850952476635,-1.7144998568599603,0.0040038582556833,0.0001275958158552,0
2024-12-09 15:00:00+00:00,-0.0245027545796682,0.0047507349253244,0.003897457979861,-0.8298299194975581,0.0039958975335111,0.0001186261803017,0
2024-12-09 16:00:00+00:00,-0.0002927697701166,-0.0074933028385985,0.0038694949997932,-1.054347462300488,0.0039888797453896,0.0001132309317991,0
2024-12-09 17:00:00+00:00,-0.0039535109233863,0.0075239368625156,0.0039141627722782,-0.6367024348853468,0.0039835950606237,0.0001090498238129,0
2024-12-09 18:00:00+00:00,0.004630710140873,-0.0154508866710187,0.0038363441102735,-1.3424215961910606,0.0039765152058924,0.0001044165975999,0
2024-12-09 19:00:00+00:00,-0.0095594232055909,-0.0284827737203282,0.003764430198041,-1.995648122748644,0.003968681611156,0.0001023484104169,1
2024-12-09 20:00:00+00:00,-0.0088041001659646,0.0008485993441426,0.0038009430518672,-1.6315804199293555,0.0039614031194282,9.834640425997444e-05,1
2024-12-10 14:00:00+00:00,0.0158955150945997,0.0033872976709871,0.0037536961331275,-2.1126819684816818,0.0039531104365082,9.438917279348377e-05,1
2024-12-10 15:00:00+00:00,-0.0206992791110162,-0.0153338088182333,0.0037738906061936,-1.8978092694478803,0.0039456821617714,9.052098034476292e-05,1
2024-12-10 16:00:00+00:00,0.0074751359695141,0.0028619940612367,0.003756521207834,-2.0595713444919523,0.0039386203699876,8.841604960207818e-05,1
2024-12-10 17:00:00+00:00,-0.0178493830898528,0.0148686518980663,0.0038814599298214,-0.621419608762614,0.0039349642977459,8.610022466306134e-05,1
2024-12-10 18:00:00+00:00,0.0042195041174362,0.0124904314978906,0.0039136963317312,-0.2357535922146839,0.0039339696344808,8.599361120703502e-05,1
2024-12-10 19:00:00+00:00,0.0086318739565071,0.0167846958723862,0.0039457344239266,0.1165247742055217,0.0039358300118005,8.499833785296274e-05,1
2024-12-10 20:00:00+00:00,0.0065488154938541,-0.0027779309510797,0.0039091046432833,-0.3237641218288968,0.0039365010992811,8.461856688442045e-05,1
2024-12-11 14:00:00+00:00,0.0308302218471632,0.0597749061799405,0.0040239058709784,0.9997947865120042,0.003938884235519,8.503908662696596e-05,1
2024-12-11 15:00:00+00:00,0.0086611955120874,0.0105011464679162,0.004031316475916,1.0983345592658285,0.0039384772531634,8.45272708296422e-05,1
2024-12-11 16:00:00+00:00,0.0021085158863353,-0.0015075328194905,0.0040167653638111,0.9171751692572594,0.0039389220402488,8.48729077842497e-05,0
2024-12-11 17:00:00+00:00,-0.0078377713706517,-0.0104921306366254,0.0040061175632442,0.7792372559001576,0.0039396718366979,8.527021268970918e-05,0
2024-12-11 18:00:00+00:00,0.005986045589214,0.01901327917713,0.0040586476102185,1.3743767580391095,0.0039403573838229,8.606826745554885e-05,0
2024-12-11 19:00:00+00:00,0.0070038893202939,0.0035495617241844,0.004044651898579,1.2294193021571662,0.0039398081355918,8.527909298580046e-05,0
2024-12-11 20:00:00+00:00,0.0010376220102959,0.0056774395560518,0.004063461949281,1.445693180151447,0.0039399276090186,8.544990178999613e-05,0
2024-12-12 14:00:00+00:00,0.0028242502983696,-0.0136016519737982,0.0039972611131135,0.6804313999397625,0.0039394190716958,8.500789561271753e-05,0
2024-12-12 15:00:00+00:00,0.0016149677083026,-0.0086580627431145,0.00395640733333,0.2442394595051059,0.0039365439062633,8.132767369744724e-05,0
2024-12-12 16:00:00+00:00,-0.0019127606158086,-0.0057806692725821,0.0039411338683811,0.0800187082091433,0.0039347351908399,7.996476929475384e-05,0
2024-12-12 17:00:00+00:00,0.0006773868173361,0.0081576822906386,0.0039707252523828,0.4434534571542021,0.003935207165449,8.009428353932411e-05,0
2024-12-12 18:00:00+00:00,-0.0070586953406632,-0.0309053306752813,0.0038771568945515,-0.7025931093191713,0.0039335360532009,8.024439451734334e-05,1
2024-12-12 19:00:00+00:00,-0.0143776757877552,-0.0094509304079914,0.003896305791505,-0.4490450643012884,0.0039323453278833,8.025817282800125e-05,1
2024-12-12 20:00:00+00:00,0.0058842218076436,0.0133555554388283,0.003925525410843,-0.0699465084169804,0.0039311049963523,7.97693213797989e-05,1
2024-12-13 14:00:00+00:00,0.0094346760476912,0.0128724079423118,0.0039390435372851,0.1170477360355015,0.0039298001350083,7.897121798186989e-05,1
2024-12-13 15:00:00+00:00,-0.0115374490530567,-0.0053620136708975,0.0039634441106542,0.4216585011880989,0.0039301049521915,7.906672904427346e-05,1
2024-12-13 16:00:00+00:00,0.0103896138624699,0.0139530578431772,0.0039775928158004,0.5957376763063039,0.0039304023287483,7.921353462931994e-05,1
2024-12-13 17:00:00+00:00,0.0086361370344698,-0.0045508969555907,0.0039254844963546,-0.0517712989590528,0.0039295742755057,7.899703568084915e-05,1
2024-12-13 18:00:00+00:00,-0.0018548822273,0.0076117324152615,0.0039628219963907,0.4389093991299246,0.0039285336751956,7.812163800341376e-05,1
2024-12-13 19:00:00+00:00,-0.0002300345238878,-0.0006461841172915,0.0039611732127223,0.4254572707278347,0.003928059665677,7.783048809749323e-05,1
2024-12-13 20:00:00+00:00,0.0013559015503386,0.0167656483536008,0.0040226866247821,1.194411165271142,0.0039288553736815,7.855858504073693e-05,0
2024-12-16 14:00:00+00:00,0.0353223618890001,0.043888207851466,0.004057292340786,1.5900279226101806,0.0039300928741514,7.999825966943212e-05,0
2024-12-16 15:00:00+00:00,0.0092703606399583,0.0003743388648611,0.0040213586502014,1.1208660941600528,0.0039309177009091,8.068845133551308e-05,0
2024-12-16 16:00:00+00:00,0.0056311552189497,0.0127366962914293,0.004050034336742,1.4208333525752777,0.0039336625419252,8.190390140116411e-05,0
2024-12-16 17:00:00+00:00,0.0015100577589441,0.0080737664862718,0.0040767050159965,1.6714262566980391,0.003936559585299,8.3847809698957e-05,0
2024-12-16 18:00:00+00:00,-0.0006738407504831,-0.0453063180635304,0.0038987523461313,-0.439249493771802,0.0039356291637271,8.395414933584494e-05,0
2024-12-16 19:00:00+00:00,-0.0037493670171128,-0.0167882433438139,0.0038482469786245,-1.035373368932706,0.0039354008435765,8.417626681075704e-05,0
2024-12-16 20:00:00+00:00,-0.0058767271329332,-0.0035653934946247,0.0038571518484129,-0.9215100531654454,0.0039350095007371,8.448920557809553e-05,0
2024-12-17 14:00:00+00:00,0.0211526151969252,-0.043099043937704,0.0036171173225954,-3.3305262333622534,0.0039299376723495,9.392520215592044e-05,1
2024-12-17 15:00:00+00:00,-0.0162698081490761,0.0071082290731881,0.0037026746101078,-2.268145148803874,0.0039255718575601,9.827292030666642e-05,0
2024-12-17 16:00:00+00:00,0.0036019339112837,0.0041505757158054,0.0037047066095564,-2.148858750595948,0.0039190532327207,9.974905195832817e-05,0
2024-12-17 17:00:00+00:00,0.0052640640992754,0.0008330575382737,0.0036883273453753,-2.212622500646853,0.0039121486587261,0.0001011565747367,0
2024-12-17 18:00:00+00:00,-0.0086662547859345,-0.0039697326271751,0.0037056903975461,-1.9371069135933128,0.0039079542067797,0.0001044154082638,0
2024-12-17 19:00:00+00:00,-0.0001960017986799,-0.0093158985656656,0.0036720485220588,-2.131389328618066,0.0039038360831641,0.0001087495175062,1
2024-12-17 20:00:00+00:00,0.0029327092734427,-0.0116518131241747,0.0036188820940322,-2.4449277353026573,0.0038994981348157,0.0001147747791199,0
2024-12-18 14:00:00+00:00,-0.0268772519237545,-0.0317252694121361,0.0036013801494979,-2.4249006080742075,0.0038948855305562,0.0001210381077397,0
2024-12-18 15:00:00+00:00,0.004375223562227,0.0217407963754166,0.0036644663574157,-1.8177545625576208,0.0038910301599642,0.0001246393804836,0
2024-12-18 16:00:00+00:00,-0.0032891539898312,0.0052647298188604,0.0036959462224665,-1.513816713768535,0.0038883447667667,0.0001270950059873,0
2024-12-18 17:00:00+00:00,0.0050072063545552,0.0072778386234466,0.0037043478921647,-1.3982423105804165,0.0038851210930416,0.0001292860325488,0
2024-12-18 18:00:00+00:00,0.0014968608126532,-0.0177299846598448,0.0036338052965773,-1.850154858502837,0.0038799175954042,0.000133022540084,0
2024-12-18 19:00:00+00:00,-0.0178592525844371,-0.063352008470198,0.0034721973457126,-2.8006920143330576,0.0038721419703542,0.0001428020727001,0
2024-12-18 20:00:00+00:00,-0.0193144262034964,-0.0217270502891495,0.0034638303360492,-2.637897652940803,0.0038636639247821,0.0001515728209876,0
2024-12-19 14:00:00+00:00,0.0003843472819575,-0.036552996347839,0.0033382197859309,-3.1123341872408608,0.0038533177189562,0.0001655021286392,1
2024-12-19 15:00:00+00:00,-0.0039986406662535,0.0170761108913782,0.0034093185009488,-2.490451395996144,0.0038445775563994,0.0001747711503827,0
2024-12-19 16:00:00+00:00,0.0001043124499797,-0.0457842347895743,0.0032564051459975,-3.0334260601031944,0.0038337259040145,0.0001903197066874,1
2024-12-19 17:00:00+00:00,-0.0182415495362829,0.0149683436481403,0.0033663657977234,-2.2989745200914893,0.0038248155345745,0.0001994148838295,1
2024-12-19 18:00:00+00:00,-0.0004558604611138,0.0014725700765123,0.0033728638638494,-2.142548849589836,0.0038179450115109,0.0002077344223664,1
2024-12-19 19:00:00+00:00,-0.017416343661286,0.0051445530968128,0.0034498235729784,-1.6947820099349096,0.0038104844380629,0.0002128066400105,1
2024-12-19 20:00:00+00:00,-0.0054601054111269,-0.0244595825701575,0.0033848974629477,-1.9010921356184531,0.0038024078124488,0.000219616052099,1
2024-12-20 14:00:00+00:00,-0.0080792528079008,0.0625426734226803,0.003632588721546,-0.7499082543085517,0.0037977149116033,0.0002201951893562,0
2024-12-20 15:00:00+00:00,0.0133340027572643,0.0222133315904725,0.0036649872972591,-0.5881972652155377,0.0037948589647197,0.0002207961089602,1
2024-12-20 16:00:00+00:00,-0.0040254983683972,-0.0143239203723338,0.0036274373956693,-0.7444632907550486,0.0037925757513468,0.0002218220263218,1
2024-12-20 17:00:00+00:00,0.0074207635720929,-0.0043008048945564,0.0035851663652513,-0.9122117973617628,0.0037889794732366,0.0002234273976446,1
2024-12-20 18:00:00+00:00,-0.0021828291476387,0.037185071482081,0.003729121859505,-0.265968108804004,0.0037885699020095,0.0002235156792738,0
2024-12-20 19:00:00+00:00,0.0004327659978939,-0.0209753254266384,0.0036501369524435,-0.6081900867715844,0.0037865073411137,0.0002242233006363,1
2024-12-20 20:00:00+00:00,-0.0055188480658866,0.0283479004396831,0.0037758723292932,-0.0488753584938569,0.0037868298598047,0.0002241933532382,0
2024-12-23 14:00:00+00:00,-0.0260098641626227,-0.0603566095174181,0.00364838531863,-0.5992564574959485,0.0037829452829515,0.0002245448716293,0
2024-12-23 15:00:00+00:00,-0.0116836949039693,0.0032601150518955,0.0037033155063854,-0.3396688633222167,0.0037794389358624,0.0002241107080951,0
2024-12-23 16:00:00+00:00,0.0078463462218368,0.0160717468206558,0.0037339023821707,-0.1882724872828027,0.0037759084018331,0.0002231128948719,0
2024-12-23 17:00:00+00:00,-0.0045185812329407,-0.0181106796053145,0.0036834941664465,-0.3980322184854672,0.0037721482272192,0.0002227308661343,0
2024-12-23 18:00:00+00:00,-0.007178945227136,-0.0132009679227231,0.0036613787376185,-0.4745376984097672,0.0037661061083299,0.000220693468743,0
2024-12-23 19:00:00+00:00,0.0020912120253763,-0.0175970218199574,0.0035899976463963,-0.7703767470931056,0.0037587507945045,0.0002190527540518,1
2024-12-23 20:00:00+00:00,0.0042829169856481,-0.0015906090488661,0.0035689735051183,-0.8373118733612691,0.0037512875968596,0.0002177373778416,0
2024-12-24 14:00:00+00:00,0.0430556204225091,0.055072130048939,0.0036121188184675,-0.6143114505921367,0.0037447209511134,0.0002158548933412,0
2024-12-24 15:00:00+00:00,0.0072742241674041,0.0104205095047903,0.0036235014720912,-0.5365394513819945,0.0037374685154779,0.0002124113018961,0
2024-12-24 16:00:00+00:00,0.0044160846993852,0.0083900374826211,0.0036379297455019,-0.4440344105399472,0.0037306898129266,0.000208902880549,0
2024-12-26 14:00:00+00:00,-0.0342658865464453,-0.0315696799247935,0.0036477515906829,-0.3716366422320594,0.00372376130695,0.0002045269697051,0
2024-12-26 15:00:00+00:00,0.0077940629096814,-0.0103606490295122,0.0035821252276786,-0.6665019877756414,0.0037168423755261,0.0002021256505131,0
2024-12-26 16:00:00+00:00,0.0056226724534474,0.0142113056710219,0.0036130232835011,-0.4902876018625722,0.0037111193080289,0.0002000785338138,0
2024-12-26 17:00:00+00:00,-0.0079695996476006,-0.0043690090343026,0.0036260557494289,-0.402962236426559,0.0037058680060464,0.0001980638615798,0
2024-12-26 18:00:00+00:00,-0.0012826457638392,-0.0154726414700194,0.0035749653772714,-0.6352891139225243,0.0036992720081279,0.0001956693860044,0
2024-12-26 19:00:00+00:00,0.0043103520282703,4.562087172632283e-05,0.0035597515754895,-0.6881195719587525,0.0036939819194768,0.0001950683419819,0
2024-12-26 20:00:00+00:00,-0.0030697328106072,-0.0014508877572225,0.0035655189286849,-0.6340095674677471,0.0036884688050965,0.0001939243234178,0
2024-12-27 14:00:00+00:00,-0.0018992388375701,-0.029402031745406,0.0034687934078488,-1.096359761071216,0.0036808566050466,0.0001934248270755,0
2024-12-27 15:00:00+00:00,-0.0119051977300947,0.0059259912760378,0.0035312008647717,-0.7465700176750917,0.0036740592271714,0.0001913529327691,0
2024-12-27 16:00:00+00:00,-0.0043838637774268,-0.0140749658078978,0.00349714492324,-0.8956291318620498,0.0036662875740478,0.0001888534492576,0
2024-12-27 17:00:00+00:00,0.0010765380837454,-0.0020016663381324,0.0034863965476091,-0.9243800096749448,0.0036581009695779,0.0001857509034939,0
2024-12-27 18:00:00+00:00,0.0036523788848078,-0.0110099822428299,0.0034356506786515,-1.1610632549261397,0.0036499370726162,0.0001845604820026,0
2024-12-27 19:00:00+00:00,0.0012791568353169,0.0145616671244862,0.0034815891579128,-0.8850137833131234,0.0036419165253083,0.0001811580456919,0
2024-12-27 20:00:00+00:00,-0.001943641315683,0.0032443664788225,0.0034996986049589,-0.7595002985261692,0.0036342252818455,0.0001771252455695,0
2024-12-30 14:00:00+00:00,-0.0271391480770013,-0.0830651009421382,0.0033093470334034,-1.7933223793781083,0.0036223362886559,0.0001745303905486,1
2024-12-30 15:00:00+00:00,0.0005192315371046,0.0123928666808805,0.0033488752198744,-1.5531782826802514,0.0036105293366407,0.0001684636719969,0
2024-12-30 16:00:00+00:00,7.08027334570914e-05,0.0006496012277673,0.0033508141048671,-1.5257426408620005,0.0035993535942185,0.0001628973869478,0
2024-12-30 17:00:00+00:00,0.0179009499999821,0.0190702248150624,0.0033547344189255,-1.5051294783044382,0.0035877652622549,0.0001548244497821,0
2024-12-30 18:00:00+00:00,0.0091951896968383,0.0055907193657494,0.0033426641447846,-1.615236419739491,0.0035755312477347,0.0001441690517278,0
2024-12-30 19:00:00+00:00,-0.0016063478478926,-0.0031320597402712,0.0033375680908902,-1.6211926448231333,0.003566178176814,0.0001410135227628,0
2024-12-30 20:00:00+00:00,-0.0010743798438597,-0.0379288979805466,0.0032168026716999,-2.367072570270007,0.0035556541050319,0.0001431521101583,0
2024-12-31 14:00:00+00:00,0.0144488370337902,0.0145151650420091,0.0032170160428901,-2.275165375318981,0.0035449851749399,0.0001441517771004,0
2024-12-31 15:00:00+00:00,-0.0027150670388015,-0.0409009420869383,0.003096487362313,-2.8375935931321123,0.0035363080089351,0.0001549977585538,0
2024-12-31 16:00:00+00:00,-0.0063770066675328,-0.0131148035093789,0.0030756939889696,-2.737577543294468,0.0035258583319162,0.0001644389376473,1
2024-12-31 17:00:00+00:00,-0.0075983532524818,0.0069627208741255,0.0031208070473391,-2.314126863962996,0.0035161266725459,0.000170828847529,0
2024-12-31 18:00:00+00:00,-0.0023511113394751,-0.0168828379430157,0.0030757842542944,-2.409781657213976,0.0035059176210279,0.0001784947467941,0
2024-12-31 19:00:00+00:00,0.0022882628096487,0.0164053307794012,0.003119513246014,-2.054175109110062,0.0034961480018357,0.0001833508517123,0
2024-12-31 20:00:00+00:00,-0.006785551172071,-0.0114243367003811,0.003105076004635,-2.0227523148569304,0.0034866984598786,0.0001886649455005,0
2025-01-02 15:00:00+00:00,0.032437082460055,0.041493092806171,0.0031333233159807,-1.786650406610664,0.0034786058135778,0.00019325688804,0
2025-01-02 16:00:00+00:00,0.0077291760986059,8.768032808570436e-05,0.0031094712877651,-1.819897139023268,0.0034704073325489,0.0001983277170145,1
2025-01-02 17:00:00+00:00,-0.0064766674458936,-0.0196709353835381,0.0030687135658879,-1.927042539949211,0.0034604781193567,0.0002032983420693,1
2025-01-02 18:00:00+00:00,0.0064486052637949,0.00518505108795,0.0030648385287225,-1.8587105564747848,0.0034499596577943,0.000207198010325,1
2025-01-02 19:00:00+00:00,0.0008874770284146,-0.0031616939631069,0.0030524535647984,-1.8350772958391488,0.0034390947523382,0.0002106947693247,1
2025-01-02 20:00:00+00:00,0.0004516340607237,0.0115554420921395,0.0030865362970811,-1.605270757462561,0.0034299736023466,0.0002139435379788,1
2025-01-03 14:00:00+00:00,-0.0032653018669111,0.0392475735951587,0.0032205829971818,-0.951917709106068,0.0034257800298711,0.0002155617347238,1
2025-01-03 15:00:00+00:00,0.0057090024166229,0.0288171006517438,0.0032958710774417,-0.5880648448206228,0.0034229807088943,0.0002161490056277,1
2025-01-03 16:00:00+00:00,0.0029235574680449,0.015846291647584,0.0033387391329403,-0.3897846900411011,0.0034229893646778,0.0002161455641797,1
2025-01-03 17:00:00+00:00,0.0017498014122883,0.0248736334030744,0.0034168431273048,-0.0290166423635021,0.0034231147751171,0.0002161396805901,1
2025-01-03 18:00:00+00:00,0.0048439737466318,0.0109024340741163,0.0034376067701795,0.053349569971955,0.0034261348021868,0.0002150339355828,1
2025-01-03 19:00:00+00:00,0.0007579446136899,0.0033915949121038,0.0034466721565645,0.0893365472773312,0.0034274732415008,0.0002149054966733,1
2025-01-03 20:00:00+00:00,-0.0018748098858646,0.0010300508728739,0.0034566988152334,0.1295443660845783,0.0034288704906905,0.0002148169417473,1
2025-01-06 14:00:00+00:00,0.0258001807714414,0.0664816429178367,0.0036002219492452,0.7819057247261563,0.003431377130295,0.0002159401237397,1
2025-01-06 15:00:00+00:00,0.012335930886549,-0.0015424383666182,0.0035506018590449,0.538196919341912,0.0034341388702299,0.000216394751864,1
2025-01-06 16:00:00+00:00,-0.0001662433607805,-0.0132636001642652,0.0035044015708932,0.3366920873392538,0.0034320024177191,0.0002150307533102,1
2025-01-06 17:00:00+00:00,-0.003186594896486,0.0310541556343522,0.0036264728912254,0.9101241417910612,0.0034313605109518,0.0002143799634735,0
2025-01-06 18:00:00+00:00,0.0005082897861236,0.0072319741934698,0.0036509383071564,1.020583928227068,0.0034317521928099,0.000214765398792,0
2025-01-06 19:00:00+00:00,-0.0002921180863455,0.0167494680320149,0.0037136892559319,1.2896674779397763,0.003433894240988,0.0002169512837455,0
2025-01-06 20:00:00+00:00,0.0024367130229268,0.0038655579678057,0.0037189993347884,1.3163144146421666,0.0034337255322427,0.0002167216277299,0
2025-01-07 14:00:00+00:00,-0.0215130833739797,-0.0712307698869565,0.0035386204562272,0.4958182413207616,0.0034318669239724,0.0002153077949903,0
2025-01-07 15:00:00+00:00,-0.0199032031068532,0.0015538709393634,0.0036153693561771,0.8784777371723882,0.0034291918744205,0.0002119319293803,0
2025-01-07 16:00:00+00:00,-0.0016300153688246,-0.0169515217716741,0.0035603986438519,0.6297072606107573,0.0034277254298408,0.000210690303749,0
2025-01-07 17:00:00+00:00,-0.0055225870244722,-0.0137059463512138,0.0035313815131397,0.5120471096080932,0.0034248598632867,0.0002080309562424,0
2025-01-07 18:00:00+00:00,-0.005783884376725,-0.0129816554345879,0.0035060546951529,0.4159339215323936,0.0034210624018364,0.0002043408554015,0
2025-01-07 19:00:00+00:00,-0.002118213494738,-0.0051157381346703,0.0034955609453094,0.3849339322845385,0.0034179301814842,0.0002016729555758,1
2025-01-07 20:00:00+00:00,-0.0005860889446159,0.0121402769217072,0.0035403310086641,0.6227359644565295,0.0034159127193349,0.0001997930044681,1
2025-01-08 14:00:00+00:00,-0.0124674505168901,-0.0220316353408594,0.0035066320370359,0.4632083542976962,0.0034145232925122,0.0001988494889374,1
2025-01-08 15:00:00+00:00,0.0012031583267487,-0.0015881306621671,0.0034968576615424,0.4216519796541717,0.003413321361786,0.0001981167023688,1
2025-01-08 16:00:00+00:00,-0.0065011428972886,-0.046403197603578,0.003360072998649,-0.2496117546115052,0.0034091205981223,0.0001964955518608,1
2025-01-08 17:00:00+00:00,-0.0086289631008683,0.061433967958605,0.0036039325728213,0.99484322798081,0.0034087944498012,0.0001961496219019,0
2025-01-08 18:00:00+00:00,0.0030267441499785,-0.0065920055320634,0.0035694334328173,0.8296894430334327,0.0034076528445898,0.0001949893295448,0
2025-01-08 19:00:00+00:00,0.0004847396037256,-0.0113669550913458,0.0035273792961831,0.6304546401647373,0.0034056466396814,0.0001930870973839,0
2025-01-08 20:00:00+00:00,-0.0034141732091481,-0.0023034589759789,0.0035312993832183,0.6574492606860084,0.0034047995422738,0.0001924100436474,0
2025-01-10 14:00:00+00:00,0.0018539935728316,-0.021174037601313,0.0034509096717852,0.2561424543386051,0.0034020976487452,0.0001905659222565,1
2025-01-10 15:00:00+00:00,-0.0027539365550897,0.0051596293642963,0.0034783270143456,0.4173129175910253,0.0033996355031604,0.0001885671587627,0
2025-01-10 16:00:00+00:00,-0.0016272939710467,0.0132824790946733,0.0035305766277912,0.7006030595492099,0.0033988956906691,0.0001879536997836,0
2025-01-10 17:00:00+00:00,0.0215621501654831,0.000695044239183,0.003457667062729,0.3235011774757743,0.0033971942821231,0.0001869321808276,0
2025-01-10 18:00:00+00:00,-0.0083967926717301,-0.0023892602415406,0.0034785016292474,0.4450793948554793,0.0033957439937991,0.0001859390401012,0
2025-01-10 19:00:00+00:00,0.0042098317110341,0.0052698707982664,0.0034821909319965,0.4634776112932212,0.0033959672858683,0.0001860362702044,0
2025-01-10 20:00:00+00:00,-0.0055863755736308,-0.0128533058828251,0.0034569778151071,0.3358065804106407,0.0033947302350405,0.0001853673623382,0
2025-01-13 14:00:00+00:00,-0.0310174977588396,-0.034442600130411,0.0034451575665304,0.2772612041933923,0.0033938637790954,0.0001850016758898,0
2025-01-13 15:00:00+00:00,0.0031914527997911,-0.0143248362627664,0.0033853366405601,-0.0370673766700954,0.0033921794473112,0.0001846045597463,1
2025-01-13 16:00:00+00:00,-0.0101323357569637,0.0111831800210718,0.0034582713966291,0.3557583448707896,0.0033925564592775,0.0001847179083753,1
2025-01-13 17:00:00+00:00,0.0067399308822909,0.0052709507479785,0.0034531949941285,0.3311892344402958,0.0033920832232144,0.0001845222143688,1
2025-01-13 18:00:00+00:00,0.0022767072871628,0.0048935031361143,0.0034622431338588,0.3842474331121457,0.0033914589653628,0.0001842150718424,1
2025-01-13 19:00:00+00:00,0.0015408456746675,-0.002661163908429,0.0034477252784767,0.2932039161125356,0.0033937652694473,0.0001840357719119,1
2025-01-13 20:00:00+00:00,0.015150897630291,0.0330664384349305,0.00351004976281,0.6155585099643645,0.0033964515118296,0.0001845450093557,1
2025-01-14 14:00:00+00:00,0.0264167658982854,0.032685090907878,0.0035321209980928,0.7159773041258866,0.0033994732933833,0.0001852680300689,0
2025-01-14 15:00:00+00:00,0.0041875078063615,-0.0071277308921649,0.0034923794723358,0.4883258213827501,0.0034017673776068,0.0001855566319887,1
2025-01-14 16:00:00+00:00,-0.0088168691823366,0.0005039898852753,0.0035250836278468,0.6464168398061996,0.0034048077023245,0.0001860655820141,1
2025-01-14 17:00:00+00:00,0.0068216964691882,0.0171326045506258,0.003561618471136,0.8188564976817727,0.0034085418753286,0.0001869394652674,1
2025-01-14 18:00:00+00:00,0.0041509902163901,0.0266179288236108,0.0036425427915987,1.2094069798550249,0.0034156375439936,0.0001876169489548,1
2025-01-14 19:00:00+00:00,-0.0029625744272354,-0.030165936632956,0.0035447890245168,0.6631945588838907,0.0034211004270207,0.0001865042404814,1
2025-01-14 20:00:00+00:00,-0.0013671770470801,0.0017088653364973,0.0035557097334678,0.6962836883314794,0.0034287541332067,0.0001823331529787,1
2025-01-15 14:00:00+00:00,0.0320266258609208,0.0549670449804558,0.003638222019671,1.1222932765404876,0.003438129600385,0.0001782888871104,1
2025-01-15 15:00:00+00:00,-0.0028608974913454,-0.006318607393096,0.0036256638271739,1.023887941178257,0.0034465438800489,0.0001749409675817,0
2025-01-15 16:00:00+00:00,-0.0017559577030626,0.0099034987911905,0.0036681844990942,1.2433698684772168,0.0034564172174623,0.000170317205685,0
2025-01-15 17:00:00+00:00,-0.0038729812375249,-0.0149342668349353,0.003627833242533,0.9824254367241182,0.0034648892174042,0.0001658589232706,0
2025-01-15 18:00:00+00:00,0.007409724695486,0.0034448369330799,0.0036134777686331,0.875445553864371,0.0034733625801375,0.0001600501457538,1
2025-01-15 19:00:00+00:00,0.0047037948364624,0.0183339200500818,0.0036630671098164,1.1630248292042462,0.0034821916433681,0.0001555215863895,0
2025-01-15 20:00:00+00:00,-0.0031867218219153,-0.0135837369381029,0.0036251794463067,0.9039454969564484,0.0034907867793438,0.0001486734182706,1
2025-01-16 14:00:00+00:00,-0.0195991639638267,-0.0207492114367065,0.0036210127142748,0.8714522409334907,0.0034999917651503,0.0001388727269722,1
2025-01-16 15:00:00+00:00,0.0156717565627785,0.0217464301357116,0.0036430761306957,1.0443184662919731,0.0035096290585165,0.0001277838863206,0
2025-01-16 16:00:00+00:00,0.001684130933881,0.0034822444653074,0.0036496326881331,1.139845275074835,0.0035195820439054,0.0001140949978664,1
2025-01-16 17:00:00+00:00,0.0062714129554156,-0.0067089416041672,0.0036025652983944,0.7483043269368121,0.0035281825272606,9.940176537297843e-05,1
2025-01-16 18:00:00+00:00,-0.0039766494952172,0.0083924483588866,0.0036474025073559,1.2183693325918832,0.0035352961857635,9.201341382573396e-05,1
2025-01-16 19:00:00+00:00,0.008704056161896,0.0177996392246619,0.0036807290924286,1.5729151501622902,0.0035417104860133,8.838277538423078e-05,1
2025-01-16 20:00:00+00:00,0.0007537152485375,-0.0079895478901863,0.0036486877863316,1.1932420871460778,0.0035468762969032,8.532341469112298e-05,1
2025-01-17 14:00:00+00:00,0.0268815619697367,0.060246870930914,0.003772481098548,2.4841052497336578,0.0035528035964239,8.843325062322161e-05,0
2025-01-17 15:00:00+00:00,0.0067616496315648,0.0043598369621959,0.0037634311781079,2.249966043932787,0.0035582340032227,9.120012074784129e-05,1
2025-01-17 16:00:00+00:00,0.0099569669273936,0.0068287294207669,0.0037516766665805,2.017745735564637,0.003563317411723,9.335133339031044e-05,0
2025-01-17 17:00:00+00:00,-0.0080676915672763,0.0008105029159685,0.00378513307817,2.2403184771631786,0.0035687913161052,9.65674140842261e-05,0
2025-01-17 18:00:00+00:00,0.0070294695366904,0.0054421312565862,0.0037791295576093,2.068467102667241,0.003571773109578,0.0001002464326185,0
2025-01-17 19:00:00+00:00,0.0093714096430378,-0.0095337298946743,0.0037083556888187,1.3166321300822683,0.0035744023400742,0.0001017393892218,1
2025-01-17 20:00:00+00:00,-0.01123892896167,0.0103661919904389,0.0037893469243206,2.0015908865893466,0.003579151429298,0.0001050142146583,0
2025-01-21 14:00:00+00:00,-0.0163194690393098,-0.0591003428790525,0.0036306540638475,0.4896159663441581,0.0035792211155084,0.0001050475308703,1
2025-01-21 15:00:00+00:00,0.008652609659796,0.0289213352056162,0.0037049936337842,1.179131250592315,0.0035801220376188,0.0001059013541559,0
2025-01-21 16:00:00+00:00,0.0100471457827034,0.0184488540158401,0.0037362530416331,1.463553005027746,0.0035804981007138,0.0001064224803503,0
2025-01-21 17:00:00+00:00,0.011325900574846,0.0133174078594221,0.0037437012308824,1.5212233737204477,0.0035809097989821,0.0001070134963166,0
2025-01-21 18:00:00+00:00,0.0075784166660488,0.0123345428132981,0.0037615491560415,1.617744731485692,0.0035846252773123,0.0001093645216613,0
2025-01-21 19:00:00+00:00,0.0017075034072996,-0.0106367482329644,0.0037154010645337,1.16738237752393,0.0035862924724516,0.0001105966601585,0
2025-01-21 20:00:00+00:00,-0.0086994158797915,-0.0223768845807089,0.0036649297296307,0.6927208284503533,0.0035880346572146,0.0001110044180253,0
2025-01-22 14:00:00+00:00,-0.0158388915461841,-0.0232047547592038,0.0036380335370013,0.4346781742980632,0.0035898121909456,0.0001109357425952,0
2025-01-22 15:00:00+00:00,-0.0009756539820476,-0.0148262784632766,0.0035879918549001,-0.0288608549348697,0.0035911778102747,0.000110390193979,1
2025-01-22 16:00:00+00:00,-0.0067176548707517,0.0104503784566285,0.0036501224224406,0.5127983136047185,0.0035937538348936,0.000109923504137,1
2025-01-22 17:00:00+00:00,0.0056859151591621,-0.0046739034042901,0.0036125030179726,0.15991363782791,0.0035949567017154,0.0001097237014653,1
2025-01-22 18:00:00+00:00,-0.0035474726928694,0.002962313518088,0.0036360963507639,0.3568817841196064,0.0035971144402775,0.0001092291963921,0
2025-01-22 19:00:00+00:00,0.0066184439716812,-0.0003459660518467,0.0036108610613423,0.1092409150493235,0.0035990144969408,0.0001084443900536,0
2025-01-22 20:00:00+00:00,-0.0021024679980429,-0.0016082164307042,0.0036126461761928,0.0907584700517538,0.0036032240498999,0.0001038153936218,0
2025-01-23 14:00:00+00:00,0.0040331284604601,0.0198738729474073,0.0036703288432027,0.6335239199270456,0.0036043306544063,0.0001041763171373,1
2025-01-23 15:00:00+00:00,0.0022559292459192,-0.0052647298188604,0.003642829089071,0.3577597642094409,0.0036055539153438,0.0001041905140159,0
2025-01-23 16:00:00+00:00,0.001196182082096,-0.0100719579937833,0.0036020115812067,-0.0461607162544702,0.0036067977867609,0.0001036856865011,0
2025-01-23 17:00:00+00:00,0.0069824992814236,0.0026361243086845,0.0035863898617363,-0.2065505981378085,0.0036077159614028,0.000103248791622,0
2025-01-23 18:00:00+00:00,-0.0034439634267873,-0.0065093338165987,0.0035754130809924,-0.3394473102874719,0.003609791018223,0.0001012762104417,0
2025-01-23 19:00:00+00:00,-0.0166012894252237,0.0214947151775618,0.00371424980563,0.998640338825706,0.0036137230647444,0.0001006636092868,0
2025-01-23 20:00:00+00:00,-0.0025439833205337,-0.0323394922186189,0.0036052142932268,-0.0974511461951322,0.003614967025835,0.0001000781723867,0
2025-01-24 14:00:00+00:00,0.0219988807302217,-0.0033290253151259,0.0035150484405431,-1.0208389032534275,0.0036159233821319,9.881573014828952e-05,0
2025-01-24 15:00:00+00:00,0.0005335559868743,-0.0020428551678836,0.003506003886779,-1.123673033918354,0.0036163817530907,9.822952316190212e-05,0
2025-01-24 16:00:00+00:00,-0.0010997420552842,-0.0010239408304959,0.0035062696562405,-1.1309206063473516,0.0036167830651615,9.771986494960736e-05,0
2025-01-24 17:00:00+00:00,0.0060967951402267,0.0105827917644144,0.0035220341032728,-0.9954964276337396,0.0036178673366309,9.626677775823672e-05,0
2025-01-24 18:00:00+00:00,-0.0024510354757702,-0.0100706902923192,0.0034952994030965,-1.2996599237149151,0.003618703033907,9.495070868825788e-05,0
2025-01-24 19:00:00+00:00,-0.0030547747545054,-0.0266230966005723,0.0034138842397787,-2.188026547439044,0.0036191788272273,9.382636956066398e-05,0
2025-01-24 20:00:00+00:00,-0.0057090792975964,-0.0213967075273739,0.0033607463862231,-2.635636959033526,0.0036175534103872,9.74364178965834e-05,0
2025-01-27 14:00:00+00:00,-0.0308105385133942,-0.0175971387351773,0.0034054479512187,-2.13478172179187,0.0036167576263387,9.898420665819896e-05,0
2025-01-27 15:00:00+00:00,-0.0071151133025664,-0.0252034438201785,0.0033444028495293,-2.6205216629586894,0.0036147936215999,0.0001031820403901,1
2025-01-27 16:00:00+00:00,-0.0168572900719365,-0.0135765716119448,0.0033553929114877,-2.424523470183968,0.0036132547488167,0.0001063556779301,0
2025-01-27 17:00:00+00:00,-0.004374740765869,-0.0324348955878577,0.0032625487692345,-3.0167884382760253,0.0036091297322571,0.0001148840795812,1
2025-01-27 18:00:00+00:00,-0.001585102764955,0.0248086710150195,0.0033498062044356,-2.14855888214292,0.0036060911523629,0.0001192822547509,0
2025-01-27 19:00:00+00:00,0.0055929071237496,0.0211438124032795,0.0034023058741226,-1.6678051130006275,0.003604589925726,0.0001212875833192,0
2025-01-27 20:00:00+00:00,0.0203121200563224,0.025118588183128,0.0034186983121714,-1.4940851592317737,0.0036028168371314,0.0001232316135545,0
2025-01-28 14:00:00+00:00,0.0105555092126743,-0.0089027831415824,0.0033528193060304,-1.9365708492339293,0.0035993368510463,0.0001272959081839,0
2025-01-28 15:00:00+00:00,-0.0006200176268408,-0.0223726357392478,0.0032806742250211,-2.3395466081827965,0.00359330570827,0.000133629089566,1
2025-01-28 16:00:00+00:00,-0.0048369118674425,0.0132433346602258,0.0033405290886173,-1.8144909223547103,0.003589901376005,0.0001374337475682,0
2025-01-28 17:00:00+00:00,0.0049125517819157,-0.0077949413149086,0.0032983479143919,-2.016683283420877,0.0035856120123537,0.0001424438335575,0
2025-01-28 18:00:00+00:00,-0.0047491522703973,-0.0021580407948688,0.0033069053834134,-1.861853567204158,0.0035800900684161,0.0001467272667489,1
2025-01-28 19:00:00+00:00,0.0025713421879109,-0.0010176196712194,0.0032950582982056,-1.8495633551249,0.0035745799762666,0.0001511284689364,0
2025-01-28 20:00:00+00:00,-0.0123785602149641,-0.0051569394418142,0.0033189400884873,-1.620545711426792,0.0035687592360899,0.0001541574210718,0
2025-01-29 14:00:00+00:00,0.0080562996410526,0.0011904427067732,0.0032962307693441,-1.6909298965264967,0.0035632325282034,0.000157902323099,0
2025-01-29 15:00:00+00:00,-0.0004640889258663,-0.0072535076103663,0.0032739270787932,-1.749823467937345,0.0035575733500394,0.0001620999354754,0
2025-01-29 16:00:00+00:00,0.0003709513427467,0.0160479652476192,0.0033256569042674,-1.37801181226057,0.0035519498466136,0.0001642169829988,0
2025-01-29 17:00:00+00:00,0.0052340901129849,-0.009032469147531,0.0032785480625247,-1.5962500952699907,0.0035461726568839,0.000167658310657,0
2025-01-29 18:00:00+00:00,0.0041508210365245,-0.0143098452482717,0.003218579117276,-1.859232357097036,0.0035394654302672,0.000172590753257,0
2025-01-29 19:00:00+00:00,0.0063756821103852,0.0338103191330862,0.003308102066949,-1.2932140002839247,0.0035338825292048,0.0001745886312753,0
2025-01-29 20:00:00+00:00,0.0066266235081492,-0.0045598461741331,0.0032713022969773,-1.4466500363522603,0.0035275770226855,0.0001771504643613,0
2025-01-30 14:00:00+00:00,0.0144348423784554,0.0139984466362101,0.0032698750260335,-1.4012773242823346,0.0035220321848128,0.0001799480762371,0
2025-01-30 15:00:00+00:00,-0.0023251764335658,0.0036348223714804,0.0032894216684033,-1.2477147492897795,0.0035160658374969,0.0001816474231972,0
2025-01-30 16:00:00+00:00,0.0018558905919615,-0.0204507259447225,0.0032168581329518,-1.5809203161632903,0.003508334654839,0.0001843714189179,1
2025-01-30 17:00:00+00:00,-0.004635255232201,0.0002938762954407,0.0032327535930181,-1.4381004317395696,0.0035014024182838,0.000186808111128,1
2025-01-30 18:00:00+00:00,0.0026437880469163,0.0110714157259098,0.0032601131628781,-1.2519145729436734,0.0034928629526893,0.0001859150734733,1
2025-01-30 19:00:00+00:00,0.0019467055289098,0.0015951976098021,0.0032589674086668,-1.2196735734014694,0.0034844552231986,0.0001848755433004,1
2025-01-30 20:00:00+00:00,-0.0062843351743781,-0.0131074153190415,0.0032368069002834,-1.2977977987765896,0.003475874060427,0.0001842098671834,1
2025-01-31 14:00:00+00:00,-0.0065789642291313,0.0071650076443494,0.003281600599841,-1.02510325518585,0.0034674818524548,0.0001813292969986,0
2025-01-31 15:00:00+00:00,0.0103702530158352,0.0069616536165693,0.0032704339800861,-1.0571277967100596,0.0034590035928294,0.0001783792019566,1
2025-01-31 16:00:00+00:00,-0.0042933005991339,0.0097195806133913,0.0033165847806236,-0.7709824642893588,0.0034524740776929,0.0001762547183151,1
2025-01-31 17:00:00+00:00,-0.0036350504096708,-0.0026601699285255,0.0033198196309304,-0.7282867613103648,0.003444648622803,0.0001714008801259,1
2025-01-31 18:00:00+00:00,-0.0192885360329876,-0.0124649850518383,0.0033425500523293,-0.571888405692742,0.0034398468892777,0.0001701325572959,0
2025-01-31 19:00:00+00:00,-0.0035571342904505,-0.0195081125519894,0.0032896560858571,-0.854864365968797,0.0034329245968123,0.0001675920960781,1
2025-01-31 20:00:00+00:00,-0.0068819129738596,-0.0070968044780909,0.0032889492426624,-0.8335810581100318,0.0034254695334961,0.0001637756634528,1
2025-02-03 14:00:00+00:00,-0.0494390218717277,-0.0162786914208794,0.0033998403175263,-0.1256370423045992,0.0034197385182735,0.0001583784557653,0
2025-02-03 15:00:00+00:00,0.0262179164441266,0.0103551995012705,0.0033463351038843,-0.4369912786499971,0.0034128182840709,0.0001521384600442,1
2025-02-03 16:00:00+00:00,-0.0058144062616706,-0.0059369791323158,0.0033459249591213,-0.4129501400349789,0.0034066603489807,0.0001470768113899,1
2025-02-03 17:00:00+00:00,0.0031821118092451,0.0201356630645621,0.0034031338460552,0.0058467827815616,0.0034022970842544,0.0001431149115735,1
2025-02-03 18:00:00+00:00,0.0098959743689364,0.0154118152717336,0.0034219568555604,0.1664335854160173,0.0033986958062304,0.0001397617510427,1
2025-02-03 19:00:00+00:00,0.0199062372807053,0.0092056140121835,0.003385535000219,-0.0711538151348789,0.003395321525319,0.0001375404127168,1
2025-02-03 20:00:00+00:00,-0.0076327832598995,0.0052721051966528,0.00342950807532,0.2836152100477885,0.0033916446195337,0.0001335029097345,1
2025-02-04 14:00:00+00:00,-0.0116580683045532,-0.0021771092428719,0.0034621777260758,0.5589612364810288,0.0033891391980021,0.0001306683242179,1
2025-02-04 15:00:00+00:00,-0.006164366013311,0.0004645954366761,0.0034852046065839,0.7747468716813384,0.0033866243355991,0.000127241909052,1
2025-02-04 16:00:00+00:00,-0.0030395945812217,-0.0051375950082493,0.0034779003107182,0.7515647052985541,0.0033844083230887,0.0001243964584424,1
2025-02-04 17:00:00+00:00,0.0009797440162006,0.008533719500048,0.0035042717636533,0.9990475871960236,0.0033826020828797,0.000121785671006,0
2025-02-04 18:00:00+00:00,0.0021779242669514,0.0088320457587002,0.0035276673659744,1.256050634859574,0.0033802243915925,0.0001173861708197,0
2025-02-04 19:00:00+00:00,-0.0026692121846579,-0.0157718554366607,0.0034817470943959,0.9218630851828138,0.0033775396916813,0.0001130399995286,1
2025-02-04 20:00:00+00:00,-0.0044610470702469,0.0086493257889419,0.0035276946335628,1.3648146702022663,0.0033763010758872,0.0001109260920042,0
2025-02-05 14:00:00+00:00,-0.0053595828454398,-0.0057578969063374,0.0035262897829921,1.3819920834225918,0.0033752994079082,0.0001092556005892,0
2025-02-05 15:00:00+00:00,-0.0015030283089131,-0.0108862383857049,0.0034933566162099,1.11401147829805,0.0033739318001618,0.00010720250049,0
2025-02-05 16:00:00+00:00,-0.0001853882588735,0.0101641645711186,0.0035296990345571,1.5939385624128688,0.0033708559539772,9.9654456153813e-05,0
2025-02-05 17:00:00+00:00,-0.0042939279365479,-0.0118582286035867,0.0035031000579534,1.3894359598512414,0.003369154050056,9.640315334270972e-05,0
2025-02-05 18:00:00+00:00,-0.0098752842277462,-0.0103451768545598,0.0035014543637453,1.3794845281560788,0.0033689274821094,9.60698572045866e-05,0
2025-02-05 19:00:00+00:00,0.0073854492416548,0.0014403651510727,0.0034806996784177,1.1746601034824284,0.0033685057453034,9.551182744842126e-05,0
2025-02-05 20:00:00+00:00,0.0010583184085362,-0.0074408577099858,0.0034512419593319,0.8859277066036375,0.0033675886170215,9.442456950693636e-05,0
2025-02-06 14:00:00+00:00,0.0042396635700377,0.0027823652696535,0.0034462161332437,0.8607448454673853,0.0033663249841877,9.28162968115897e-05,0
2025-02-06 15:00:00+00:00,-0.0064700129085254,-0.0233050411961501,0.0033886846182795,0.2643256325840463,0.0033645480711074,9.131368356565351e-05,0
2025-02-06 16:00:00+00:00,-0.0081551306825646,0.0031063633276939,0.0034270619573101,0.6811830123578195,0.003364767699733,9.1450104372838e-05,0
2025-02-06 17:00:00+00:00,0.0036003101635671,-0.0129839532701024,0.0033706953502431,0.0630041199137406,0.0033649335158,9.145170904784376e-05,1
2025-02-06 18:00:00+00:00,-0.0051751163184846,-0.0044218145891283,0.0033732354574931,0.0968061704019615,0.0033643966409045,9.13042686415463e-05,1
2025-02-06 19:00:00+00:00,-0.00302878517409,0.0022442264046022,0.0033910695454718,0.2835341674323055,0.0033651744191702,9.132982644041558e-05,1
2025-02-06 20:00:00+00:00,0.0082827215665957,-0.00132112368157,0.0033586581245853,-0.0719487984844431,0.0033652288393885,9.13248718762424e-05,1
2025-02-07 14:00:00+00:00,0.0297308437285738,0.0310268988093013,0.0033630139525989,-0.0430586028894865,0.0033669032591113,9.032588731184797e-05,1
2025-02-07 15:00:00+00:00,-0.016119826970339,-0.0022734590258319,0.0034099033560138,0.4642450467789631,0.0033679048783042,9.046618375573603e-05,0
2025-02-07 16:00:00+00:00,-0.0026942883077013,0.0122677445138901,0.0034613060272484,1.0137488266139685,0.0033688882141897,9.116440940050652e-05,0
2025-02-07 17:00:00+00:00,-0.0043147977124128,0.007701602189126,0.0035031493642968,1.4349011258803273,0.0033702957317251,9.258730805593508e-05,0
2025-02-07 18:00:00+00:00,0.0029269711857835,-0.0150197354185738,0.0034408401653131,0.7427511152240549,0.0033717627460465,9.300210777305962e-05,0
2025-02-07 19:00:00+00:00,-0.0080914653643357,-0.0103806751930655,0.0034329723691417,0.6339340969413751,0.0033743010484485,9.255113579827478e-05,0
2025-02-07 20:00:00+00:00,-0.0122514304972439,-0.015757136215343,0.0034209584492152,0.489192670249034,0.0033756415377918,9.263612106115735e-05,0
2025-02-10 14:00:00+00:00,0.0160145489909116,0.0183812808079366,0.0034290645290965,0.5550488518786746,0.0033778201480369,9.232409162934564e-05,0
2025-02-10 15:00:00+00:00,-0.0011977854449266,0.0034994483554922,0.0034452095356563,0.705520734236135,0.0033801252172409,9.225004348865362e-05,0
2025-02-10 16:00:00+00:00,0.0013977583706072,-0.0148439385574105,0.0033897054469441,0.0873879947438163,0.0033817026697199,9.157753588093864e-05,1
2025-02-10 17:00:00+00:00,0.0011628539094117,0.0060110836044447,0.0034061794200834,0.2522872387510615,0.0033831566585798,9.125614762597984e-05,0
2025-02-10 18:00:00+00:00,0.0002755795913372,-0.002636353065291,0.0033962752820856,0.1264597940296085,0.0033848240671255,9.055221897161524e-05,0
2025-02-10 19:00:00+00:00,-0.0009196693606235,0.00159915180618,0.0034048406749723,0.1994828336214674,0.0033870059603952,8.94047585616386e-05,0
2025-02-10 20:00:00+00:00,-0.0005603282539001,0.0087947399021912,0.0034368426484754,0.5375482513217665,0.003388859056132,8.926378650741844e-05,0
2025-02-11 14:00:00+00:00,-0.0037423050306887,-0.0084028697493291,0.0034208622885608,0.3360819423940627,0.0033912309598992,8.816697633461036e-05,0
2025-02-11 15:00:00+00:00,0.0003250151705039,-0.0071353423520287,0.0033954363939121,0.0147624418175122,0.0033941785811765,8.520356938151227e-05,0
2025-02-11 16:00:00+00:00,-0.0070995956889734,-0.0062361908643437,0.0033983692960351,0.0318083077936551,0.0033956830349946,8.445155454085827e-05,0
2025-02-11 17:00:00+00:00,-0.0025384859134462,-0.0122075091909375,0.0033656687302365,-0.3807439662442495,0.0033972558088823,8.296146871973339e-05,0
2025-02-11 18:00:00+00:00,-0.0061871697725925,-0.009739988888601,0.0033537323345166,-0.5513675216571008,0.0033986534306903,8.147214772230034e-05,1
2025-02-11 19:00:00+00:00,-0.0042757481135209,0.0010297909874594,0.0033715729778176,-0.3543492456132261,0.0034000226191805,8.028700982193748e-05,0
2025-02-11 20:00:00+00:00,0.0014871370661986,-0.0036400584631966,0.0033543305044576,-0.624297172348761,0.0034023138253723,7.685974410908773e-05,0
2025-02-12 14:00:00+00:00,0.0034752520958474,-0.0012842112954484,0.0033384036229892,-0.8866213437529982,0.0034040746592052,7.406886454816146e-05,1
2025-02-12 15:00:00+00:00,0.0021537618630653,0.0010650514506161,0.0033347710459749,-0.976938072352462,0.0034053189572568,7.221328892626403e-05,1
2025-02-12 16:00:00+00:00,0.0121800093330206,0.0281538403349558,0.0033884678451081,-0.2729090694164717,0.0034074772978641,6.96548956643467e-05,0
2025-02-12 17:00:00+00:00,0.0040624361141538,-0.0119736403796006,0.0033345634779712,-1.1180121244248131,0.0034091065741589,6.667467602470528e-05,0
2025-02-12 18:00:00+00:00,-0.0042858309722624,-0.0004313309173771,0.0033474413560268,-0.9646441746786448,0.0034102039200954,6.506291720408389e-05,0
2025-02-12 19:00:00+00:00,0.0027085580209484,0.0175357041166007,0.003397444141295,-0.2382081403315419,0.0034123207561155,6.245216809034375e-05,0
2025-02-12 20:00:00+00:00,-0.0016347530452722,-0.0097380084933731,0.003370025025631,-0.7029438513361661,0.0034132114268656,6.14364876405194e-05,0
2025-02-13 14:00:00+00:00,-0.0117017400486547,-0.0021736151439813,0.0034022885061565,-0.2042005148674421,0.0034145859081194,6.022218881695597e-05,0
2025-02-13 15:00:00+00:00,0.000206805413826,-0.0176697410359415,0.0033420077488426,-1.204802217993211,0.003414576869728,6.023322318098337e-05,1
2025-02-13 16:00:00+00:00,-0.0065985789182066,-0.000545988030012,0.0033622968934985,-0.916228633431148,0.0034157875498553,5.83813410813308e-05,0
2025-02-13 17:00:00+00:00,0.0043269960585878,-0.0012804413290941,0.0033434957864688,-1.2893071148872794,0.0034166966589187,5.6775357558142434e-05,1
2025-02-13 18:00:00+00:00,0.0022852652068255,0.0044565883026052,0.0033507634834944,-1.1349515464611164,0.0034158787116849,5.737269436173818e-05,1
2025-02-13 19:00:00+00:00,-0.0028233405399013,0.0139970641410079,0.0034076013592426,-0.1641250575958781,0.0034168998159409,5.6654704860147154e-05,1
2025-02-13 20:00:00+00:00,0.0063059182215366,-0.002857166231096,0.0033765198389767,-0.7283502349113467,0.0034174097306051,5.614042485118238e-05,1
2025-02-14 14:00:00+00:00,0.0105863697339872,0.000916431167031,0.0033440264572643,-1.272184839125939,0.0034164246074586,5.690851515259364e-05,1
2025-02-14 15:00:00+00:00,-0.0033903219878373,0.012590721239266,0.0033978967942148,-0.3182732087050765,0.0034160236064362,5.695362262861585e-05,1
2025-02-14 16:00:00+00:00,0.0057683513085911,0.008402898801562,0.0034068605171877,-0.1675012433834082,0.003416379031719,5.682653059202495e-05,1
2025-02-14 17:00:00+00:00,0.0120581885862469,0.024220417779775,0.0034485485313471,0.5592600336303072,0.0034166963726528,5.695411218212727e-05,1
2025-02-14 18:00:00+00:00,-0.0042843104229425,-0.0044904013993608,0.003447837889844,0.5525723577924875,0.0034164573753822,5.678987379520798e-05,1
2025-02-14 19:00:00+00:00,-0.0035879104678214,0.0056795546104447,0.0034799391258723,1.1214360005537758,0.0034163696173704,5.668581039888559e-05,0
2025-02-14 20:00:00+00:00,-0.0088692144645556,-0.0089607644156414,0.0034796205521984,1.114679508140194,0.0034163982880617,5.671788498399104e-05,1
2025-02-18 14:00:00+00:00,-0.0146990494301279,-0.0011719998909473,0.0035270093444537,1.9208556644763657,0.0034167772477417,5.738697537276505e-05,0
2025-02-18 15:00:00+00:00,-0.0015106125838748,-0.0056313894995052,0.0035125052303993,1.6861821664165744,0.0034165245454821,5.692189540892683e-05,1
2025-02-18 16:00:00+00:00,-0.0090272985301621,-0.0035825474960526,0.0035316821061666,1.962955235152409,0.0034173567956783,5.8241425194482494e-05,0
2025-02-18 17:00:00+00:00,-0.0058041605741777,-0.0157107747695293,0.0034968678246332,1.3946173714744563,0.0034168430155295,5.738119339436852e-05,0
2025-02-18 18:00:00+00:00,-0.0023678310381666,0.0015636092302499,0.0035106426112455,1.6528219510367173,0.0034165822293337,5.690896218603904e-05,0
2025-02-18 19:00:00+00:00,0.0022353108383986,0.0088966227323273,0.0035341061588691,2.01206733599806,0.003417261388378,5.807199808904918e-05,0
2025-02-18 20:00:00+00:00,0.001394069737896,0.0043514576292053,0.0035445733517758,2.168714852296652,0.003417509293665,5.858956421875192e-05,0
2025-02-19 14:00:00+00:00,0.017268006066512,-0.0024981661961276,0.003475198599678,1.0025477584022773,0.0034170442693604,5.800654365860026e-05,0
2025-02-19 15:00:00+00:00,0.001043914770763,0.0016143698132893,0.0034771816097983,1.05308147240672,0.0034166397234613,5.749022076952852e-05,0
2025-02-19 16:00:00+00:00,0.0030202713154541,-0.0078381368450999,0.0034396292012876,0.4156496411885665,0.0034159552155091,5.69565889935655e-05,0
2025-02-19 17:00:00+00:00,0.0019340888226276,-0.0097284450573533,0.0033997474225323,-0.2702213121390295,0.0034150969732291,5.680362727616429e-05,0
2025-02-19 18:00:00+00:00,-0.0080215926969472,-0.0242199436460503,0.0033451207461187,-1.1905417545214656,0.0034134120501104,5.736153623537839e-05,0
2025-02-19 19:00:00+00:00,0.0047469373687686,-0.0078431774610258,0.0033032693018746,-1.842026028532433,0.0034119884615036,5.90215110671562e-05,0
2025-02-19 20:00:00+00:00,0.0009529746363931,0.0044311244672381,0.0033147785713172,-1.5810257951766982,0.0034101170717371,6.030167294600341e-05,0
2025-02-20 14:00:00+00:00,0.0087594692603867,0.0024115297491092,0.0032938032030734,-1.856910281531466,0.0034088355359509,6.19482448999428e-05,0
2025-02-20 15:00:00+00:00,-0.001395156825783,-0.0022860835885757,0.0032908699724892,-1.8320678436116848,0.0034074627778675,6.36400042634029e-05,0
2025-02-20 16:00:00+00:00,0.006551990312424,0.0080875903492842,0.0032959273145739,-1.6858011465983127,0.0034058770740192,6.522107288113276e-05,0
2025-02-20 17:00:00+00:00,0.004590454859675,0.0053043215679076,0.003298281007368,-1.6048625060588275,0.0034048707887323,6.641676839099055e-05,0
2025-02-20 18:00:00+00:00,0.0033768307138827,-0.0008668574459467,0.003284313788531,-1.7532132485936909,0.0034035591193312,6.801530327003909e-05,0
2025-02-20 19:00:00+00:00,0.0010775819901932,0.0044487157634681,0.0032954043330168,-1.5303574597725242,0.0034016508022812,6.942591653073574e-05,0
2025-02-20 20:00:00+00:00,-0.0001996910034409,-0.0018512427069281,0.0032899662942142,-1.5448358336240635,0.003398795140064,7.044686786846975e-05,0
2025-02-21 14:00:00+00:00,0.0042199389252786,-0.0105483359861467,0.0032417361818977,-2.122300072288482,0.0033944382536906,7.195121641226044e-05,0
2025-02-21 15:00:00+00:00,-0.0078067938568003,-0.0005066397253126,0.0032654879459664,-1.7128601966547516,0.0033915157167015,7.357738301188935e-05,0
2025-02-21 16:00:00+00:00,0.001778376344481,-0.0120630882462742,0.0032206001830352,-2.185191571627635,0.0033879761802664,7.659557148416803e-05,0
2025-02-21 17:00:00+00:00,-0.0126618841107169,-0.0180340164518677,0.0032033450824741,-2.260286374877781,0.0033843492908207,8.00802103478609e-05,0
2025-02-21 18:00:00+00:00,-0.0047728240670089,-0.0143092517966887,0.003172941813306,-2.4551865794988683,0.0033800805788909,8.436783066287418e-05,0
2025-02-21 19:00:00+00:00,-0.0122155789077617,-0.0092481142916988,0.0031823713899136,-2.2047522530179173,0.0033756999431285,8.768720065950742e-05,0
2025-02-21 20:00:00+00:00,-0.004298607560593,-0.0123319250390664,0.0031569088016655,-2.3335443318575053,0.0033718199990405,9.20964707809955e-05,0
2025-02-24 14:00:00+00:00,-0.0034685025724903,-0.0569974858684956,0.002992365878423,-3.5760363750896165,0.0033649231066795,0.0001041816103582,1
2025-02-24 15:00:00+00:00,-0.0041365489619161,0.0248657290501515,0.0030804220481475,-2.530078565744279,0.0033596588861139,0.0001103668643919,0
2025-02-24 16:00:00+00:00,0.0011478378561523,0.0160932538140373,0.003126805987237,-1.9982802090123684,0.0033550249746516,0.0001142077003942,0
2025-02-24 17:00:00+00:00,0.003207367047797,0.0017264556184295,0.0031221788915182,-1.936008298636592,0.0033497805787024,0.0001175623510211,0
2025-02-24 18:00:00+00:00,-0.0055337404672764,-0.0129062263987048,0.0030992453141799,-2.0173775921918016,0.003344420295796,0.0001215315281408,0
2025-02-24 19:00:00+00:00,-0.0025629141721059,-0.0204650702632566,0.0030442558246244,-2.3110415237629462,0.0033385672863079,0.0001273501400373,0
2025-02-24 20:00:00+00:00,0.0015720824596427,-0.0118952835142858,0.0030035325504309,-2.4470707221685646,0.0033319866738812,0.0001342233881819,0
2025-02-25 14:00:00+00:00,-0.0768634205897658,-0.1196788505715462,0.0028776491192331,-3.0481864161547123,0.0033238530136978,0.0001463834009953,1
2025-02-25 15:00:00+00:00,0.0024779809296589,-0.0043590942846781,0.0028580415214555,-2.8925744296180573,0.0033155915001467,0.0001581808834394,0
2025-02-25 16:00:00+00:00,0.0016992975901458,0.009684854366095,0.0028809559447379,-2.5439522765254567,0.0033074145495954,0.0001676362441201,0
2025-02-25 17:00:00+00:00,-0.0037997552411097,-0.0103664146693763,0.0028620996673552,-2.468440524080489,0.0032992107023104,0.000177079832668,1
2025-02-25 18:00:00+00:00,-0.0015987899489474,-0.0169675225881851,0.0028184491088401,-2.517267406890854,0.0032905447937412,0.000187542921983,1
2025-02-25 19:00:00+00:00,0.0101166439006157,0.0473234430405718,0.00292528985471,-1.854563481727772,0.0032837201072201,0.0001932693359066,0
2025-02-25 20:00:00+00:00,0.0024276790646155,-0.0262734481876073,0.0028425241542655,-2.1502390412210586,0.0032746210457061,0.0002009529560002,1
2025-02-26 14:00:00+00:00,-0.0073405519663868,0.0014767614086597,0.0028676984020281,-1.9233524000530764,0.003266839961107,0.000207523883334,1
2025-02-26 15:00:00+00:00,-0.0002133123252166,0.0203714337609524,0.0029273410033639,-1.5698555399099847,0.0032598382885627,0.0002118011987382,1
2025-02-26 16:00:00+00:00,-0.0069889023567918,0.0201936387091344,0.0030080049288793,-1.1492894793944424,0.0032533476350224,0.0002134733768487,1
2025-02-26 17:00:00+00:00,-0.0136703152160605,-0.0366640605109495,0.0029396287544523,-1.4146526449668098,0.0032461743638361,0.0002166932006061,1
2025-02-26 18:00:00+00:00,-0.0193848913969174,0.0011117681213093,0.0030005030528673,-1.0962586928305005,0.0032394779396146,0.0002179913266003,1
2025-02-26 19:00:00+00:00,-0.0027092126110497,0.0017049335929814,0.0030137769870181,-1.0033822617258432,0.0032340074269175,0.0002194880737881,1
2025-02-26 20:00:00+00:00,0.0074650569532954,0.0432246555624546,0.0031234985499513,-0.4857959496103905,0.0032300274545251,0.0002192873461773,0
2025-02-27 14:00:00+00:00,0.0070756288318025,-0.012599503624405,0.0030626439267513,-0.7401595257120661,0.0032253465901964,0.0002198210761236,0
2025-02-27 15:00:00+00:00,0.0070156916051946,-0.0093027663395596,0.0030130718704398,-0.9355768736584784,0.0032197183966455,0.0002208760520102,0
2025-02-27 16:00:00+00:00,-0.0145057191256675,-0.0096249590007795,0.0030278138983644,-0.8403037427652758,0.0032133886056309,0.000220842414263,1
2025-02-27 17:00:00+00:00,0.0013207542889891,0.0041029424652415,0.0030362495757718,-0.7760438757032968,0.0032077174345775,0.0002209512428021,0
2025-02-27 18:00:00+00:00,0.0028784307899788,-0.0308685350842605,0.0029354950073552,-1.1903820416601665,0.003200908577079,0.0002229650317587,1
2025-02-27 19:00:00+00:00,-0.0076824691419641,-0.0333476620738654,0.0028611135517357,-1.4660105541421196,0.0031919621897044,0.0002256795744299,1
2025-02-27 20:00:00+00:00,-0.005259554988154,-0.0027898589895404,0.0028681883651492,-1.3825557732526672,0.0031829843205037,0.0002276913246066,1
2025-02-28 14:00:00+00:00,-0.0201033444677206,0.0659331289738344,0.0031258838407731,-0.2297679627038944,0.0031776065756608,0.0002251085585605,0
2025-02-28 15:00:00+00:00,0.0243705864749712,-0.0290518617328244,0.0029632736618292,-0.9210424279476486,0.0031695305051939,0.000223938482209,1
2025-02-28 16:00:00+00:00,0.0051769645633369,0.011706291204321,0.0029826851464932,-0.806335857239296,0.0031612429388709,0.0002214434478817,1
2025-02-28 17:00:00+00:00,-0.0094842912380067,-0.0124701662125787,0.0029737925043229,-0.8184550307730482,0.0031528124714063,0.0002187291425337,0
2025-02-28 18:00:00+00:00,0.0092263007400126,0.015959483366915,0.0029938831534519,-0.700979062254176,0.0031439270348896,0.0002140490201736,0
2025-02-28 19:00:00+00:00,-0.0001285109508282,0.0061951754039344,0.0030128755190884,-0.5868351177213214,0.0031355998730344,0.0002091291918973,0
2025-02-28 20:00:00+00:00,-0.000637706715341,0.0054627536010138,0.0030313116238175,-0.4727650199166922,0.0031272603649953,0.0002029522852488,0
2025-03-03 14:00:00+00:00,0.0613707872846955,0.0602833581758468,0.0030280170789364,-0.4630936687440668,0.0031194461859003,0.0001974311313992,0
2025-03-03 15:00:00+00:00,0.0043167593284286,-0.0343416748149087,0.0029131924501315,-1.0204205255502443,0.0031094886832151,0.0001923679778763,0
2025-03-03 16:00:00+00:00,0.0011605441985891,0.0200962740460419,0.0029688814674682,-0.7094355999026439,0.0031000682716918,0.0001849171429254,0
2025-03-03 17:00:00+00:00,0.000977405079658,-0.0451678294596303,0.0028349946131651,-1.4180431957370734,0.0030882419593816,0.0001785893031875,1
2025-03-03 18:00:00+00:00,-0.0345327491584236,-0.0008798586611869,0.0029320238769349,-0.8541325738192955,0.0030791890473359,0.000172297808223,1
2025-03-03 19:00:00+00:00,-0.0175692309849647,-0.0336183313251726,0.0028853431255388,-1.1086517231502326,0.0030693250725982,0.0001659510766254,1
2025-03-03 20:00:00+00:00,0.0031800597282745,0.0169703428633447,0.002925408445294,-0.847704943054549,0.003060754726665,0.0001596620174035,1
2025-03-04 14:00:00+00:00,-0.026664229535113,-0.0427685923562311,0.0028786739311245,-1.1185817525661994,0.0030520701684748,0.0001550143625645,1
2025-03-04 15:00:00+00:00,-0.010865171926635,0.0095636141255418,0.0029380865425068,-0.7107695912395111,0.0030452862650813,0.000150822044015,1
2025-03-04 16:00:00+00:00,0.0101917187068793,0.0582875942686565,0.003082849738984,0.2803922336181873,0.0030416126056998,0.0001470694560688,1
2025-03-04 17:00:00+00:00,0.019815799980053,0.0231807638573296,0.0030932408901139,0.3873595165690195,0.0030379203110131,0.0001428145604652,1
2025-03-04 18:00:00+00:00,0.0179693213409634,0.0439754090743357,0.0031747391159228,0.9914639136254824,0.0030359359095606,0.0001399982434606,1
2025-03-04 19:00:00+00:00,0.0156869560566054,0.0473605695121431,0.0032769040000338,1.728069978868021,0.003035703143353,0.000139578176596,0
2025-03-04 20:00:00+00:00,-0.0170155586432643,-0.0509219184251343,0.0031676586362236,0.9825648981532246,0.0030335653320471,0.000136472719948,1
2025-03-05 14:00:00+00:00,0.0198010692357494,0.0033435718249703,0.0031159535377008,0.6449799190860133,0.003030526540886,0.0001324490798656,1
2025-03-05 15:00:00+00:00,-0.0005609358312905,0.0239835222157668,0.0031933792274536,1.264435939481901,0.0030290109648681,0.000129993349171,1
2025-03-05 16:00:00+00:00,0.0070587304821346,0.0525787141284192,0.0033421010253022,2.370608388201937,0.0030297892430728,0.0001317433042858,1
2025-03-05 17:00:00+00:00,0.0079301661203406,-0.0170843394746072,0.0032595369751113,1.7606303012962607,0.0030292820877544,0.0001307798049297,1
2025-03-05 18:00:00+00:00,-0.0001075252294621,0.0169495583137732,0.0033156120486625,2.141339121121131,0.0030305133522005,0.000133140376342,1
2025-03-05 19:00:00+00:00,0.0008831056264537,0.0166905583104455,0.0033684398658231,2.457102002881476,0.0030322292175315,0.0001368321900748,1
2025-03-05 20:00:00+00:00,0.0054772619449421,0.0197467389823603,0.0034168503156075,2.6558268809515395,0.0030355000530743,0.000143590030385,0
2025-03-06 14:00:00+00:00,-0.0069243024985849,0.0261034698105655,0.0035315855651271,3.14850273262374,0.0030409707277852,0.0001558248091254,0
2025-03-06 15:00:00+00:00,0.0124487370238252,-0.0162346585048002,0.003431726691675,2.371429817137844,0.0030452838090914,0.0001629577564517,0
2025-03-06 16:00:00+00:00,-0.0157089769310824,-0.0360396372772107,0.0033626618675435,1.8809308318035516,0.0030482886503852,0.0001671370429165,0
2025-03-06 17:00:00+00:00,-0.0077781199005842,0.0060921295104958,0.0034096277878914,2.0642925887321217,0.003052500633489,0.0001730021976302,0
2025-03-06 18:00:00+00:00,-0.0033101851390459,-0.0139077880869372,0.0033736846980868,1.7717270796756617,0.00305885594715,0.0001776959637566,0
2025-03-06 19:00:00+00:00,0.0028340564963764,0.0185766348036535,0.0034272154440771,1.9711874876613904,0.0030646358370822,0.0001839396857297,0
2025-03-06 20:00:00+00:00,0.0056389603020239,0.0015395496032642,0.0034131946385739,1.8168536415770016,0.0030694089812711,0.0001892203364297,0
2025-03-07 14:00:00+00:00,0.0145932887417101,-0.0075542047626513,0.0033384318921808,1.3803947341299965,0.0030730131979489,0.0001922773882495,1
2025-03-07 15:00:00+00:00,-0.0225413908333224,-0.0501785404923339,0.0032474304528089,0.8883080960466029,0.0030754829502593,0.000193567415759,1
2025-03-07 16:00:00+00:00,-0.0161582875479259,0.0015307630238941,0.0033053854879087,1.1520814496992904,0.0030798351113141,0.0001957764155073,0
2025-03-07 17:00:00+00:00,0.0051364588993248,0.0377274439734285,0.0034148859284309,1.6392416167988486,0.0030866910009474,0.0002002114417546,0
2025-03-07 18:00:00+00:00,0.0118921326260776,0.010986520091623,0.0034117947648399,1.5605651006585504,0.0030955934283742,0.0002026197666039,0
2025-03-07 19:00:00+00:00,-0.0078387015046237,-0.0056446067452344,0.0034192887841414,1.5377647416049232,0.003104947549419,0.0002044143855154,0
2025-03-07 20:00:00+00:00,-0.008668191389473,-0.0469355988285057,0.0032909134287333,0.8796109615069444,0.0031117801741522,0.0002036505482766,0
2025-03-10 13:00:00+00:00,-0.0653392528104126,-0.1305495518721484,0.003083159445137,-0.1606898508835021,0.0031154645037819,0.000201039819673,0
2025-03-10 14:00:00+00:00,-0.0244829229247404,0.0060260422019274,0.0031786730512346,0.2898431084558826,0.0031214682361551,0.0001973647584176,0
2025-03-10 15:00:00+00:00,0.0059886679896678,-0.0025035220156855,0.0031517934505967,0.1356620518052334,0.0031252432960866,0.0001957080418345,0
2025-03-10 16:00:00+00:00,-0.0116538377842174,-0.0342096456508463,0.0030814979690723,-0.2482507315889944,0.003129226193,0.0001922581400758,0
2025-03-10 17:00:00+00:00,-0.0077112290100047,-0.0370052964231885,0.002992537725146,-0.7302000266007213,0.0031313068483853,0.0001900426159737,1
2025-03-10 18:00:00+00:00,-0.0128177971691493,0.0097173582189559,0.0030607406229532,-0.3863788111897718,0.0031335301753785,0.0001883890894562,0
2025-03-10 19:00:00+00:00,0.0175834303396191,0.0068659293958785,0.003028112291843,-0.5619785904144387,0.0031338652980946,0.0001881797777627,1
2025-03-11 13:00:00+00:00,0.0265146871141029,-0.0143099115095979,0.0029069802300822,-1.19885778617571,0.0031333211560217,0.0001887971438727,1
2025-03-11 14:00:00+00:00,-0.0160331568331405,0.0460664842415963,0.0030932256986545,-0.2214117931548568,0.0031348665334515,0.0001880696335262,1
2025-03-11 15:00:00+00:00,0.0191763196252971,0.0016203272421997,0.0030393949604679,-0.5105902392167769,0.0031352934996757,0.0001878189825071,1
2025-03-11 16:00:00+00:00,0.0003658290356548,-0.0234120444526735,0.0029679770593911,-0.8713106023679291,0.003132701474833,0.0001890536107264,1
2025-03-11 17:00:00+00:00,-0.0006444947009028,0.0540438578832321,0.0031348111986139,0.0048029285069939,0.0031339042626974,0.0001888297764944,1
2025-03-11 18:00:00+00:00,0.0234539193240044,0.0172212431920377,0.0031153336972094,-0.1077416060880208,0.0031356086264769,0.0001881810565448,1
2025-03-11 19:00:00+00:00,-0.0023449458222179,0.0044657365631963,0.0031366236628474,-0.0042550890226197,0.0031374221225516,0.0001876481784339,1
2025-03-12 13:00:00+00:00,-0.0043412742060253,-0.0167334610505002,0.003097993884424,-0.2160571380938844,0.0031384511943625,0.0001872528271705,1
2025-03-12 14:00:00+00:00,-0.0128391457738745,-0.0098527213308868,0.0031072596379345,-0.1836789208676659,0.0031413139382054,0.0001854012431589,1
2025-03-12 15:00:00+00:00,0.0013172850104771,0.0259906115741438,0.0031848797046155,0.2099724998601108,0.0031467100407534,0.000181784109288,1
2025-03-12 16:00:00+00:00,0.0042588279220025,0.0202227038004474,0.0032361307229364,0.4668527003987495,0.0031528424133832,0.0001784038294777,0
2025-03-12 17:00:00+00:00,-0.0020315766819929,-0.0076843046121104,0.003217889361712,0.3556914812293588,0.0031543758387322,0.0001785635201616,0
2025-03-12 18:00:00+00:00,0.0078009983891985,-0.0077454450032673,0.0031682494884391,0.0591489613837195,0.003157792102509,0.0001767974565478,1
2025-03-12 19:00:00+00:00,0.0065405175023567,0.0042560951319333,0.0031610201290318,0.0014591104070883,0.003160764352218,0.0001752964083418,1
2025-03-13 13:00:00+00:00,-0.0161385015564125,0.0113620367247858,0.0032491562245749,0.4818517060607263,0.0031653537475556,0.0001739175683417,1
2025-03-13 14:00:00+00:00,0.002888403551978,-0.0136118281923273,0.0031959842750081,0.1580493173533322,0.0031687220995815,0.0001724915734096,1
2025-03-13 15:00:00+00:00,-0.0110759029012734,0.000286203307759,0.0032325044680514,0.3506558186512324,0.0031723825820642,0.0001714555492574,1
2025-03-13 16:00:00+00:00,-0.0036895702334796,-0.0104927363748695,0.0032105878388679,0.2065350418910323,0.0031753705189817,0.0001705149865307,1
2025-03-13 17:00:00+00:00,-0.0097619307629303,0.0247969409657855,0.0033234816376419,0.8400324230081864,0.0031802949282935,0.0001704537889569,1
2025-03-13 18:00:00+00:00,0.0101025774610519,-0.0042225788816366,0.0032762116270807,0.5374000736979563,0.0031863452479093,0.0001672243521535,1
2025-03-13 19:00:00+00:00,-0.0066716148247412,-0.0042025063329425,0.0032843109439613,0.5611283301324798,0.0031916024058508,0.0001652180671194,1
2025-03-14 13:00:00+00:00,0.0406612753548029,0.0392028464044377,0.0032795245009905,0.5070168929903225,0.0031990112373146,0.0001587979903412,1
2025-03-14 14:00:00+00:00,-0.0016224856977581,0.0541151875703555,0.0034675077767029,1.636789610334981,0.0032079359689774,0.0001585859331502,1
2025-03-14 15:00:00+00:00,0.015466187714529,-0.0022143546090696,0.003406739152835,1.2277194768897612,0.0032166259027657,0.0001548507241662,0
2025-03-14 16:00:00+00:00,0.0003910706357225,0.0046996039087345,0.0034214488677203,1.2909272708407409,0.0032248932431394,0.0001522592550491,1
2025-03-14 17:00:00+00:00,-0.0051190418765661,0.0049177073771496,0.0034559620022016,1.4942869333822892,0.0032345147109907,0.0001481959630802,0
2025-03-14 18:00:00+00:00,0.0029952093160117,0.011223261633187,0.0034845151456518,1.64488018980891,0.0032436218543765,0.0001464503571553,0
2025-03-14 19:00:00+00:00,0.0001162572677684,0.00790650248266,0.0035117663821807,1.752625221506014,0.0032507704650964,0.0001489171295047,0
2025-03-17 13:00:00+00:00,-0.0188957694043196,-0.0480870579137504,0.0034107351861552,1.03901265423502,0.0032560620366971,0.0001488655107593,1
2025-03-17 14:00:00+00:00,-0.001156461064672,0.0145834588450649,0.0034648446066841,1.3517460122870728,0.0032608971282098,0.0001508770705594,1
2025-03-17 15:00:00+00:00,0.0073340936253609,0.0006185718259724,0.0034416543217816,1.166049473613877,0.0032636429669056,0.0001526619229322,1
2025-03-17 16:00:00+00:00,-0.0010549652809517,0.0147496520742861,0.0034964804632716,1.4664285123789735,0.0032691233306897,0.0001550414020612,1
2025-03-17 17:00:00+00:00,0.0092520267787073,0.0080044840827883,0.0034921211743731,1.386238416839853,0.0032753927913009,0.0001563427909942,1
2025-03-17 18:00:00+00:00,0.00342713146416,-0.000578178645489,0.0034781621199617,1.2523313020916775,0.0032801391728427,0.0001581234508697,0
2025-03-17 19:00:00+00:00,-0.0004099481547892,0.0010030632815965,0.0034830802767023,1.2529530536982194,0.0032824888270327,0.0001600949445611,0
2025-03-18 13:00:00+00:00,-0.0391161003072029,-0.0310802292671539,0.0035111826228166,1.379350223117229,0.0032866829211612,0.0001627575780921,0
2025-03-18 14:00:00+00:00,0.0068343947125308,0.0111382688325896,0.0035263268769426,1.4255719912685834,0.0032901948349658,0.000165640208578,0
2025-03-18 15:00:00+00:00,-0.0029404412485691,0.0042167946320537,0.0035516561659145,1.5311559875998992,0.0032932484399673,0.0001687664274834,0
2025-03-18 16:00:00+00:00,0.00351638264985,-0.0297079915454405,0.0034355933459452,0.8403483133387049,0.0032935608238063,0.0001690162518142,1
2025-03-18 17:00:00+00:00,-0.0057142014338403,-0.0083207948717575,0.0034266498120165,0.8072053218893103,0.0032918118945878,0.000167042899461,1
2025-03-18 18:00:00+00:00,0.0054001100608373,0.0143366112881883,0.0034574093087004,0.9864395082772912,0.0032922399382049,0.0001674399383941,1
2025-03-18 19:00:00+00:00,0.0074025814731637,0.0014599412224183,0.003436924097386,0.852620452876413,0.0032934776420356,0.0001682418652596,1
2025-03-19 13:00:00+00:00,0.021245336596308,0.0394739349877848,0.0035001489055831,1.2089677411627415,0.0032949863273305,0.0001697006224957,0
2025-03-19 14:00:00+00:00,0.0010318145882487,0.0106768345856385,0.0035340712395939,1.3728431164656945,0.0032976594363556,0.0001722059865419,1
2025-03-19 15:00:00+00:00,0.0052267996372468,0.0064084299558182,0.0035382496735145,1.3704382408985882,0.0032995100068462,0.0001742068044684,1
2025-03-19 16:00:00+00:00,-0.0015582377075867,-0.0100322848279714,0.003508393060894,1.1799188700737953,0.0033010966472182,0.0001756870060589,1
2025-03-19 17:00:00+00:00,-0.0052285662552696,0.0006365902252146,0.0035290307978078,1.2621128526762837,0.0033042732956453,0.0001780803528669,0
2025-03-19 18:00:00+00:00,0.0190674205806424,0.013464019037144,0.0035093115202989,1.1156964980783903,0.0033086379801035,0.0001798639150889,1
2025-03-19 19:00:00+00:00,-0.0053340595367982,0.0088406035919604,0.0035594090479004,1.3490228706146223,0.0033128717061033,0.0001827525293805,0
2025-03-20 13:00:00+00:00,0.0011325333718848,0.0136381798801334,0.0036042012532174,1.5481052817113277,0.0033160269615165,0.000186146443078,0
2025-03-20 14:00:00+00:00,0.0070699698160572,-0.0095304531331749,0.0035448638635498,1.2048478850350215,0.0033182447798283,0.0001880893733858,1
2025-03-20 15:00:00+00:00,-0.0152290078005233,-0.0348707807757784,0.0034759158000803,0.830360997734636,0.0033191885634273,0.0001887459033849,1
2025-03-20 16:00:00+00:00,-0.0119504921749029,0.0129217687988467,0.0035634538062987,1.253021514704452,0.0033237309030534,0.0001913158716208,0
2025-03-20 17:00:00+00:00,0.0036361901414548,-0.0014088660551021,0.0035455212549924,1.12219626546883,0.0033314369332176,0.0001907726200509,1
2025-03-20 18:00:00+00:00,-0.0005001998857605,0.0057739445332526,0.0035678362980861,1.1968311152870894,0.0033379229873318,0.0001921017157873,0
2025-03-20 19:00:00+00:00,0.0025149265804554,0.008160518290865,0.0035880358105637,1.2570114615755483,0.0033451936933313,0.0001931900580509,0
2025-03-21 13:00:00+00:00,-0.0022377302465647,-0.0109174823359063,0.0035570273169355,1.062359895646779,0.0033531191824623,0.0001919388479448,1
2025-03-21 14:00:00+00:00,0.0011187013858318,-0.0027639713944113,0.0035432433204837,0.964940152017369,0.0033622976090513,0.0001875201389994,1
2025-03-21 15:00:00+00:00,-0.0063785141395339,0.0044189597873509,0.0035817086885498,1.1368022956831578,0.0033709804101446,0.0001853693286911,1
2025-03-21 16:00:00+00:00,0.0060068369755228,-0.0088095946594934,0.0035290317524034,0.8275821438523476,0.0033793290678206,0.0001808916319605,1
2025-03-21 17:00:00+00:00,-0.0010658996695227,0.0092271695525096,0.0035655439092334,1.0219192755295794,0.0033903051291397,0.0001714800613804,1
2025-03-21 18:00:00+00:00,0.0016454699545529,0.0109283725623896,0.0035987966080812,1.1835469820105156,0.0033987313109635,0.0001690387455323,1
2025-03-21 19:00:00+00:00,-0.0017762866697291,0.0036602416215071,0.0036184148468911,1.275652534059591,0.0034083816424039,0.0001646476598284,1
2025-03-24 13:00:00+00:00,0.043090327037694,0.0773739449114847,0.003744618191407,2.0218716968434083,0.0034213256612708,0.0001598976486197,1
2025-03-24 14:00:00+00:00,0.0033106225601876,-0.0101358854728131,0.0036946031701018,1.657684495730604,0.0034306555274623,0.0001592267064807,1
2025-03-24 15:00:00+00:00,0.0042512769598184,-0.0001231335257845,0.0036784767567457,1.5196139325202105,0.0034400412451212,0.000156905320833,1
2025-03-24 16:00:00+00:00,-0.0036491090216678,0.0114759122488828,0.0037345366809938,1.8204785743988936,0.0034500064620904,0.0001562941870916,1
2025-03-24 17:00:00+00:00,0.0048374647617472,0.0100512709269039,0.0037540586790988,1.9010800388329236,0.0034609408753349,0.0001541848832118,1
2025-03-24 18:00:00+00:00,0.0012321242579241,0.0078164991026109,0.0037788583642454,2.012075599171922,0.0034721341874401,0.0001524416761137,1
2025-03-24 19:00:00+00:00,-0.0033369986842709,0.0029694941224221,0.0038027650116527,2.085856745218769,0.0034824322758907,0.0001535736989111,1
2025-03-25 13:00:00+00:00,-0.0070270806755754,0.0097762121162687,0.0038672038618064,2.3691936984299127,0.0034929501615386,0.000157966695807,0
2025-03-25 14:00:00+00:00,0.0036413332706044,-0.0031823864898228,0.003840904976555,2.10926153375638,0.0035033337551193,0.0001600423731402,1
2025-03-25 15:00:00+00:00,-0.0007726168767351,-0.0037668758807598,0.003829421513057,1.9773321317799084,0.0035143532888629,0.0001593400618592,0
2025-03-25 16:00:00+00:00,-0.000628558003034,0.0061332763519409,0.0038554031698381,2.079287880145816,0.003525926339543,0.0001584565722914,0
2025-03-25 17:00:00+00:00,0.0019164540917681,-0.0001190705128239,0.0038475633835712,1.953153918690666,0.003535899792193,0.0001595693961421,0
2025-03-25 18:00:00+00:00,-0.0014019640718642,0.0013286215726277,0.003858083841882,1.962409014414693,0.0035469347849742,0.0001585546410673,0
2025-03-25 19:00:00+00:00,0.0045962344452483,0.0081668741996809,0.0038718842929811,1.982297496265798,0.0035575911153897,0.0001585499543753,0
2025-03-26 13:00:00+00:00,-0.0159507157745114,-0.0293335513108513,0.0038204126884938,1.6253913251948309,0.0035677548628835,0.0001554443054383,0
2025-03-26 14:00:00+00:00,-0.0005393513899724,-0.0018094278763104,0.0038155635522089,1.5426779725005488,0.0035759562281262,0.0001553190804262,0
2025-03-26 15:00:00+00:00,-0.0011964081816833,-0.0002112411725651,0.0038193243717552,1.5278045958364264,0.0035850081072041,0.0001533679537223,0
2025-03-26 16:00:00+00:00,-0.0026095273778674,-0.014658760192534,0.0037735805854085,1.2021378653576107,0.0035931626012283,0.0001500809427765,0
2025-03-26 17:00:00+00:00,0.0003157061675979,0.0029673195361276,0.0037835999399927,1.244375139905256,0.003601563858545,0.0001462871409192,0
2025-03-26 18:00:00+00:00,-0.0036107356057546,-0.0074502287247918,0.0037691006867614,1.1071431491803727,0.0036065904070459,0.0001467834397347,0
2025-03-26 19:00:00+00:00,0.0050523609995091,0.0136166311298633,0.0038015189042299,1.285473010663855,0.0036131700695692,0.0001465210339681,0
2025-03-27 13:00:00+00:00,-0.002466950468691,0.0011981024751454,0.003815477235668,1.3350832998473554,0.003619737209035,0.0001466125946264,0
2025-03-27 14:00:00+00:00,0.0095364631356145,-0.0005152673874551,0.0037773171951983,1.0397969777675131,0.0036250931289183,0.0001463978733683,0
2025-03-27 15:00:00+00:00,-0.00339582134115,-0.0214336321568724,0.0037097934830111,0.555876562460257,0.0036288477678743,0.0001456181472709,0
2025-03-27 16:00:00+00:00,-0.0018006461636993,-0.0066861518119281,0.0036917134669677,0.4128224896390183,0.003631846885954,0.0001450177316308,0
2025-03-27 17:00:00+00:00,0.0014863713462051,0.0129607229499346,0.0037343174443779,0.680515010651304,0.0036372399235911,0.0001426530190626,0
2025-03-27 18:00:00+00:00,0.0035164337535121,0.0086304406646434,0.0037534636848722,0.7867982912015034,0.0036420502415609,0.0001416035654337,0
2025-03-27 19:00:00+00:00,-0.0011227809302976,-0.0092182729485411,0.0037232002136964,0.5480842741908656,0.0036467426730928,0.0001394996065459,0
2025-03-28 13:00:00+00:00,-0.0250825860025936,-0.0745822376790887,0.0035433900823955,-0.7503953102938443,0.0036475245000782,0.0001387727458503,0
2025-03-28 14:00:00+00:00,-0.0096477472452046,0.0058270914313456,0.0035986499382107,-0.3685630191859209,0.0036492999794755,0.0001374257281065,0
2025-03-28 15:00:00+00:00,-0.0017883117430801,-0.0166773488132621,0.0035454664140976,-0.7701728048733061,0.0036504217177111,0.0001362750060108,0
2025-03-28 16:00:00+00:00,-0.0029354228969996,-0.018002035322992,0.0034924486477636,-1.1619863405899742,0.0036505778572288,0.0001360852567207,0
2025-03-28 17:00:00+00:00,0.0015341990254612,0.0008711489405468,0.0034901337469235,-1.1730400681801654,0.0036502270426306,0.0001364772611351,0
2025-03-28 18:00:00+00:00,-0.0013299071137081,-0.0016746838694922,0.0034889306373471,-1.1716293878552773,0.0036496037719706,0.0001371364838481,0
2025-03-28 19:00:00+00:00,-7.859756220136799e-05,-0.0096233485145743,0.0034557880836471,-1.384407476329886,0.0036480059705995,0.0001388448778548,1
2025-03-31 13:00:00+00:00,-0.0142159598599895,-0.0171021870385918,0.0034458282742069,-1.460096686797721,0.0036481765527372,0.0001385855336567,0
2025-03-31 14:00:00+00:00,0.0107245905785924,0.021375369727038,0.003482725171697,-1.212293467213357,0.0036491111420652,0.0001372489210477,0
2025-03-31 15:00:00+00:00,3.349581924764501e-05,0.0061564125442432,0.0035041150252196,-1.0697306232552328,0.0036498895706739,0.0001362722000148,0
2025-03-31 16:00:00+00:00,-0.0024851026614875,-0.011224257447402,0.0034736254422667,-1.3065184687634666,0.0036505012597552,0.0001353795003417,1
2025-03-31 17:00:00+00:00,-0.0073060523068558,0.0102127715764107,0.0035350154448597,-0.8610512902861428,0.0036510823687432,0.0001347967597201,0
2025-03-31 18:00:00+00:00,0.0082590240027815,-0.0141693203882796,0.0034566134015735,-1.4173112890621224,0.0036497914047761,0.0001362989236687,1
2025-03-31 19:00:00+00:00,-0.0096633619854609,0.0006504065269934,0.0034924485923053,-1.1424126290640246,0.0036490280534227,0.000137060338037,0
2025-04-01 13:00:00+00:00,0.0124879672764364,-0.0082000164601777,0.0034209391165057,-1.6300651035965297,0.0036475704876829,0.0001390320979678,1
2025-04-01 14:00:00+00:00,0.0064831094900895,0.0516132339230362,0.0035788632901747,-0.502223907599976,0.0036484010292223,0.0001384596352251,1
2025-04-01 15:00:00+00:00,0.0132269827943924,-0.0038590939717871,0.0035182339906683,-0.9421838975424098,0.0036485497370618,0.0001383124321413,1
2025-04-01 16:00:00+00:00,-0.0008725803293129,0.0017150848958182,0.0035273497916538,-0.8698254988055542,0.0036480154161244,0.0001387239447868,1
2025-04-01 17:00:00+00:00,-0.000662367676239,-0.023006127291678,0.0034494095177731,-1.3905152621839252,0.0036454355538669,0.0001409736674058,1
2025-04-01 18:00:00+00:00,-0.0002104240483633,0.0201904166665169,0.0035205030905211,-0.8812729833094415,0.0036450295409831,0.0001413029252234,1
2025-04-01 19:00:00+00:00,-0.0034677675606862,0.0209679181180562,0.0036075886620895,-0.2838305122880591,0.0036472240886833,0.0001396446994873,0
2025-04-02 13:00:00+00:00,0.0075044345602835,-0.0020934361013068,0.0035731291263256,-0.5321047413173762,0.0036473853440171,0.0001395518812848,0
2025-04-02 14:00:00+00:00,0.0048276471510288,0.0317128696989807,0.0036704965050885,0.1513508659996979,0.003649468264852,0.0001389370328187,0
2025-04-02 15:00:00+00:00,0.0109128544166483,-0.0123528140203633,0.0035860856948987,-0.4589201544242922,0.0036497724214655,0.0001387751789779,0
2025-04-02 16:00:00+00:00,0.0018107447293346,-0.0070261440719992,0.0035545354626424,-0.680676919632623,0.0036492140823335,0.0001390947995449,0
2025-04-02 17:00:00+00:00,-0.0043853359163301,-0.0159068833241155,0.0035138167356054,-0.964109218519648,0.003648493905978,0.0001396907816931,1
2025-04-02 18:00:00+00:00,-0.0032797200904736,0.0077555701118354,0.0035528074643214,-0.6867024553480359,0.0036486533083753,0.0001395740517708,0
2025-04-02 19:00:00+00:00,0.0066255956489317,0.0200634474320136,0.0036008717817586,-0.3449574532864343,0.0036489726932621,0.0001394401281819,0
2025-04-03 13:00:00+00:00,-0.0545297056171126,-0.0593351243563718,0.0035836095942587,-0.4773967244381202,0.0036498823239597,0.0001388210817302,0
2025-04-03 14:00:00+00:00,-0.0095758318578157,-0.0144151794288057,0.0035663091570514,-0.6021466178708983,0.00364989507809,0.000138813236773,0
2025-04-03 15:00:00+00:00,0.006561473799881,0.0006878368767947,0.0035454233497778,-0.7435033900940979,0.003649005523785,0.0001393163439296,0
2025-04-03 16:00:00+00:00,-0.0034178768875043,-0.0320367295445555,0.0034453955686147,-1.416258565881352,0.003646121869147,0.0001417299816346,0
2025-04-03 17:00:00+00:00,0.0007958160234777,-0.0151318432538689,0.0033909532026038,-1.7205163109399284,0.003640227452667,0.0001448833983602,0
2025-04-03 18:00:00+00:00,0.0022813414149991,0.0071829068434181,0.0034076149826348,-1.5418208115967735,0.0036354443162092,0.0001477664147875,0
2025-04-03 19:00:00+00:00,0.0007561505442632,0.0139305131036618,0.0034528051601571,-1.1963939763768454,0.0036316831229327,0.0001495142622811,0
2025-04-04 13:00:00+00:00,0.0148073985922052,-0.0317668613894345,0.003295680694164,-2.120157331073517,0.0036243688564855,0.0001550300807889,1
2025-04-04 14:00:00+00:00,-0.0071925215822083,0.0145565390820863,0.0033681437993849,-1.585551602142962,0.0036179369418237,0.0001575433698285,1
2025-04-04 15:00:00+00:00,0.0018298154506244,-0.015952427463025,0.0033087800229899,-1.870933794903156,0.0036101023028027,0.0001610544855374,1
2025-04-04 16:00:00+00:00,0.0062239620470052,0.0233748168513729,0.0033660178646552,-1.461168042624647,0.0036028231836861,0.0001620657666489,0
2025-04-04 17:00:00+00:00,0.0117093529492801,0.0334106013705513,0.0034398630225282,-0.9762938474052236,0.0035957008363648,0.000159621833376,0
2025-04-04 18:00:00+00:00,-0.0053375349631779,0.0169982275676833,0.0035175594606197,-0.4644749354125184,0.0035903117444325,0.000156633390235,0
2025-04-04 19:00:00+00:00,0.0002685273155154,-0.0064840067119553,0.0034938870350464,-0.5901353061976377,0.0035847195031324,0.0001539180373246,0
2025-04-07 13:00:00+00:00,-0.0698142962285328,-0.0861777805495049,0.0034371800962137,-0.9315860492307152,0.003577749118572,0.000150892150515,0
2025-04-07 14:00:00+00:00,0.0092039355814544,-0.0138160159652811,0.0033589601408831,-1.4112695589129396,0.0035696057311938,0.0001492596428374,1
2025-04-07 15:00:00+00:00,-0.0056181408145107,-0.0038141976981092,0.0033650249825776,-1.3389161597869788,0.0035613880835388,0.0001466582500523,1
2025-04-07 16:00:00+00:00,-0.0153322621506357,0.0215138434121647,0.0034913256024326,-0.4515062825068827,0.0035550454386963,0.0001411272417072,0
2025-04-07 17:00:00+00:00,0.0219891524031501,0.0066435779967271,0.0034381581912031,-0.8035982330662993,0.0035486745304081,0.0001375268569011,0
2025-04-07 18:00:00+00:00,-0.0094427791772897,-0.0050617524859038,0.0034532538972087,-0.669503873623227,0.0035426360361581,0.0001335050362975,0
2025-04-07 19:00:00+00:00,-0.0011154139046185,-0.0087453969309069,0.0034270058918443,-0.8439438393598689,0.0035360973948262,0.0001292639366438,0
2025-04-08 13:00:00+00:00,0.0215507800656983,0.0389359879242061,0.0034871060144266,-0.3520959562122056,0.0035313228186432,0.0001255816871408,0
2025-04-08 14:00:00+00:00,-0.017774321448547,-0.0391597926162732,0.003413324349046,-0.916452810935754,0.0035251515587941,0.0001220217870617,0
2025-04-08 15:00:00+00:00,-0.0005638333972967,-0.0108456930330836,0.0033784088330105,-1.176690171663043,0.0035186400278983,0.0001191742722636,0
2025-04-08 16:00:00+00:00,-0.0135770027364189,-0.0476104583401518,0.0032653644624367,-2.0760280486868954,0.003509704120535,0.0001176957403118,0
2025-04-08 17:00:00+00:00,-0.001714455705735,7.91183046886834e-05,0.0032712263906006,-2.0006874001261994,0.0035006332731172,0.0001146640312235,0
2025-04-08 18:00:00+00:00,-0.000884582835538,-0.0369405925747283,0.0031553800485157,-2.8547496828290875,0.0034902676540059,0.0001173089211654,1
2025-04-08 19:00:00+00:00,-0.0057152189777732,-0.0238373077811665,0.0030987129846775,-3.0694171193398336,0.0034800829790336,0.0001242483440758,1
2025-04-09 13:00:00+00:00,0.0120707795701679,0.0482256232032444,0.0032127963747123,-2.0613107969014037,0.003472101027496,0.0001257959998916,1
2025-04-09 14:00:00+00:00,-0.0097000329452232,-0.0045856414692425,0.0032292699633877,-1.8776151954084797,0.0034636835694795,0.0001248464577114,1
2025-04-09 15:00:00+00:00,0.0018647792871571,0.0025972416241007,0.0032316361484766,-1.8237024095016692,0.003454986443873,0.0001224708012845,1
2025-04-09 16:00:00+00:00,0.0135043833836646,0.0831247212933766,0.0034646405656648,0.1190266347010602,0.0034506771164058,0.0001173136524791,0
2025-04-09 17:00:00+00:00,0.0495917773805926,0.0993974900817174,0.0036415689066942,1.586426786759249,0.0034523134301441,0.0001192966975404,0
2025-04-09 18:00:00+00:00,-0.003836701276285,0.0012840560677836,0.0036602643239117,1.7124789732770676,0.0034533403365724,0.000120833009087,0
2025-04-09 19:00:00+00:00,0.004964448485001,-0.0119728492095277,0.0035987913995916,1.1877116871530526,0.0034542290863307,0.0001217149875888,0
2025-04-10 13:00:00+00:00,-0.0167399786254949,-0.0632957993242528,0.003435086976627,-0.1495136215141308,0.0034532730584784,0.0001216349498275,0
2025-04-10 14:00:00+00:00,0.0045901365021659,-0.0195034685907178,0.0033533124252442,-0.7992603176650621,0.0034509927031171,0.0001222133461576,1
2025-04-10 15:00:00+00:00,-0.0324487874922208,-0.033236557004041,0.0033506718281795,-0.7982585935746502,0.0034486883896309,0.0001227879815393,1
2025-04-10 16:00:00+00:00,0.0096523127143637,0.033053034747587,0.0034300045698296,-0.148639501641236,0.0034482586644006,0.0001228078294763,1
2025-04-10 17:00:00+00:00,-0.0007543426238427,0.0186434852114215,0.003497188714552,0.3909428360156111,0.0034491146717397,0.000122969494216,1
2025-04-10 18:00:00+00:00,0.0019662602325829,-0.0309642024983231,0.0033839002304884,-0.5160804570037953,0.0034474675893862,0.0001231733502695,1
2025-04-10 19:00:00+00:00,0.0036455688202501,0.0116412349585713,0.0034110652233607,-0.2832681331661743,0.0034459167593553,0.0001230337334629,1
2025-04-11 13:00:00+00:00,0.0369616030356414,0.0242112070841524,0.0033678488893129,-0.6184180375792022,0.003444153816806,0.0001233872928283,1
2025-04-11 14:00:00+00:00,-0.0110163997840945,0.0324265096547049,0.0035173826166957,0.5968328892715058,0.0034438599363366,0.000123188050928,1
2025-04-11 15:00:00+00:00,0.0072090985471552,0.0107052824425342,0.0035297015552432,0.6842314427099592,0.0034450780722311,0.0001236766943608,1
2025-04-11 16:00:00+00:00,0.0036955728515473,0.0176024937992379,0.0035791317499888,1.0630731762561958,0.0034465227915259,0.0001247411386391,0
2025-04-11 17:00:00+00:00,0.01273660081198,0.0192532516743712,0.0036025318643713,1.21123364373022,0.0034495493373236,0.0001263030694693,0
2025-04-11 18:00:00+00:00,-0.0032455540518226,-0.0011759907797659,0.0036099952523171,1.260202666948889,0.0034500682033593,0.0001269058169389,1
2025-04-11 19:00:00+00:00,0.0033267071639841,-0.0068345677405301,0.003573498837233,0.9600493015287374,0.0034509892841354,0.0001276075644266,1
2025-04-14 13:00:00+00:00,0.0072196876213906,0.0362448672322411,0.0036787402194569,1.724501684146,0.0034535124579321,0.0001306045471543,0
2025-04-14 14:00:00+00:00,0.0116435348221122,-0.0139358874063789,0.0035858334861316,0.9873407010298416,0.0034557861907381,0.0001317147113026,1
2025-04-14 15:00:00+00:00,-0.0157504656095518,-0.0081457767876244,0.0036132065839882,1.1717840409747382,0.0034573312489625,0.0001330239443233,1
2025-04-14 16:00:00+00:00,0.0030051313094314,0.0072479034593607,0.003628569163171,1.2805173333147537,0.0034576809239806,0.0001334524998174,1
2025-04-14 17:00:00+00:00,0.0059915893976416,0.0102210944990114,0.0036439487159791,1.3730799092072656,0.0034588612504748,0.0001347973007711,1
2025-04-14 18:00:00+00:00,0.0007785077786443,0.0099106752655076,0.0036773782758113,1.6179960406905984,0.0034589759466535,0.000134983228429,0
2025-04-14 19:00:00+00:00,-0.0006980618097124,-0.0033687903545629,0.0036675700999974,1.5161806957198742,0.0034603340200718,0.0001366829695897,0
2025-04-15 13:00:00+00:00,0.0089247266154187,-0.0008769646328954,0.0036317973135496,1.2336605163167895,0.0034616217175869,0.0001379436187766,1
2025-04-15 14:00:00+00:00,-0.0055125668542877,0.002433735830506,0.0036607716412196,1.4032739326621655,0.0034640709660138,0.0001401726851952,1
2025-04-15 15:00:00+00:00,-0.0044569883007103,0.0015584558708149,0.0036828591752118,1.5195757479902672,0.0034662384945287,0.0001425533942415,1
2025-04-15 16:00:00+00:00,0.0002850280252327,-0.0036293281121225,0.003668471330741,1.397577115291345,0.0034673651536784,0.000143896300864,1
2025-04-15 17:00:00+00:00,-0.0036053093727586,-0.0121903083348056,0.0036371123093595,1.1661943530214227,0.0034682568655967,0.0001447918550842,1
2025-04-15 18:00:00+00:00,-0.0037707068980098,0.0012679320067474,0.0036554846518727,1.269892221712865,0.0034697431238438,0.0001462655844749,1
2025-04-15 19:00:00+00:00,-0.0021819609539936,0.0094429232800433,0.003698227194984,1.5172542398298805,0.0034722898545972,0.0001489119848576,1
2025-04-16 13:00:00+00:00,-0.0024360677263573,0.0113533922340718,0.0037495769800421,1.778038269109746,0.0034773595447877,0.0001530998741611,0
2025-04-16 14:00:00+00:00,0.0088465903087047,0.0103445510336455,0.003755197908007,1.733293451297664,0.0034834302898777,0.0001567926180796,0
2025-04-16 15:00:00+00:00,0.0038769736236393,-0.0087597043636981,0.0037080432478844,1.380210683171847,0.0034884374276319,0.0001591103611427,0
2025-04-16 16:00:00+00:00,0.002167919124839,0.0087124137596593,0.0037323900990455,1.4760710508355113,0.0034930971766133,0.0001621147723862,0
2025-04-16 17:00:00+00:00,-0.0202263769031212,-0.0183088272391461,0.003739554008807,1.4659163405998776,0.0035004950651907,0.0001630781627814,0
2025-04-16 18:00:00+00:00,0.0080753785779631,-0.0114732649194822,0.0036671607015344,0.9886795431973552,0.0035054786802265,0.0001635332928857,0
2025-04-16 19:00:00+00:00,0.0041123435136803,0.011312798098737,0.0036936612190116,1.1135332714236996,0.0035118933668269,0.0001632352232747,1
2025-04-17 13:00:00+00:00,0.000281879992363,-0.0146570839379558,0.0036388918645765,0.751677823925014,0.0035164412668256,0.000162903033525,1
2025-04-17 14:00:00+00:00,-0.0039413957086582,0.0082518920119433,0.0036835335313139,0.9941206663109824,0.003520502441972,0.0001639952722709,1
2025-04-17 15:00:00+00:00,0.0050845784895647,0.0130132078237401,0.0037128549892061,1.140081059699694,0.0035237573674485,0.0001658633130941,1
2025-04-17 16:00:00+00:00,0.0050421146711515,-0.0050050917839935,0.0036757379421443,0.8920957973032783,0.0035267882159001,0.0001669660665306,0
2025-04-17 17:00:00+00:00,0.0025546346145258,0.0164411346530659,0.003727137128662,1.1602134368912087,0.0035316208331076,0.0001685175238776,0
2025-04-17 18:00:00+00:00,-0.0005682957229,-0.0064013888015536,0.0037054596756387,0.9977822380838928,0.0035373958253535,0.0001684374043458,0
2025-04-17 19:00:00+00:00,-0.0023802155636381,0.0062595393937435,0.0037376126360849,1.149041307869397,0.0035436056195786,0.0001688425082523,0
2025-04-21 13:00:00+00:00,0.0254021029112117,0.0332411148581741,0.003767026965205,1.278701518622838,0.0035482006422915,0.000171131667341,0
2025-04-21 14:00:00+00:00,0.0124166740605272,-0.0224922848172647,0.003637792814455,0.5047789683504003,0.0035515278860124,0.0001708964395337,0
2025-04-21 15:00:00+00:00,-0.0010863115060176,-0.0062212271065776,0.0036191609328895,0.3801864052784225,0.0035542930032737,0.0001706213812887,1
2025-04-21 16:00:00+00:00,-0.0113136755688956,-0.0117389407371972,0.0036176221570234,0.3538686629087463,0.0035574699410267,0.0001699845798783,1
2025-04-21 17:00:00+00:00,-0.0032582505268596,-0.0003491875563102,0.0036281613698662,0.4020731043033945,0.0035598208636173,0.0001699703499623,1
2025-04-21 18:00:00+00:00,0.000308226523285,0.0063622252389213,0.0036501928762056,0.5106020761821659,0.0035637686724033,0.0001692594053835,1
2025-04-21 19:00:00+00:00,0.0063662415902677,0.0022692223042045,0.0036352685590775,0.4007489688841877,0.0035680496678378,0.0001677331608036,1
2025-04-22 13:00:00+00:00,0.0307003679336962,0.0684512639937435,0.0037751264761978,1.2033000380173613,0.0035765457014005,0.0001650301408819,0
2025-04-22 14:00:00+00:00,0.0081224061396253,0.0148152467474115,0.0038004775366491,1.323271482880562,0.0035853665538346,0.0001625599777501,0
2025-04-22 15:00:00+00:00,0.0001116265791096,3.5888662059503526e-05,0.0038001897072967,1.318494771739628,0.003596113381481,0.0001547797762947,0
2025-04-22 16:00:00+00:00,-0.0015180016107019,-0.0089997406050865,0.0037718637755236,1.1588152688415911,0.0036073325613284,0.0001419822629362,0
2025-04-22 17:00:00+00:00,0.0085665473029942,0.0136511660933723,0.0037910911053484,1.2978689544766429,0.003616970806839,0.000134158612785,0
2025-04-22 18:00:00+00:00,0.0004544282522728,-0.0067799216092175,0.0037637639920667,1.099203319468984,0.0036258790406503,0.0001254408069682,0
2025-04-22 19:00:00+00:00,-0.0014620265886017,-0.0043353093045406,0.003752965155526,1.0267119370961937,0.0036345678574345,0.0001153169587434,0
2025-04-23 13:00:00+00:00,0.0175688454748247,0.0155957899635593,0.0037455676471894,0.9326425420514186,0.0036392499754599,0.0001139961635201,0
2025-04-23 14:00:00+00:00,-0.0007214615626363,-0.0222354418626082,0.0036658462161711,0.2296551363377251,0.0036396545972845,0.0001140476076618,1
2025-04-23 15:00:00+00:00,0.0014979611602802,0.0199752419774869,0.0037342107363426,0.8138320690308941,0.0036408870374917,0.000114671935897,0
2025-04-23 16:00:00+00:00,0.0061392573080664,0.0040765796342758,0.0037265162016281,0.7256987031485775,0.0036430157841923,0.0001150621009428,0
2025-04-23 17:00:00+00:00,0.0027400568119709,0.0019033229771375,0.0037233994035832,0.6735055038465928,0.0036478209913082,0.0001122164731294,1
2025-04-23 18:00:00+00:00,-0.0023503636693286,-0.0135162783610729,0.0036820554943156,0.2727899250480614,0.0036533000424594,0.0001054124409146,1
2025-04-23 19:00:00+00:00,-0.0010485890557149,0.0017229925077021,0.0036922747666708,0.3405233760817064,0.0036589934247676,9.773585087228153e-05,1
2025-04-24 13:00:00+00:00,-0.0095778632319236,0.0043307610805941,0.0037439880257479,0.852290149508593,0.0036642264823662,9.358496449553092e-05,0
2025-04-24 14:00:00+00:00,0.0041221747156803,-0.0003169104459065,0.0037274049780695,0.6498754494816479,0.0036680634200915,9.131220147687378e-05,0
2025-04-24 15:00:00+00:00,0.0019866013269202,0.0064345570332429,0.0037440212371085,0.8343190238213677,0.0036740654368685,8.384778273366055e-05,1
2025-04-24 16:00:00+00:00,0.0023447832730313,-0.0082226202695582,0.003704664966861,0.336104521433178,0.0036789587659269,7.648275847202811e-05,1
2025-04-24 17:00:00+00:00,-0.0051389401529954,-0.0009678535027009,0.0037201497171154,0.5448058716719778,0.0036848304463902,6.482909337363216e-05,1
2025-04-24 18:00:00+00:00,0.0042065039216608,-0.0003902270061023,0.003703088432963,0.2484889693821933,0.003687925543328,6.102037314856457e-05,1
2025-04-24 19:00:00+00:00,0.0028544185878679,0.0126112591543369,0.0037393957105414,0.8311662612919568,0.0036914204459163,5.77204187167848e-05,1
2025-04-25 13:00:00+00:00,0.0087028776546903,0.0403902470305114,0.0038597846548677,2.7371975973638354,0.003696097994331,5.980081989490181e-05,0
2025-04-25 14:00:00+00:00,0.0107824401023536,0.0075156893079697,0.0038471962730284,2.3856769681190912,0.0037001757344753,6.162633940713221e-05,1
2025-04-25 15:00:00+00:00,-0.0037728678261482,0.0011699768721115,0.003866259441057,2.5243390453447185,0.0037044468042876,6.410099192809972e-05,0
2025-04-25 16:00:00+00:00,0.0013566360203508,0.003201818005494,0.0038733999790977,2.507085384563093,0.003709445156652,6.53965849967447e-05,0
2025-04-25 17:00:00+00:00,-0.0076239838810516,0.0082560065945622,0.0039354005149279,3.1018352247182324,0.0037137228282432,7.14666223783342e-05,0
2025-04-25 18:00:00+00:00,0.0048301921115624,-0.0113765406183307,0.0038721345823973,2.1239904979863296,0.003718494513181,7.233557276364386e-05,0
2025-04-25 19:00:00+00:00,0.0028888087285301,0.002226021131164,0.0038695690299229,1.995352780158405,0.0037227672206132,7.357185695154705e-05,0
2025-04-28 13:00:00+00:00,-0.0125679051409378,-0.012689643452371,0.003869097983796,1.900329309883134,0.0037267760342903,7.489330863103889e-05,0
2025-04-28 14:00:00+00:00,0.0035058689917389,-0.0240426092963765,0.0037639649977511,0.4739630507981004,0.0037287763056532,7.424353446685086e-05,1
2025-04-28 15:00:00+00:00,-0.0069345209964116,0.0116387812656936,0.0038345275184005,1.3720608360152124,0.0037313954596963,7.51658060612603e-05,1
2025-04-28 16:00:00+00:00,-0.0007057154786369,-0.0052592137468684,0.0038171066969269,1.1023537489792812,0.0037338877363118,7.549206476794489e-05,1
2025-04-28 17:00:00+00:00,0.004188906682501,0.0096251985689535,0.0038379141094331,1.3330851565762305,0.0037373230162432,7.545736496557301e-05,1
2025-04-28 18:00:00+00:00,0.0013232201144856,0.0136597002421132,0.0038855537088789,1.872691817180179,0.0037410693840375,7.715328465470318e-05,1
2025-04-28 19:00:00+00:00,0.0062899783375077,0.008260237447852,0.0038932168031343,1.8764254468638104,0.0037445753445029,7.921522215541258e-05,1
2025-04-29 13:00:00+00:00,0.0013498838899871,0.0116595520524248,0.003933562192893,2.2444392912279367,0.0037489935255388,8.223375347045845e-05,1
2025-04-29 14:00:00+00:00,0.0012752689167482,0.0102805000009312,0.0039691448037792,2.5049581382646733,0.0037545274004457,8.567704188548237e-05,1
2025-04-29 15:00:00+00:00,-0.0024921169189345,0.0074707449124475,0.0040088864867715,2.737945058800948,0.0037604174310274,9.075019783374466e-05,1
2025-04-29 16:00:00+00:00,0.0016593600598411,0.0014060637250701,0.0040078711791102,2.5287173650976147,0.0037655781640962,9.581656627910928e-05,1
2025-04-29 17:00:00+00:00,0.0031964677513409,0.0079782466270019,0.0040270818267805,2.529409118807933,0.0037702032448751,0.0001015567548939,0
2025-04-29 18:00:00+00:00,0.0013158289512416,-0.0051590089194817,0.0040010913576976,2.1433050286832973,0.0037743014690366,0.0001058131650072,1
2025-04-29 19:00:00+00:00,-0.0006488101219891,-0.0007073237804931,0.0040008572460537,2.0263359653746766,0.0037791817023395,0.0001093972310131,1
2025-04-30 13:00:00+00:00,-0.0242315951545245,-0.0151308281596534,0.0040374343028109,2.217471219999124,0.0037842657724022,0.0001141699283965,0
2025-04-30 14:00:00+00:00,0.0079207980673846,0.012338706783223,0.0040553107782493,2.228991808102656,0.0037895283852263,0.0001192388379611,0
2025-04-30 15:00:00+00:00,0.0022075306505539,-0.0023841351354458,0.0040367328310001,1.970668120218468,0.0037956879207174,0.00012231633922,1
2025-04-30 16:00:00+00:00,-0.0008466059637422,0.0026403496108963,0.0040508333086308,1.9792028705793412,0.0038016407888777,0.0001259054963275,1
2025-04-30 17:00:00+00:00,0.0016335574916526,-0.0012977864476234,0.0040389763099236,1.806020358897643,0.0038083088629668,0.0001277213990531,1
2025-04-30 18:00:00+00:00,-7.720612778078311e-05,-0.0059898300822147,0.0040151658224376,1.555931789898391,0.0038138360678189,0.0001293949747192,1
2025-04-30 19:00:00+00:00,0.0014232871420049,0.0052792858844746,0.004030678185405,1.6065537706049473,0.0038191331210888,0.0001316763050118,0
2025-05-01 13:00:00+00:00,0.0174474301798176,0.0377765145210721,0.0041134567374555,2.1157559267850887,0.003826428434344,0.000135662294255,0
2025-05-01 14:00:00+00:00,0.0100343198173649,0.0160357197528544,0.0041382174616418,2.165070802674941,0.003833279773227,0.0001408442107472,0
2025-05-01 15:00:00+00:00,0.0006543027207027,-0.0089462134294606,0.0040986785387932,1.7986488674643302,0.0038398334209463,0.0001439108669452,0
2025-05-01 16:00:00+00:00,0.001861150323876,-0.0100691580493257,0.0040500705704673,1.4063319916668326,0.003845041053186,0.0001457902675159,0
2025-05-01 17:00:00+00:00,-0.003083588213098,-0.0170790253932121,0.0039937828664994,0.9883581444668954,0.0038488203182075,0.0001466700599407,1
2025-05-01 18:00:00+00:00,0.0008579678965823,-0.0023951454222773,0.0039808117479622,0.8709750380982434,0.0038545373004327,0.0001449805585762,1
2025-05-01 19:00:00+00:00,-0.0036472500597461,-0.0104378020278858,0.0039538714123086,0.6594020177338629,0.003860115808423,0.0001421827676655,1
2025-05-02 13:00:00+00:00,0.0024623088783104,0.0199464579612503,0.004023609367399,1.1187441666071791,0.0038668822619292,0.0001400919979274,1
2025-05-02 14:00:00+00:00,0.0104072027706391,0.0081831075349766,0.0040146704211934,1.025761703729463,0.0038733240794514,0.0001377964699092,1
2025-05-02 15:00:00+00:00,-0.0040429282286879,0.0062984257011733,0.0040564029625024,1.290488049381842,0.0038800942475563,0.0001366217339482,0
2025-05-02 16:00:00+00:00,4.355594418801108e-05,0.0033250046134018,0.0040697357039951,1.351825600649633,0.0038873353666383,0.0001349288970923,0
2025-05-02 17:00:00+00:00,0.0006175202001883,0.0073500639255376,0.0040972278196634,1.4952370624918931,0.0038927037223627,0.0001367837264278,0
2025-05-02 18:00:00+00:00,-0.0025236435292604,0.0002128231495427,0.0041084551016028,1.5149742339169854,0.0038978366817786,0.0001390244237221,0
2025-05-02 19:00:00+00:00,-0.0023673740510537,-0.0126105700382879,0.0040665861925965,1.1727789131098454,0.0039022766232003,0.000140102765798,0
2025-05-05 13:00:00+00:00,-0.0299551588679725,-0.0477511611895788,0.0039948573516024,0.6368309986773866,0.0039059931828016,0.0001395412110676,1
2025-05-05 14:00:00+00:00,-0.0024531436177045,0.0015175033397408,0.0040107510530479,0.7254528057563228,0.0039096541819299,0.0001393569234495,1
2025-05-05 15:00:00+00:00,-0.0019363097921153,0.0095313356914387,0.0040570096559336,1.02277283955321,0.003914541609661,0.0001392958834679,0
2025-05-05 16:00:00+00:00,0.0052054730608125,0.007397006759572,0.0040659104789752,1.0514466853919304,0.0039197573650518,0.0001390019255887,0
2025-05-05 17:00:00+00:00,0.0033021580540322,0.006794397056197,0.0040801344323957,1.1168426506296936,0.0039253334781386,0.0001386058762797,0
2025-05-05 18:00:00+00:00,0.0022955799585095,0.011317352886849,0.004117111025173,1.349721817147681,0.0039328545582886,0.0001365144021111,0
2025-05-05 19:00:00+00:00,-0.0037953974158312,-0.0097913375212223,0.0040924989341071,1.1340297463502895,0.0039388260282514,0.0001355104717052,0
2025-05-06 13:00:00+00:00,-0.0078946799671217,-0.0159797020092868,0.0040595443886436,0.8628620194107249,0.003944376498035,0.0001334719665691,0
2025-05-06 14:00:00+00:00,0.005676654964034,0.0042199551115144,0.0040536351559654,0.792075135137895,0.0039498804272413,0.0001309910185553,0
2025-05-06 15:00:00+00:00,0.004238901457439,-0.0010747711706215,0.004032152591996,0.6038557198260281,0.0039557153788693,0.0001265819145485,1
2025-05-06 16:00:00+00:00,-0.0031176709237249,0.0037174628867406,0.00405980729865,0.8001006649873024,0.003961840921069,0.0001224425648772,0
2025-05-06 17:00:00+00:00,0.0028332501638518,0.0056023125722123,0.004071064737508,0.8659820407399534,0.0039672921995983,0.0001198322055513,0
2025-05-06 18:00:00+00:00,0.0054593374179316,0.0051188284919915,0.0040696787396126,0.8312140348504258,0.0039729967622907,0.0001163141781397,0
2025-05-06 19:00:00+00:00,-0.0010651464830837,-0.0041967758709379,0.0040569539491358,0.6978361946411287,0.0039782123074912,0.0001128368551951,0
2025-05-07 13:00:00+00:00,0.0215317840314706,0.0255407092083623,0.0040732506182015,0.8261339507264249,0.0039843554016802,0.0001076038776074,0
2025-05-07 14:00:00+00:00,-0.0007886905254648,-0.0013168220407468,0.0040710999741418,0.789901948606646,0.0039902045726306,0.0001024119533492,0
2025-05-07 15:00:00+00:00,0.0003354507535081,-0.007005373236165,0.0040413241689721,0.4767066854888278,0.0039958418348974,9.540947391579262e-05,1
2025-05-07 16:00:00+00:00,-0.0009266916825386,0.0007907193412187,0.0040482707470079,0.5283550428449114,0.0040009897521719,8.948716488331625e-05,1
2025-05-07 17:00:00+00:00,-0.0061698309821142,-0.002885119955081,0.0040615900095598,0.6513973704035881,0.0040043531747501,8.786777074989386e-05,1
2025-05-07 18:00:00+00:00,0.0027929692742338,-0.0035737978827414,0.0040358129570019,0.3312148863080184,0.0040074967861496,8.549184237419004e-05,1
2025-05-07 19:00:00+00:00,-0.0037061225717234,0.0071215723795265,0.0040797489420524,0.8183449239258435,0.0040110549444996,8.394259626276292e-05,1
2025-05-08 13:00:00+00:00,0.0316794690469934,0.0365063467789823,0.004099488994456,1.0234711303172828,0.0040148230947555,8.27242676344256e-05,0
2025-05-08 14:00:00+00:00,0.002021551875084,0.0156440171860982,0.0041557162484723,1.6332233278222832,0.0040184950236479,8.401865347302615e-05,0
2025-05-08 15:00:00+00:00,0.0134639096185113,0.0137631987331224,0.0041569601952495,1.5984533919751232,0.0040232421171955,8.365466189086584e-05,0
2025-05-08 16:00:00+00:00,0.0047498963314584,0.0061594179772449,0.0041628236519892,1.6210821047853743,0.0040281296942299,8.308891780474427e-05,0
2025-05-08 17:00:00+00:00,-0.0029001055956301,-0.0076037118243117,0.004143289345588,1.35322782740462,0.0040326995502598,8.172296865954349e-05,0
2025-05-08 18:00:00+00:00,0.0034803055322877,-0.0052335076628257,0.0041073423414129,0.927988714930285,0.0040384225059875,7.426796718167528e-05,0
2025-05-08 19:00:00+00:00,-0.0024291092602633,-0.004380289372438,0.0040993359901792,0.8109433800458643,0.0040428359805171,6.96719537421248e-05,0
2025-05-09 13:00:00+00:00,0.0252098602909473,-0.0022698803634017,0.0039882209980548,-0.9049237484358732,0.0040456878855359,6.350467382525726e-05,0
2025-05-09 14:00:00+00:00,-0.0056246009364685,-0.0024446132485767,0.004000923678204,-0.8231029679682728,0.0040484047116821,5.768541157778776e-05,1
2025-05-09 15:00:00+00:00,-0.0025595105928661,-0.0132465757248671,0.0039583932139823,-1.6616879674569558,0.0040496187034338,5.489928990167879e-05,0
2025-05-09 16:00:00+00:00,-0.0048220196714884,0.0089186582663917,0.0040131596223931,-0.7516580113040147,0.0040516177504215,5.116439584225907e-05,0
2025-05-09 17:00:00+00:00,0.0079973343981313,0.0070867684915972,0.0040095070392747,-0.8835793793135465,0.0040528834978612,4.909175067008345e-05,0
2025-05-09 18:00:00+00:00,0.0004698521232962,-0.0016931823686459,0.0040008437101706,-1.087463391699988,0.0040534118129677,4.834011259437672e-05,0
2025-05-09 19:00:00+00:00,-0.0011005032414763,0.007116123814693,0.0040338525759065,-0.4156595142558628,0.0040538279144533,4.805697418607537e-05,0
2025-05-12 13:00:00+00:00,0.0110635161307463,-0.0298168357113821,0.0038722724908243,-3.372046878271801,0.0040515679363152,5.317110110366027e-05,1
2025-05-12 14:00:00+00:00,-0.0140834710748872,0.011734991456073,0.0039735504072164,-1.427425037784931,0.0040506757459891,5.403109566609221e-05,0
2025-05-12 15:00:00+00:00,-0.0028112417895048,-0.0031672761251678,0.0039721359386515,-1.4294175239588702,0.0040501931556717,5.460770958224967e-05,0
2025-05-12 16:00:00+00:00,0.0029744326358634,0.0077945978569708,0.0039913285086758,-1.0719150604045264,0.004050034343382,5.476724497560468e-05,0
2025-05-12 17:00:00+00:00,-0.0026385519566583,-0.0131933659813008,0.0039494223235932,-1.7620008598825203,0.0040485674770617,5.6268504588111336e-05,1
2025-05-12 18:00:00+00:00,-0.0083407975994771,0.0053300552604869,0.0040037850407531,-0.7766362952638409,0.0040477087147701,5.655629834049652e-05,0
2025-05-12 19:00:00+00:00,0.0008778895440292,-0.0057747076336428,0.0039772378734045,-1.2132076466780366,0.0040467171321435,5.726905771595056e-05,1
2025-05-13 13:00:00+00:00,0.0192222183156397,0.0073572021266925,0.0039303267327103,-1.93203913747978,0.0040447086892115,5.9202711933902266e-05,1
2025-05-13 14:00:00+00:00,-0.0057163167171456,0.0032797257876597,0.0039658436353103,-1.292611564542583,0.0040434898113013,6.006922583779033e-05,1
2025-05-13 15:00:00+00:00,0.0045012780652695,0.0173205991143042,0.0040170103184663,-0.4414329242142654,0.0040435205529018,6.005495508214975e-05,0
2025-05-13 16:00:00+00:00,0.0012343094972857,-0.0013819005815368,0.004006514710928,-0.607789781843855,0.0040431178283272,6.022331814813374e-05,1
2025-05-13 17:00:00+00:00,0.0048464755456393,0.0066037017982101,0.0040135612531306,-0.4677951450824305,0.0040414529035884,5.962364242342599e-05,0
2025-05-13 18:00:00+00:00,0.0008054298203759,0.005491720002353,0.0040324141062935,-0.124873261972835,0.0040396895143326,5.8262336741990885e-05,0
2025-05-13 19:00:00+00:00,0.0033036584390383,0.0018871719635439,0.0040267062897252,-0.2039898663336921,0.0040384899768482,5.776604169001094e-05,0
2025-05-14 13:00:00+00:00,-0.0081192959486623,-0.0109929589581819,0.0040151515030433,-0.3935524780021924,0.0040379079923911,5.782326530711819e-05,1
2025-05-14 14:00:00+00:00,-0.0057485561326073,0.0038410073837165,0.0040538402610771,0.2593785008535729,0.0040389089489674,5.756572753955439e-05,0
2025-05-14 15:00:00+00:00,0.0020559292964125,-0.003673162350383,0.0040306818404002,-0.1587206420386069,0.0040397401171747,5.707056535371087e-05,0
2025-05-14 16:00:00+00:00,-0.0010062016460541,-0.0088613178269521,0.0039991443935725,-0.7356547735808627,0.0040404946668624,5.62088017028394e-05,0
2025-05-14 17:00:00+00:00,-0.0013137694954885,-0.000278236185189,0.0040032877857448,-0.6540014053926279,0.0040401559738349,5.637325514302211e-05,0
2025-05-14 18:00:00+00:00,0.0015297931714353,0.0109000089745847,0.004040975752658,0.0067767948333986,0.0040405943960259,5.627389370229517e-05,0
2025-05-14 19:00:00+00:00,-0.0010415596351174,-0.0031038581880994,0.0040326506415935,-0.1341980853410144,0.0040401985240108,5.624433760033325e-05,0
2025-05-15 13:00:00+00:00,-0.0112244998465866,-0.0301694618181678,0.003956971362576,-1.424208950079399,0.0040383191183205,5.711785180111176e-05,0
2025-05-15 14:00:00+00:00,-0.0019721566444048,-0.0039167554131529,0.0039492841176623,-1.4997668668485489,0.0040358533899538,5.7721819440773807e-05,0
2025-05-15 15:00:00+00:00,0.0125010747609965,0.0020718741995256,0.0039083102751228,-2.097430373948406,0.0040325176428458,5.921882760245708e-05,0
2025-05-15 16:00:00+00:00,0.0053675691181542,0.0074453128768909,0.003916439184375,-1.8648597177207928,0.0040300151927088,6.090324502939268e-05,0
2025-05-15 17:00:00+00:00,0.00190826247166,-0.0148965568863987,0.0038511740516472,-2.714712177952549,0.0040276204710428,6.499636345564259e-05,0
2025-05-15 18:00:00+00:00,-0.0125963541400694,-0.0126278402740845,0.0038510527949738,-2.5257122090473905,0.0040249588334083,6.8854257350258e-05,1
2025-05-15 19:00:00+00:00,0.0052387065622378,0.0040255246011553,0.003846383600056,-2.4157880929105526,0.0040214483991436,7.24669517170793e-05,1
2025-05-16 13:00:00+00:00,0.0083180713104614,-0.0065195859263673,0.0037897335945952,-2.9063365076648453,0.0040168454510706,7.814368910018406e-05,1
2025-05-16 14:00:00+00:00,-0.0047937959174243,0.0180020022015944,0.0038771157859707,-1.7099687912746502,0.0040134618069635,7.973597043911379e-05,0
2025-05-16 15:00:00+00:00,0.0053175135893697,-0.0013455308342402,0.003851368264949,-1.9405517335771445,0.0040090327609598,8.124725215143614e-05,1
2025-05-16 16:00:00+00:00,0.0007757296026556,0.0121557532318431,0.0038954472611148,-1.3484769434237778,0.0040057485664099,8.179695309812671e-05,0
2025-05-16 17:00:00+00:00,-0.0033711147920916,-0.0037882429159,0.0038938226993561,-1.3193258029015498,0.0040029865382552,8.274213894622371e-05,1
2025-05-16 18:00:00+00:00,-0.0009213091126554,-0.0139046089965661,0.0038435947990597,-1.8345299314863013,0.0039994858656401,8.49760278667553e-05,1
2025-05-16 19:00:00+00:00,0.0023772820918866,0.0015773125360958,0.0038405212697645,-1.7843768438921084,0.0039962920102695,8.729699728970087e-05,1
2025-05-19 13:00:00+00:00,-0.0058764687500857,0.0021504480385558,0.0038714728711988,-1.377189385680229,0.0039931531031453,8.835402974477946e-05,1
2025-05-19 14:00:00+00:00,0.0085006695742658,0.0137941355910297,0.003892020717961,-1.106508984978547,0.0039901690361529,8.870087773737089e-05,1
2025-05-19 15:00:00+00:00,0.0051822992905205,0.0145266030096021,0.0039285593899878,-0.6701277465606772,0.0039878170469925,8.842740404164526e-05,0
2025-05-19 16:00:00+00:00,0.0049993551276576,-0.0018957322121249,0.0039015648018443,-0.9438082862021412,0.003985227227871,8.864345360146483e-05,1
2025-05-19 17:00:00+00:00,0.0004187235620535,-0.0034604223370375,0.0038864593797532,-1.0774393224987342,0.0039821140405635,8.877962666932666e-05,1
2025-05-19 18:00:00+00:00,-0.0061524819816777,-0.0013853653224543,0.003905030815939,-0.8392786617518898,0.0039793462212601,8.854675891082499e-05,1
2025-05-19 19:00:00+00:00,0.0070304313736523,0.0099899199929461,0.003916604828328,-0.6852141873013933,0.0039772675655827,8.853105843235694e-05,0
2025-05-20 13:00:00+00:00,-0.0097376385992353,-0.0038312968483731,0.0039398060847743,-0.4044057782044263,0.0039754598212121,8.816327154402203e-05,0
2025-05-20 14:00:00+00:00,0.0008856094214821,0.0004615126280339,0.0039381355798999,-0.4027824860899567,0.0039734022473845,8.755759920680492e-05,0
2025-05-20 15:00:00+00:00,0.0077874254653308,0.0028432436105602,0.0039187127759274,-0.6030768366522972,0.0039714505776999,8.744789812405206e-05,0
2025-05-20 16:00:00+00:00,-0.0014348725241148,0.0054541535713279,0.0039458020928718,-0.271210342213053,0.0039692181302136,8.633902804272338e-05,0
2025-05-20 17:00:00+00:00,0.0094453046596347,-0.0090750346837327,0.00387339705168,-1.07680951527659,0.0039654499311673,8.548668838946833e-05,0
2025-05-20 18:00:00+00:00,-0.008818681094673,0.0007757106513158,0.0039107387895633,-0.6172253335144969,0.0039613669735188,8.202544712024853e-05,0
2025-05-20 19:00:00+00:00,0.0165208595125493,0.0133417265842193,0.0038983257728731,-0.7502353423214497,0.0039570563998125,7.82829382013303e-05,0
2025-05-21 13:00:00+00:00,0.0038627615622876,-0.0112610393973066,0.0038398118614996,-1.4929269288868785,0.003951672869971,7.492731647281374e-05,0
2025-05-21 14:00:00+00:00,0.0131232869000584,0.0173164211274871,0.0038559465117796,-1.2704195075243696,0.0039468838227409,7.158053731282813e-05,0
2025-05-21 15:00:00+00:00,0.0012945365261079,-0.0030168010570082,0.0038393580096763,-1.4778583499154074,0.003942417417212,6.973564654664871e-05,0
2025-05-21 16:00:00+00:00,0.0022781083009281,-0.0467281829470405,0.0036557412477235,-3.672530422269325,0.0039350241715044,7.604645616749155e-05,0
2025-05-21 17:00:00+00:00,-0.026701789988455,-0.0079670017497849,0.0037248763797377,-2.5592159822483778,0.0039306350945324,8.039912075493849e-05,0
2025-05-21 18:00:00+00:00,0.0061121530498639,0.0032497630065923,0.0037142295755983,-2.5026141420572263,0.003925856859489,8.456249021142021e-05,0
2025-05-21 19:00:00+00:00,0.0162327439876924,0.0121244057382251,0.0036990015664905,-2.490144849159458,0.0039215336653641,8.936512225333805e-05,0
2025-05-22 13:00:00+00:00,0.0216396689638725,0.0228940184891608,0.0037036443185576,-2.291080211178365,0.0039163750769669,9.285172879208307e-05,0
2025-05-22 14:00:00+00:00,-0.0040427335420115,-0.0125120647571751,0.0036724093843278,-2.451706269751831,0.0039107567827178,9.721694696080358e-05,0
2025-05-22 15:00:00+00:00,0.0045552155456681,0.001155120683507,0.0036599440477208,-2.4098593450236976,0.0039050751216769,0.0001017200752659,0
2025-05-22 16:00:00+00:00,-0.0004018845001805,-0.0032302763220153,0.0036496069175264,-2.360785881974433,0.0038986710273706,0.000105500508007,0
2025-05-22 17:00:00+00:00,0.0031224534005821,-0.0052552272158935,0.0036191593942894,-2.469753239044334,0.0038944524757617,0.00011146582465,0
2025-05-22 18:00:00+00:00,0.0023816123697156,0.0005448407087925,0.003612517926175,-2.3634526191787466,0.0038884352677443,0.0001167433352927,0
2025-05-22 19:00:00+00:00,-0.0067239144194862,-0.0104030024104305,0.0035992515738586,-2.319075165634034,0.0038822205283311,0.0001220180176415,0
2025-05-23 13:00:00+00:00,-0.0126039098032562,-0.0390026063442755,0.0035054792036562,-2.825242271439961,0.0038741230399141,0.0001304822032377,0
2025-05-23 14:00:00+00:00,0.0008206258679512,-0.0231573130864307,0.0034224247538189,-3.107948994201667,0.0038653397470845,0.0001425103803479,0
2025-05-23 15:00:00+00:00,-0.0056433885854426,-0.0042416192045905,0.0034272255680781,-2.8166902990172877,0.00385573042254,0.0001521306245884,0
2025-05-23 16:00:00+00:00,-0.0011123862452684,0.011377651283284,0.0034703001858663,-2.3682457004234734,0.003847281461081,0.000159181657185,0
2025-05-23 17:00:00+00:00,0.0042657573417403,-0.0055929422894674,0.0034362556319625,-2.406434670704279,0.0038390469427352,0.0001673809456272,0
2025-05-23 18:00:00+00:00,-0.0064042583448764,0.002508764893822,0.003467019956168,-2.099219968160075,0.0038307332147495,0.0001732611465678,0
2025-05-23 19:00:00+00:00,0.0007584575828195,-0.0212094276257817,0.0033916873384313,-2.3743654456901915,0.0038203111650822,0.0001805214220198,0
2025-05-27 13:00:00+00:00,0.0095956699289433,-0.0053086892631746,0.0033415112620437,-2.4733066423261194,0.0038092277742675,0.0001891057518787,1
2025-05-27 14:00:00+00:00,-0.0053361818420591,0.0073648822274008,0.0033842226767071,-2.126340238018848,0.0037987387979938,0.0001949434591299,0
2025-05-27 15:00:00+00:00,0.0072368953538369,0.0008509957501271,0.0033626802276235,-2.1198869754419603,0.0037875765666826,0.0002004334872478,0
2025-05-27 16:00:00+00:00,0.0011897720158961,0.0045263988081882,0.0033739189758924,-1.9657238238216872,0.0037766967781187,0.0002049005040002,0
2025-05-27 17:00:00+00:00,0.0008719499525831,0.0027556984609166,0.003380280580681,-1.8484483994966123,0.0037661155960794,0.0002087345340575,0
2025-05-27 18:00:00+00:00,-0.0039908667285608,-0.0091032801635234,0.0033630432884525,-1.8502348834574616,0.0037546023132023,0.0002116266579182,1
2025-05-27 19:00:00+00:00,-0.0003172764893565,0.0072745870143813,0.0033886722166213,-1.66265779011698,0.003743902152806,0.0002136518640793,0
2025-05-28 13:00:00+00:00,-0.0164436209795244,-0.0283012910434711,0.0033487277516941,-1.7714781033938796,0.0037330618754413,0.0002169567453365,1
2025-05-28 14:00:00+00:00,-0.0049688163331106,-0.0059547734261077,0.0033454276769482,-1.7146689173900964,0.0037220975402947,0.0002196749818733,1
2025-05-28 15:00:00+00:00,-0.0039354817776638,0.0060928707869897,0.0033791455901552,-1.5086807118979946,0.0037110670375863,0.000220007749031,0
2025-05-28 16:00:00+00:00,0.0024150491163973,0.0062099733962243,0.0033919935549079,-1.4038281447226653,0.0037003894194749,0.000219682064166,1
2025-05-28 17:00:00+00:00,0.0030622017371403,0.0005625973904819,0.0033835255008756,-1.391778313434176,0.0036908319884466,0.0002208013191502,1
2025-05-28 18:00:00+00:00,-0.0021596226209363,0.0046328706325754,0.003406586306532,-1.2444080326539118,0.0036817870249277,0.0002211499051551,1
2025-05-28 19:00:00+00:00,-0.003174628605535,-0.0053190523490523,0.0033992889690602,-1.233885808484775,0.0036733033364933,0.0002220743326075,1
2025-05-29 13:00:00+00:00,0.0040436416765653,0.0013718929104515,0.0033902190446264,-1.231767038854221,0.0036645330008309,0.0002226995426502,1
2025-05-29 14:00:00+00:00,0.0019719291698552,0.0128994055304741,0.0034274687349854,-1.0295657536839455,0.0036574712455532,0.0002233975923779,1
2025-05-29 15:00:00+00:00,-0.0068471654776876,0.004402332070301,0.0034662437267854,-0.8277618587799404,0.0036510577610834,0.000223269570031,0
2025-05-29 16:00:00+00:00,-0.0021958860068224,0.0046378186600258,0.0034900121333554,-0.6964022749309823,0.0036451182366384,0.0002227248658806,0
2025-05-29 17:00:00+00:00,-0.0047424298323177,-0.0195853359450836,0.003438592761404,-0.8979764953131703,0.0036392658894185,0.0002234725842623,0
2025-05-29 18:00:00+00:00,-0.0035266734375189,0.0045727221355055,0.0034665563757121,-0.7459751677461939,0.0036324232325809,0.0002223490325689,1
2025-05-29 19:00:00+00:00,-0.0018097891855129,0.0095794552545139,0.0035062635216191,-0.5447112829420219,0.0036266714868587,0.0002210491484392,0
2025-05-30 13:00:00+00:00,-0.0020151452897582,-0.0194871175131254,0.0034455342576612,-0.7914178853958653,0.0036191729368011,0.0002194020154764,1
2025-05-30 14:00:00+00:00,-0.0011700977074319,0.0092945385495967,0.0034817798380196,-0.6012347581792655,0.0036123055557789,0.0002170960943019,1
2025-05-30 15:00:00+00:00,0.0015144146458384,-0.0133578387608823,0.0034303810810097,-0.8096588183206238,0.003605418660478,0.0002161868376007,1
2025-05-30 16:00:00+00:00,-0.016289195268495,-0.0003866110580398,0.00348536907177,-0.5320862016111125,0.0035994994571781,0.0002144960441794,1
2025-05-30 17:00:00+00:00,0.0027232947171004,0.0069095267590232,0.0034999902178589,-0.4404742704168332,0.0035933080796225,0.0002118576907459,1
2025-05-30 18:00:00+00:00,0.0070410613632609,0.0057581378088537,0.0034955028770413,-0.437309188508205,0.0035866994489405,0.0002085402600622,1
2025-05-30 19:00:00+00:00,-0.0017034667982852,0.0065681813268335,0.0035245363586932,-0.2720016340804214,0.0035799657317522,0.0002037832355178,1
2025-06-02 13:00:00+00:00,-0.0086255551418646,0.0094619592154808,0.0035888664929631,0.0707850165215912,0.0035747540932709,0.000199369872124,0
2025-06-02 14:00:00+00:00,0.003402798615439,-5.799786933182759e-05,0.0035764676237766,0.0352594304390933,0.0035695875640046,0.0001951267983151,0
2025-06-02 15:00:00+00:00,0.0025506376935409,0.0014544192584765,0.0035725491821614,0.0447300774967924,0.0035640462034416,0.0001900953272512,1
2025-06-02 16:00:00+00:00,-0.0006436749728845,0.0004485790118736,0.0035764534450765,0.0980340502489611,0.0035583770137208,0.0001843893148334,1
2025-06-02 17:00:00+00:00,0.0007848374132721,0.0021747774427076,0.0035814279572192,0.1635150153404228,0.0035524040449282,0.0001774999820692,1
2025-06-02 18:00:00+00:00,-0.0008987828272535,-0.0021945646533346,0.0035767902133618,0.178696094189536,0.0035463816221525,0.0001701693109027,1
2025-06-02 19:00:00+00:00,0.0013560960494178,-0.0020383800894104,0.0035646694677582,0.1483704752191277,0.0035404809003497,0.0001630281723689,1
2025-06-03 13:00:00+00:00,0.010306537275079,0.0412276410870228,0.0036766147998038,0.9060535563225364,0.0035359944454653,0.0001552009297433,0
2025-06-03 14:00:00+00:00,0.0098158027628228,0.00258071569324,0.0036501101688807,0.7879580052068988,0.0035322729974186,0.0001495475275121,0
2025-06-03 15:00:00+00:00,0.0007359622785829,-0.0022381320210212,0.0036392705240873,0.7864208537378112,0.0035277485263273,0.0001418095632,0
2025-06-03 16:00:00+00:00,-0.0076190147516855,0.0055732256725376,0.0036875987335906,1.210825327096052,0.003524236409006,0.0001349181594808,0
2025-06-03 17:00:00+00:00,0.000949015283568,-0.0025644326624492,0.0036746652812048,1.178638134473431,0.0035214839660011,0.0001299646691578,0
2025-06-03 18:00:00+00:00,0.000691650103038,-3.855421082996982e-05,0.0036719830041887,1.2387048529381388,0.0035184179075412,0.0001239723056572,0
2025-06-03 19:00:00+00:00,0.0014407148648521,-0.0051101247833705,0.0036480070493959,1.126307626327551,0.0035152287248699,0.0001178881518887,0
2025-06-04 13:00:00+00:00,-0.0134219159684493,-0.0286687924760919,0.003592808210676,0.6726551251487123,0.0035141798409191,0.0001168925454029,1
2025-06-04 14:00:00+00:00,0.0021261221970118,0.0187344193253403,0.0036529769036807,1.2168221804410644,0.0035129815163181,0.0001150499963042,0
2025-06-04 15:00:00+00:00,0.0036381408023872,-0.006060749379532,0.0036177183427031,0.942425942451932,0.0035113729957699,0.0001128421259887,0
2025-06-04 16:00:00+00:00,0.0008025091231621,0.0100401057032043,0.0036512921974093,1.2602098400720063,0.0035105778396185,0.0001116594660002,0
2025-06-04 17:00:00+00:00,-0.0037333423591387,-0.0013239528986734,0.0036601001890269,1.3594769492021914,0.0035098521041263,0.0001105190382144,0
2025-06-04 18:00:00+00:00,-0.000838248918859,-0.0075157055002016,0.0036357414466633,1.1531147183073789,0.0035092409718319,0.0001097032869522,0
2025-06-04 19:00:00+00:00,0.0006025600989793,-0.0100831905844059,0.0035970976566795,0.8191377630357455,0.0035081935319812,0.0001085337884665,1
2025-06-05 13:00:00+00:00,-0.0060381120801946,0.0041456229300047,0.0036339167055361,1.1643072630746805,0.0035079320284481,0.0001082056954238,0
2025-06-05 14:00:00+00:00,0.0015884267229371,0.0051018542220237,0.003646706663557,1.2719516384885683,0.0035083911496025,0.0001087427460047,0
2025-06-05 15:00:00+00:00,0.0010440713066815,-0.0093268568534047,0.0036090823673911,0.9269522817950778,0.0035083338902895,0.0001086878786322,0
2025-06-05 16:00:00+00:00,-0.0123138485475522,-0.0070104491214517,0.0036282736171975,1.094291484972867,0.0035088175910118,0.000109162894737,0
2025-06-05 17:00:00+00:00,-0.0016040982588737,-0.0034167956572581,0.0036217026124719,1.0074314370845383,0.0035107546478254,0.00011012954387,0
2025-06-05 18:00:00+00:00,-0.002029690822191,-0.0146666527223272,0.003576223260191,0.572760775491947,0.0035133179562649,0.0001098282330385,0
2025-06-05 19:00:00+00:00,-0.0100834285662218,0.0004476416451349,0.0036140837241335,0.8877828051303461,0.0035164322588658,0.000109994769783,0
2025-06-06 13:00:00+00:00,0.0207726978977747,0.0107905008897793,0.003578186692096,0.5445148692343458,0.003518230367303,0.0001101096190032,0
2025-06-06 14:00:00+00:00,0.0063936200322529,0.0101442080017677,0.0035916321945646,0.6438876239698198,0.0035208199766797,0.0001099760505541,0
2025-06-06 15:00:00+00:00,0.0025876742488367,0.0070270419933599,0.0036076122150285,0.7655776824253391,0.003523163180994,0.0001103075964374,0
2025-06-06 16:00:00+00:00,-0.0024755165602258,-0.0108751120358308,0.0035774366405141,0.468849953975086,0.0035262590026954,0.0001091556848513,0
2025-06-06 17:00:00+00:00,0.001487935171744,0.0004158692577422,0.0035736034477171,0.4079223148265702,0.00353012720579,0.0001065797097803,1
2025-06-06 18:00:00+00:00,-0.0039435236425744,-0.0039255040905724,0.0035736678430305,0.3846821163485128,0.0035332846252287,0.000104978152312,1
2025-06-06 19:00:00+00:00,-0.003386085323695,0.001924622990041,0.0035926970350748,0.5405440331067296,0.0035371182386862,0.0001028201089727,1
2025-06-09 13:00:00+00:00,0.0277336808680471,0.0227980380305634,0.0035750084538547,0.3431052588973268,0.0035404697299856,0.0001006650961284,1
2025-06-09 14:00:00+00:00,0.0043889652143144,0.0028021945219706,0.0035693402334875,0.2611075046569998,0.003543620724199,9.850160883828092e-05,1
2025-06-09 15:00:00+00:00,0.0010970476867203,0.0089144437784892,0.0035973525288266,0.5199505657104712,0.0035475258782053,9.582959209451366e-05,0
2025-06-09 16:00:00+00:00,0.000225832833842,0.004966936051971,0.0036144484432015,0.6726300477381678,0.0035512888153149,9.389950404235644e-05,0
2025-06-09 17:00:00+00:00,0.0057749789804477,0.0100636908278055,0.0036299830589962,0.817052938698364,0.00355597640377,9.057755222586872e-05,0
2025-06-09 18:00:00+00:00,0.0009429894123693,0.0023607180961659,0.0036351330398759,0.8562490697746988,0.0035608048264854,8.680676687915876e-05,0
2025-06-09 19:00:00+00:00,0.0009531792818061,-0.0061801405531634,0.0036092947392544,0.5336811233200817,0.0035646406456371,8.367186258996183e-05,0
2025-06-10 13:00:00+00:00,0.0063130202694694,-0.0140272614010824,0.0035366222624798,-0.377331473448833,0.0035670511240966,8.064225689608929e-05,1
2025-06-10 14:00:00+00:00,-0.0060089914975332,0.006657673691553,0.0035817043899231,0.1474579953987316,0.0035703541055807,7.697300042377196e-05,0
2025-06-10 15:00:00+00:00,0.003611202213976,-0.0013890327838966,0.0035638397272578,-0.1235850376638957,0.0035729749959262,7.39188888966879e-05,0
2025-06-10 16:00:00+00:00,-0.0030391422545166,0.0033354371293492,0.0035866302693957,0.1497697275221577,0.0035760973509318,7.03274195539256e-05,0
2025-06-10 17:00:00+00:00,0.0003562846661596,0.0011277455959358,0.0035893982820876,0.1512986660091938,0.0035794170048895,6.597068871424394e-05,0
2025-06-10 18:00:00+00:00,0.0058805863492594,0.0042954377681408,0.0035837130596453,0.0269070077118559,0.0035820210769671,6.288260278837137e-05,0
2025-06-10 19:00:00+00:00,0.0005594700554367,-0.0024521646327359,0.0035729364608171,-0.1779784557426945,0.003583799289201,6.103451307384893e-05,0
2025-06-11 13:00:00+00:00,0.0018349484854421,-0.0012285753516999,0.0035620074340154,-0.3841197477947677,0.0035849992108786,5.985575330409146e-05,0
2025-06-11 14:00:00+00:00,0.0020423096258467,-0.004059266619594,0.0035403397448214,-0.8130887331163531,0.0035866949939356,5.701130421101204e-05,1
2025-06-11 15:00:00+00:00,-0.0014142456161868,-0.0014093473373321,0.0035403570864351,-0.8626623237701876,0.003587925005781,5.514083324974009e-05,1
2025-06-11 16:00:00+00:00,-0.0024650827070543,0.0008749713263151,0.0035522018404488,-0.6719821681849637,0.0035886906444281,5.4300256326550106e-05,0
2025-06-11 17:00:00+00:00,-0.0029199054774608,-0.018432521241407,0.0034975230998212,-1.757810471089478,0.0035895571251308,5.2357194830338095e-05,1
2025-06-11 18:00:00+00:00,-0.0023665932190831,0.0041574570488876,0.0035204157114136,-1.362070517973436,0.0035902010563541,5.123475181318437e-05,1
2025-06-11 19:00:00+00:00,-0.0012344032510381,0.0100991672467796,0.0035605415460362,-0.6782541214116157,0.0035923703974378,4.6927619599839744e-05,0
2025-06-12 13:00:00+00:00,-0.0164615689412163,-0.0031304376548511,0.0036083253915228,0.3103067150029648,0.0035944196694337,4.4812830070350736e-05,0
2025-06-12 14:00:00+00:00,0.0059575546747988,-0.0085700258896144,0.0035562840860993,-0.9009763026115598,0.003595357900571,4.336830431443471e-05,0
2025-06-12 15:00:00+00:00,-0.0051575061195543,0.0092046583936472,0.0036077285659487,0.2538596819317841,0.0035972283287195,4.1362366600675816e-05,0
2025-06-12 16:00:00+00:00,0.0060357310121554,0.0105015273528341,0.0036238759756622,0.6189223101821688,0.0035988839890023,4.03798445276725e-05,0
2025-06-12 17:00:00+00:00,0.0056036753137171,-0.018731299569074,0.0035367534069676,-1.4886751147732489,0.0035980154375691,4.11520485521373e-05,1
2025-06-12 18:00:00+00:00,-0.0073413473211573,-0.0037492876208079,0.0035494804808708,-1.1576401585132263,0.003597565651854,4.153723471804803e-05,1
2025-06-12 19:00:00+00:00,-0.006828244874135,-0.004798919261178,0.0035566908461383,-0.9727292089041968,0.0035973013462536,4.174902916819077e-05,0
2025-06-13 13:00:00+00:00,-0.0192958115017198,-0.0226138048590409,0.0035449093258484,-1.22870782077164,0.0035967756109331,4.221205742152205e-05,1
2025-06-13 14:00:00+00:00,0.0023197811615385,0.0147619150992823,0.0035892910918683,-0.1805673588364991,0.0035969066631773,4.2175791671385926e-05,1
2025-06-13 15:00:00+00:00,0.0046021443906889,0.0077992496894418,0.0036007847969394,0.0826269865452657,0.0035973065729036,4.20954966560252e-05,0
2025-06-13 16:00:00+00:00,0.0033982256304157,-0.005386885382969,0.0035692900477556,-0.6682736755746316,0.0035973835825702,4.203896673085983e-05,0
2025-06-13 17:00:00+00:00,-0.0034283782243985,-0.0064281117625223,0.0035585991715987,-0.8976040958260272,0.0035954166554334,4.101750872793189e-05,0
2025-06-13 18:00:00+00:00,-0.0033332008632041,0.0139721739841298,0.0036207180088256,0.636414836601751,0.0035949267860992,4.052580367879011e-05,0
2025-06-13 19:00:00+00:00,7.001967763929893e-05,0.0060519644344665,0.0036424418545771,1.1694047930574512,0.0035949796416073,4.058664138507414e-05,0
2025-06-16 13:00:00+00:00,0.0187370056311227,0.0073388328457603,0.0036011603865448,0.1967559118160476,0.0035935390024899,3.873522266521178e-05,0
2025-06-16 14:00:00+00:00,0.0041344081409453,-0.0129967142927964,0.0035399938883418,-1.3555001002463456,0.0035912944792755,3.784624650665474e-05,0
2025-06-16 15:00:00+00:00,-0.0011404904297809,0.0023875535142571,0.003552505199592,-1.0039497511239197,0.0035893031825322,3.665321187545174e-05,0
2025-06-16 16:00:00+00:00,0.0039092482537391,-0.0003415416953224,0.0035374362962573,-1.37313112652929,0.0035874603366466,3.6430636100851166e-05,0
2025-06-16 17:00:00+00:00,-0.0011567007305689,-0.0029658339777317,0.0035310423881038,-1.4912369682994966,0.0035864309062704,3.7142667023436896e-05,1
2025-06-16 18:00:00+00:00,0.0051519688193023,0.0042371855694723,0.0035278137266606,-1.5338562629342576,0.0035843448533201,3.6855556824684274e-05,1
2025-06-16 19:00:00+00:00,0.0021014078467329,0.0005104202522875,0.0035222054812933,-1.6168588878249897,0.0035827529722966,3.744760378233579e-05,1
2025-06-17 13:00:00+00:00,-0.0286920219630339,-0.0222260610124787,0.0035450537126768,-0.9801783067409162,0.0035809823308844,3.665518606207745e-05,1
2025-06-17 14:00:00+00:00,-0.0043914451047583,-0.0143094904460569,0.0035100674934635,-1.8856257340685267,0.0035784817859583,3.628201040045467e-05,1
2025-06-17 15:00:00+00:00,-0.0066630249559723,0.0048591937771027,0.0035507451573266,-0.7380313147011851,0.003577065181136,3.56624756770786e-05,0
2025-06-17 16:00:00+00:00,-0.0064813027801174,0.0023886192505821,0.0035823800822742,0.1563044046009189,0.0035768198882293,3.557285579487512e-05,0
2025-06-17 17:00:00+00:00,0.0030004084194376,-0.0085648356962883,0.0035411876415635,-0.9722170481701342,0.0035752744038297,3.5060856349318835e-05,0
2025-06-17 18:00:00+00:00,0.0049836044587814,0.0198929625899265,0.0035943800231181,0.5895745406764339,0.0035744022931557,3.388499432049263e-05,0
2025-06-17 19:00:00+00:00,0.0038501120634583,-0.0002877789474229,0.0035795375996738,0.1675622832745353,0.0035739098803605,3.3585835686858755e-05,0
2025-06-18 13:00:00+00:00,-0.0032029603664469,-0.0105015509761912,0.0035535071285898,-0.5820046077667985,0.003572663772217,3.2914934644102635e-05,0
2025-06-18 14:00:00+00:00,0.0015830933070272,0.0060946853421363,0.0035695753223604,-0.0687617918102538,0.0035717949840485,3.2280451536067585e-05,0
2025-06-18 15:00:00+00:00,0.0017376112156636,-0.0028950202860851,0.0035530770400116,-0.5664226915515657,0.0035714092137121,3.236482925908178e-05,0
2025-06-18 16:00:00+00:00,-0.0030986021014631,-0.007788471665347,0.0035364525858753,-1.0460410365089854,0.0035701153614078,3.218112326154128e-05,1
2025-06-18 17:00:00+00:00,-0.0016170700733205,0.0012707717602338,0.0035466800621543,-0.7092058106173182,0.0035695902509088,3.2304005990218495e-05,0
2025-06-18 18:00:00+00:00,-0.0063845414126533,-0.0041698548939666,0.0035545435510414,-0.4476768690265345,0.0035689721068501,3.22298443519446e-05,0
2025-06-18 19:00:00+00:00,0.002417436089349,0.0010848120767244,0.0035498098357832,-0.5701828378149919,0.0035680087338627,3.191765320259562e-05,1
2025-06-20 13:00:00+00:00,0.0171488082449809,0.0054870158226287,0.0035086531372099,-1.7748631695212156,0.0035668623421409,3.27964464701533e-05,1
2025-06-20 14:00:00+00:00,-0.0158615742700197,0.002449968597162,0.0035734938444174,0.2022598886480363,0.0035668605154193,3.279606768515495e-05,0
2025-06-20 15:00:00+00:00,0.0018137059058866,-0.0011297940674359,0.0035629907309222,-0.1125988837391043,0.0035666825635508,3.278747094100941e-05,0
2025-06-20 16:00:00+00:00,-0.0046081976935642,-0.0097713581599308,0.0035446418479143,-0.6489771231950017,0.0035658816437648,3.272811181062038e-05,1
2025-06-20 17:00:00+00:00,-0.0055724741172671,0.0015266293882143,0.0035698951591597,0.1253030351535401,0.0035657964221865,3.271059610081893e-05,0
2025-06-20 18:00:00+00:00,0.0004939034883135,-0.0016709905781704,0.0035621750739102,-0.1070581918713564,0.0035656770028602,3.271051835322308e-05,1
2025-06-20 19:00:00+00:00,0.0022496743357732,0.0053285234258633,0.0035731593742198,0.2429205351399797,0.0035652737836168,3.246160559634704e-05,0
2025-06-23 13:00:00+00:00,-0.0102142720577024,-0.0163593914278068,0.0035512692110552,-0.4065341072402774,0.0035642207964144,3.185854551568498e-05,0
2025-06-23 14:00:00+00:00,-0.0080988162186409,0.008574947845501,0.0036109786431665,1.5048014872544473,0.0035639040561505,3.128292164425838e-05,0
2025-06-23 15:00:00+00:00,-0.0010360001922071,-0.0132039278403059,0.0035673067533269,0.1518210072400085,0.0035627736180414,2.9858419252680307e-05,1
2025-06-23 16:00:00+00:00,-0.0085272058327612,0.0161901485729677,0.0036565798914654,2.93656694481974,0.0035635617039116,3.167582735273175e-05,0
2025-06-23 17:00:00+00:00,0.0180359743775194,-0.0006252252667418,0.0035889764664432,0.7756150962745954,0.0035644342739776,3.164223154427665e-05,1
2025-06-23 18:00:00+00:00,0.0056737603906988,-0.001986855680555,0.0035615877368583,-0.0795643709480617,0.0035640989964265,3.156261450138595e-05,1
2025-06-23 19:00:00+00:00,0.0023552604442417,0.0007080623694887,0.0035557259255026,-0.2608470109672803,0.0035639637663973,3.1581120535441005e-05,1
2025-06-24 13:00:00+00:00,0.017568488781829,0.033531732877274,0.003612942310942,1.5130951586866477,0.0035644023004231,3.207994569298029e-05,0
2025-06-24 14:00:00+00:00,0.0040339846980204,-0.0003818790714479,0.0035970232240179,1.0092653492431438,0.0035645293827886,3.219553832268358e-05,0
2025-06-24 15:00:00+00:00,-0.0026356403383416,0.0014012767033255,0.0036115734576532,1.4255791640879565,0.0035649937227554,3.26742534341321e-05,0
2025-06-24 16:00:00+00:00,0.0075261466207689,0.0002566530989539,0.0035854143447494,0.6168931757103203,0.0035652016874876,3.276524697900348e-05,0
2025-06-24 17:00:00+00:00,0.0001726282074358,-0.0017632293518639,0.0035784802072037,0.3963778240680418,0.0035654762337074,3.2807015697377046e-05,1
2025-06-24 18:00:00+00:00,-0.0042850290362983,-0.0061828792307479,0.0035716952283199,0.1744730940919596,0.003565998825099,3.264917866276227e-05,0
2025-06-24 19:00:00+00:00,-0.0002918018243266,-0.0014587571100119,0.0035675296506885,0.0331927332572019,0.0035664517011699,3.247546715128816e-05,1
2025-06-25 13:00:00+00:00,0.0225984647642167,0.0172100676080453,0.0035483580824629,-0.5546219741456576,0.0035663876385368,3.250782860107535e-05,1
2025-06-25 14:00:00+00:00,-0.002975689091071,0.001642327410684,0.0035647823532298,-0.0873040582452683,0.0035675086260936,3.122733259618864e-05,1
2025-06-25 15:00:00+00:00,-0.0060678390290202,0.0057658034178966,0.0036072172977822,1.2335169015916656,0.0035689553191998,3.1018609094947216e-05,0
2025-06-25 16:00:00+00:00,0.0014945088725085,-0.0036322798475969,0.0035887711819015,0.6219814652229124,0.0035694258131309,3.110280587493454e-05,0
2025-06-25 17:00:00+00:00,0.00189429522599,0.0032696133691969,0.0035937102796566,0.7950954391043737,0.0035691822279331,3.08491918293153e-05,1
2025-06-25 18:00:00+00:00,-1.2437829491250104e-05,0.0056833327152905,0.0036142376328655,1.4067302979112144,0.0035701481203792,3.134183755891841e-05,0
2025-06-25 19:00:00+00:00,0.0030580992517627,0.0009783320789377,0.0036067286712345,1.1684272153860462,0.0035701314554673,3.132177621787745e-05,0
2025-06-26 13:00:00+00:00,-0.0074403753986427,-0.0072685636727737,0.0036073484027493,1.2129111032862436,0.0035698559959187,3.091109210638676e-05,0
2025-06-26 14:00:00+00:00,0.0051662115468965,-0.0009227583728039,0.0035854501035352,0.4820557624886538,0.0035706676075282,3.066553116331609e-05,0
2025-06-26 15:00:00+00:00,-0.002236806801196,0.0091302520648957,0.0036264386441574,1.7371925740546923,0.003571950243583,3.136578027570473e-05,1
2025-06-26 16:00:00+00:00,-0.0007890449380879,-0.0069531360664218,0.0036041536996593,0.994937491394744,0.0035727412911417,3.15722432709402e-05,1
2025-06-26 17:00:00+00:00,0.0005069607361235,-0.0033336850395097,0.0035903379696231,0.5356440890145666,0.0035734984352046,3.143791701222416e-05,1
2025-06-26 18:00:00+00:00,0.0017287729987595,0.0036443037625834,0.0035972219636026,0.748408883166111,0.0035736306164001,3.152200318987015e-05,1
2025-06-26 19:00:00+00:00,0.0024325561719267,0.000207078205459,0.003589225326852,0.5029703366269751,0.0035734379585653,3.138826912249701e-05,1
2025-06-27 13:00:00+00:00,-0.0078250793260731,0.0213838629666089,0.0036956089149103,3.418741310446126,0.0035755432730179,3.51198382648905e-05,0
2025-06-27 14:00:00+00:00,-0.0027371240542269,-0.002797159151484,0.0036953870553294,3.0697712068128484,0.0035778230710801,3.829731153526744e-05,0
2025-06-27 15:00:00+00:00,0.0080004584011526,0.0020552843053142,0.0036734825136091,2.377083455247728,0.0035787024794932,3.987240494510677e-05,0
2025-06-27 16:00:00+00:00,0.0014072292515896,-0.0012809012954173,0.0036636209735423,2.08626025170807,0.0035790554648093,4.0534496433882224e-05,1
2025-06-27 17:00:00+00:00,-0.0062187951374082,-0.0151005578639921,0.0036312256381369,1.2603568701935923,0.0035795565523358,4.099559975670377e-05,1
2025-06-27 18:00:00+00:00,-0.0019047473595374,-0.0006959894441472,0.0036356175647228,1.319166307055588,0.0035811502802755,4.128917192320004e-05,1
2025-06-27 19:00:00+00:00,0.0028174585695472,-0.0108103114039839,0.0035864082728715,0.1141219537298604,0.0035817153314968,4.112216117324141e-05,1
2025-06-30 13:00:00+00:00,0.005077520269536,0.0187027328355983,0.0036356082669792,1.265809733425594,0.0035833515310088,4.128324707135079e-05,1
2025-06-30 14:00:00+00:00,-0.0052457962952008,0.0085764398352128,0.0036862094077536,2.343690210617521,0.003585937648003,4.27837089118619e-05,1
2025-06-30 15:00:00+00:00,0.0057178324826547,0.0148127637001932,0.0037198881495384,2.875953634645928,0.0035891388883843,4.5462923872968e-05,0
2025-06-30 16:00:00+00:00,0.0012478101255006,0.0055979139933562,0.0037361052969298,2.9618618066906626,0.0035927038853116,4.841596974387872e-05,0
2025-06-30 17:00:00+00:00,-0.0015343613835818,0.0116982461440166,0.0037858722591567,3.4994581567227305,0.0035967175277529,5.405257697979001e-05,0
2025-06-30 18:00:00+00:00,-0.0023786006643363,-0.0102082878150805,0.0037563458060607,2.7453630690884934,0.0036008221662962,5.664957087666426e-05,0
2025-06-30 19:00:00+00:00,0.0043248068672197,0.0029485085294272,0.0037511795095698,2.4714820988270696,0.0036041627388336,5.948526627239981e-05,0
2025-07-01 13:00:00+00:00,-0.008440603254716,-0.0416016377032889,0.0036288264063356,0.4015106034071118,0.0036049368442346,5.94992059944114e-05,0
2025-07-01 14:00:00+00:00,-0.0085085454327697,-0.0165918366581704,0.003599611779926,-0.106916213867778,0.003605910579874,5.891342126834155e-05,0
2025-07-01 15:00:00+00:00,0.0009864441216981,-0.0079248009708804,0.0035676772566261,-0.6393678771390991,0.0036054655337658,5.910255815279856e-05,0
2025-07-01 16:00:00+00:00,0.0002993598259668,0.005206747960333,0.0035852282632407,-0.3442340476718085,0.0036055603781585,5.906479924145761e-05,0
2025-07-01 17:00:00+00:00,0.0020012856106087,-0.0037936277798608,0.0035645122576712,-0.6998203743991127,0.0036057437969766,5.8917317662729954e-05,0
2025-07-01 18:00:00+00:00,-0.0051680303319683,-0.001175189936948,0.0035787732381651,-0.461027263878443,0.0036058970955733,5.8833521427874806e-05,1
2025-07-01 19:00:00+00:00,-0.0024026347617917,-0.0140510017862267,0.0035373282259657,-1.1556266981308538,0.0036056346153392,5.910765949246801e-05,1
2025-07-02 13:00:00+00:00,0.0215430005932616,0.0310298208312262,0.0035710459068754,-0.6002144868271824,0.0036062111706892,5.858782916042396e-05,1
2025-07-02 14:00:00+00:00,0.0038164884364765,-0.0023670592823017,0.0035490323053252,-0.9772832419250308,0.0036062503747421,5.854809226459511e-05,1
2025-07-02 15:00:00+00:00,0.0055263101276423,0.0104816613577937,0.0035666626531313,-0.6814779778929576,0.0036064523597769,5.838736971173784e-05,1
2025-07-02 16:00:00+00:00,0.0063031082985321,0.0219072608355392,0.0036227538912048,0.2603435878047507,0.0036076680940339,5.794572202880818e-05,1
2025-07-02 17:00:00+00:00,-0.0033823740249873,0.0152287007395256,0.0036908085556094,1.3945840662007412,0.0036107040176739,5.743973409482921e-05,0
2025-07-02 18:00:00+00:00,0.0041509609639119,0.0026608539160139,0.0036853129513044,1.253731445969292,0.0036125676694554,5.802301767492133e-05,0
2025-07-02 19:00:00+00:00,0.0010454708018421,-0.0039613885271447,0.0036669072236691,0.905950072096157,0.0036142996110011,5.806899771661087e-05,1
2025-07-03 13:00:00+00:00,0.0070894851212801,0.0204179707979424,0.0037161087063271,1.6829180244908493,0.0036171573919747,5.879746542158564e-05,0
2025-07-03 14:00:00+00:00,-0.0063331091576258,-0.0073596655861598,0.0037122958684269,1.5532281484395638,0.0036195307371291,5.972408586012232e-05,0
2025-07-03 15:00:00+00:00,-0.0054995407815657,-0.0122967818248848,0.003687148063256,1.0946316600083812,0.0036216136202849,5.9868945294890734e-05,0
2025-07-07 13:00:00+00:00,-0.0056754752108708,-0.0058930822851246,0.0036863458010458,1.0457021968067155,0.003623500060732,6.0099080317185874e-05,0
2025-07-07 14:00:00+00:00,-0.0026487170274852,0.0058434189061508,0.0037177840506973,1.5112912360569442,0.0036262753080594,6.055003857272735e-05,0
2025-07-07 15:00:00+00:00,0.0004421326826469,0.0016528818558728,0.003722288080738,1.5244151928118652,0.0036281304653522,6.176638479446282e-05,0
2025-07-07 16:00:00+00:00,-0.0029750286452996,-0.0025865573619449,0.0037237343636672,1.4890662119638487,0.0036307375921912,6.245308014432391e-05,0
2025-07-07 17:00:00+00:00,-0.0005188737733458,-0.0066732454803456,0.0037008874944307,1.1013637878810767,0.0036314760522407,6.302317449860939e-05,0
2025-07-07 18:00:00+00:00,0.0007460947864726,-5.00450998141248e-05,0.0036979422428535,1.0205723380819467,0.0036332921485142,6.334690048605114e-05,0
2025-07-07 19:00:00+00:00,0.0012278792999087,-0.0102423225028184,0.0036557684325148,0.3334195156904951,0.0036348618267751,6.270360538537631e-05,0
2025-07-08 13:00:00+00:00,0.0088849951220878,-0.001037629429425,0.0036196729918227,-0.262706490540691,0.0036359276112138,6.18736878470692e-05,0
2025-07-08 14:00:00+00:00,-0.0066136444980264,0.0039246538472986,0.0036580198863443,0.3449686840048214,0.0036366789041372,6.186353485607746e-05,0
2025-07-08 15:00:00+00:00,-0.0009755666350552,-0.0042538926686732,0.0036460473401971,0.1386986542485024,0.0036374959727401,6.165429292252675e-05,0
2025-07-08 16:00:00+00:00,0.0018005360625099,0.0070106438483842,0.0036650932122715,0.4331044702415176,0.0036383879686504,6.166005076358499e-05,1
2025-07-08 17:00:00+00:00,0.0051327792208207,0.000758549854243,0.0036490962665729,0.1574247020360014,0.0036394493340142,6.127966217476853e-05,1
2025-07-08 18:00:00+00:00,0.001375904478871,-0.0045196572300058,0.0036276460869104,-0.2076876290042147,0.0036402687653426,6.0777228247713886e-05,1
2025-07-08 19:00:00+00:00,-0.0037411145491173,0.0016271631378815,0.0036471726636044,0.0939247712140998,0.0036415267225974,6.011130965798938e-05,1
2025-07-09 13:00:00+00:00,0.0038233968689613,-1.2615416639347575e-05,0.0036332088642351,-0.15863619729135,0.0036426213761565,5.9333948254258016e-05,1
2025-07-09 14:00:00+00:00,-0.0017206799758832,0.0191364342383697,0.0037097828972457,1.0993821728605724,0.0036453117897362,5.864303524386343e-05,0
2025-07-09 15:00:00+00:00,0.0008171353864634,-0.0065995465489008,0.0036823703979985,0.606554325809965,0.0036472715904823,5.786589267048824e-05,1
2025-07-09 16:00:00+00:00,0.0030469374053832,0.0002488316659792,0.0036720811381849,0.4111633636730956,0.003648352654489,5.7710598249545e-05,1
2025-07-09 17:00:00+00:00,-0.001994228655449,0.0066597746525306,0.0037039972423499,0.9325263673235238,0.0036502730888298,5.761140424826539e-05,1
2025-07-09 18:00:00+00:00,0.003063277595642,0.0155149805422555,0.0037504066542048,1.66567829165312,0.0036528846950723,5.854789584593055e-05,0
2025-07-09 19:00:00+00:00,0.0201908571434184,0.011014037850181,0.0037161472865025,1.0454975495304064,0.0036545831892996,5.888497513035034e-05,0
2025-07-10 13:00:00+00:00,-0.0091814360278313,-0.0065744794199354,0.00372584776009,1.169247831359358,0.0036565685074472,5.925112776326146e-05,0
2025-07-10 14:00:00+00:00,0.0045763645897397,0.005960398246389,0.0037310080289587,1.213197327355542,0.0036586295012173,5.965932013638848e-05,0
2025-07-10 15:00:00+00:00,0.0016887067400774,0.0024179852466526,0.0037337299653262,1.2176345119800256,0.0036611008322472,5.964772874328854e-05,0
2025-07-10 16:00:00+00:00,0.0111234789890449,0.0079702352461693,0.0037219751473185,0.9883473624487172,0.0036626931072999,5.998097659885052e-05,0
2025-07-10 17:00:00+00:00,0.0099062549924486,-0.0033431124151884,0.0036729865815055,0.1537220646556228,0.0036638403219973,5.949867723098199e-05,0
2025-07-10 18:00:00+00:00,-0.003122239223219,0.008882338966184,0.003717344955189,0.8695469057256536,0.0036659571050901,5.909727210869885e-05,0
2025-07-10 19:00:00+00:00,-0.0002754457866428,-0.0002607863838556,0.0037173994496455,0.8413238827880803,0.0036679600631908,5.876379770751112e-05,0
2025-07-11 13:00:00+00:00,0.040498805400155,0.0308744227435428,0.0036817933928572,0.2123817130613937,0.0036695028642909,5.786999449801383e-05,0
2025-07-11 14:00:00+00:00,-0.0036446572681629,-0.0047536137014844,0.0036777127074574,0.1472521613291953,0.0036692045941667,5.777920822313695e-05,0
2025-07-11 15:00:00+00:00,-0.0062031961876531,-0.010473997569661,0.0036620394195167,-0.1145803026496639,0.0036686488002365,5.7683393802269965e-05,1
2025-07-11 16:00:00+00:00,0.0040285821667887,0.0079417516780022,0.0036763976753443,0.1334798816957847,0.0036686973862654,5.768876164041222e-05,0
2025-07-11 17:00:00+00:00,0.0017858232985047,-0.0081985557949487,0.0036398737649543,-0.4917840531915952,0.0036683015994556,5.78055232104023e-05,1
2025-07-11 18:00:00+00:00,0.0005604983330625,0.0037002512761495,0.003651320029138,-0.300398259550423,0.0036686365059723,5.7645063790365474e-05,1
2025-07-11 19:00:00+00:00,0.0026625697104795,0.0110358777124678,0.0036820220155681,0.2193192461732797,0.0036694099134864,5.750567860231557e-05,1
2025-07-14 13:00:00+00:00,0.029950843291321,0.0370707504381219,0.0037083312188325,0.6509360818359734,0.0036714419625857,5.667108841582389e-05,1
2025-07-14 14:00:00+00:00,-0.0040402415299441,-0.0160482481721686,0.0036640678422534,-0.1389477467116079,0.0036719162888403,5.6484878471117765e-05,1
2025-07-14 15:00:00+00:00,-0.0107941369341386,0.0031045554900874,0.0037153491401944,0.7569844014758567,0.0036724019510476,5.673457611942772e-05,1
2025-07-14 16:00:00+00:00,0.0035897422714921,0.007797430252676,0.0037310151057516,1.0266624024479434,0.0036725874003178,5.691033907004148e-05,1
2025-07-14 17:00:00+00:00,-0.0037705527626707,-0.0009909339413218,0.0037414003323614,1.2053892028871551,0.0036726756509084,5.701451555099577e-05,1
2025-07-14 18:00:00+00:00,-0.0013458578539556,0.004072999363969,0.0037617294771787,1.5894117869574174,0.0036722732712087,5.628258623978109e-05,1
2025-07-14 19:00:00+00:00,0.0016024255900112,0.0022637255206636,0.0037642179313377,1.6252849737181507,0.0036724044732967,5.649068288064675e-05,1
2025-07-15 13:00:00+00:00,-0.0140040701493716,0.0049865597010328,0.0038363858893378,2.73232375858345,0.0036738245796261,5.949562499722328e-05,0
2025-07-15 14:00:00+00:00,-0.0178635979175797,-0.0231296762080389,0.0038162362821616,2.247977407804317,0.0036769480775566,6.196156781713603e-05,0
2025-07-15 15:00:00+00:00,0.002621152609233,0.0055051036550983,0.003827258006196,2.2864760579430765,0.0036807421813277,6.407931732294255e-05,0
2025-07-15 16:00:00+00:00,0.0064643564811238,0.006076861119544,0.0038257752487704,2.164538785135816,0.0036850438145302,6.501682261674316e-05,0
2025-07-15 17:00:00+00:00,0.0021339745173676,0.0006691824453933,0.0038201753858355,1.9889793584069344,0.0036889595999067,6.5971416633442e-05,0
2025-07-15 18:00:00+00:00,-0.0050780363369734,-0.0097476623824256,0.0038023781808412,1.6707576508927884,0.0036929240319596,6.551168496708819e-05,0
2025-07-15 19:00:00+00:00,-0.0022820144901976,-0.0047173542694897,0.0037931293645777,1.4861061346551825,0.0036964966340664,6.502411117068983e-05,0
2025-07-16 13:00:00+00:00,0.018757379178722,0.0095470199172365,0.0037583536745409,0.9375731975549036,0.0037001803915427,6.204665742360151e-05,1
2025-07-16 14:00:00+00:00,0.0027611237036746,0.0189788907415379,0.0038198027151593,1.8751991995500028,0.0037043263383474,6.158085863066946e-05,0
2025-07-16 15:00:00+00:00,0.0002941202445507,-0.003171325181265,0.0038065883074415,1.6461466038991042,0.0037086189383827,5.951436453277616e-05,1
2025-07-16 16:00:00+00:00,0.0018184349408417,0.0007274182062785,0.0038024375205972,1.55679338614941,0.0037125485195071,5.773984003902728e-05,0
2025-07-16 17:00:00+00:00,-0.0015400090951431,-0.0039088326959095,0.003793440876796,1.3586534533711156,0.0037153933026003,5.7444798746891695e-05,1
2025-07-16 18:00:00+00:00,0.00423411488044,0.0087904207659804,0.0038107643894311,1.5920320602270066,0.0037173925664973,5.8649461443922285e-05,0
2025-07-16 19:00:00+00:00,-0.003173331033245,-0.0001316111157193,0.0038223733139734,1.7107027055121078,0.0037196769058752,6.003170964034146e-05,0
2025-07-17 13:00:00+00:00,-0.007041032140158,-0.0036812757634765,0.003835237154674,1.8351832780654316,0.0037224824047252,6.144059358887347e-05,0
2025-07-17 14:00:00+00:00,0.0025765659289906,-0.0026346861329857,0.0038153027538506,1.4565767790559003,0.0037241356388506,6.258998242377789e-05,0
2025-07-17 15:00:00+00:00,0.0017597496527136,0.0011362598118946,0.0038129246927695,1.369526971893268,0.003725812785923,6.360729553651329e-05,0
2025-07-17 16:00:00+00:00,-0.0035417842994894,-0.0063044397666411,0.0038024054327572,1.163874795367531,0.0037277337420814,6.41578380879564e-05,0
2025-07-17 17:00:00+00:00,0.0060920807625831,0.0063375486905624,0.0038033389159055,1.1392125757298703,0.003729683627329,6.465456065502678e-05,0
2025-07-17 18:00:00+00:00,0.0033182168581269,0.002510659653535,0.0038002687419999,1.06035009270655,0.0037310583721841,6.52712441785411e-05,0
2025-07-17 19:00:00+00:00,-0.0056626029709694,-0.0072850015788217,0.0037941081900701,0.9405217084949846,0.0037322553740063,6.57643683342721e-05,0
2025-07-18 13:00:00+00:00,-0.0011409547399911,-0.0268334929070293,0.0036978695223316,-0.5152016488483989,0.0037318242933173,6.590578865892187e-05,0
2025-07-18 14:00:00+00:00,-0.0048900781168007,-0.0199895730032998,0.0036424529940666,-1.3233849134561408,0.0037308503849779,6.679643240038327e-05,0
2025-07-18 15:00:00+00:00,-0.0027899315837215,-0.0052938075524513,0.0036333441520118,-1.421255868200414,0.0037297737501306,6.784816180980651e-05,0
2025-07-18 16:00:00+00:00,-0.0022051847405268,0.0004200431129394,0.0036428950394235,-1.2724888855472358,0.0037295591935791,6.810602052397278e-05,0
2025-07-18 17:00:00+00:00,0.0004254168010186,-0.0075645151106641,0.0036139045264365,-1.692727489109216,0.0037294630524893,6.826764898444832e-05,0
2025-07-18 18:00:00+00:00,-0.0022674579666014,0.0049404512634204,0.0036400473265089,-1.2985977456661808,0.0037291635098254,6.862493302016468e-05,1
2025-07-18 19:00:00+00:00,0.0001460781025535,-0.0100078921418716,0.0036032734108481,-1.7955175676043762,0.0037284506110029,6.97164998066645e-05,1
2025-07-21 13:00:00+00:00,0.0118282787547952,0.0225972569709465,0.0036422866731696,-1.223233451322877,0.0037280705020179,7.012874668812248e-05,1
2025-07-21 14:00:00+00:00,0.0001091767172829,-0.0016009259451684,0.0036360633118424,-1.3038871499916642,0.0037278532861057,7.039717682916336e-05,0
2025-07-21 15:00:00+00:00,-0.0042515017021216,-0.0112266243572608,0.0036107895704524,-1.6486328860572148,0.0037275723441647,7.083613016578998e-05,0
2025-07-21 16:00:00+00:00,-0.0044137091892895,0.0088869859338044,0.0036591363921052,-0.971862405559486,0.0037277717396397,7.062249464724054e-05,0
2025-07-21 17:00:00+00:00,0.0005738427678538,0.0031765796942348,0.0036686725662045,-0.8531688695120107,0.0037283628013392,6.996297833609481e-05,0
2025-07-21 18:00:00+00:00,-0.005934116699936,-0.0043400935917468,0.0036745251784117,-0.7578012582114411,0.003727775172692,7.026907609777886e-05,0
2025-07-21 19:00:00+00:00,-0.0030147793773579,-0.0119324071053184,0.003641902804077,-1.2016017983484302,0.0037271007127933,7.090361285525797e-05,0
2025-07-22 13:00:00+00:00,0.0122154685203254,-0.0142702336698951,0.003546710631421,-2.399169312259978,0.0037250112043472,7.431762819535754e-05,1
2025-07-22 14:00:00+00:00,0.0063260970320876,0.0113052255979722,0.0035644141972308,-2.0523040725472868,0.0037226848202619,7.711850556076338e-05,0
2025-07-22 15:00:00+00:00,-0.0009191391651085,-0.0057788431917222,0.0035471342209971,-2.144523718035613,0.0037192969463751,8.028016847291335e-05,0
2025-07-22 16:00:00+00:00,-0.0018370655808402,0.0013094721281322,0.0035583129905691,-1.9095426692492363,0.0037166663747762,8.292738714731453e-05,0
2025-07-22 17:00:00+00:00,0.0042606944637134,0.0120176311812782,0.0035860219285602,-1.516488763089297,0.0037143359442507,8.461257268343971e-05,0
2025-07-22 18:00:00+00:00,0.0060233689932035,0.004492420705883,0.0035805361147505,-1.5209434482468474,0.0037118280790139,8.63227126654645e-05,0
2025-07-22 19:00:00+00:00,-0.0055566517417439,-0.0075729378888867,0.0035733240026672,-1.5418034499606554,0.0037091546463029,8.809854695761627e-05,0
2025-07-23 13:00:00+00:00,-0.0148342407368491,-0.0232493037039069,0.0035433804214438,-1.7961200951171277,0.0037061780675384,9.063850826964124e-05,0
2025-07-23 14:00:00+00:00,0.0045027012577019,-0.0059611209753353,0.0035064964289202,-2.0913659028196223,0.0037034032316619,9.415224876537896e-05,0
2025-07-23 15:00:00+00:00,0.0043510739443446,0.0028465128774353,0.0035012246577573,-2.032973198083806,0.0036998012267047,9.767790796976012e-05,0
2025-07-23 16:00:00+00:00,-0.0065270655851429,-0.0134104238075455,0.0034772072293326,-2.147673334520716,0.0036957980230329,0.0001017802801695,0
2025-07-23 17:00:00+00:00,0.0027372245418715,-0.0012950036965756,0.0034632145659165,-2.157582729088329,0.0036921550425838,0.0001061097095285,0
2025-07-23 18:00:00+00:00,0.0023486241133717,0.0049988223598463,0.003472404943869,-1.9696914534776293,0.003688733246524,0.0001098285227735,0
2025-07-23 19:00:00+00:00,0.0004514402772801,0.0041749690200837,0.0034853586452573,-1.775563229458132,0.0036857885669531,0.0001128824467473,0
2025-07-24 13:00:00+00:00,-0.0009997362584998,-0.0090489148668989,0.0034574169756119,-1.9261698482193084,0.0036821388886242,0.0001166677555564,1
2025-07-24 14:00:00+00:00,0.0062416287046472,0.0077890237929056,0.0034627711070681,-1.8042280186261976,0.0036791871776594,0.0001199494012714,1
2025-07-24 15:00:00+00:00,0.0006688811661106,0.0007874237819001,0.003463181617344,-1.7291350121766262,0.0036760515374628,0.0001231077496087,1
2025-07-24 16:00:00+00:00,-0.0048076050337669,0.0021574085639842,0.0034873869216845,-1.4775844597320462,0.0036728076192314,0.000125489068544,1
2025-07-24 17:00:00+00:00,0.0052138443960152,0.00706939203315,0.0034938639415979,-1.375461784921984,0.0036692331646109,0.00012749843357,0
2025-07-24 18:00:00+00:00,-0.0007034354972925,0.0048385383138096,0.0035132805976655,-1.1887318322385332,0.0036667200438677,0.0001290782681518,0
2025-07-24 19:00:00+00:00,-0.0003819860717636,-0.008543157793025,0.0034847247943061,-1.3596782014462938,0.0036628763047696,0.0001310247603248,1
2025-07-25 13:00:00+00:00,-0.0248492457698961,-0.0197144388908283,0.0035026642014309,-1.1820123937661582,0.0036590704563643,0.0001323220092768,0
2025-07-25 14:00:00+00:00,-0.0100787110078704,-0.0067023269784316,0.003514510528522,-1.057144117996355,0.0036552889596336,0.0001331686273565,0
2025-07-25 15:00:00+00:00,0.0069599842103097,0.0032758660384021,0.0035015864779012,-1.1156982676559886,0.003650953242979,0.0001338773837047,0
2025-07-25 16:00:00+00:00,0.0034112103654353,0.0018029104123522,0.0034959594027584,-1.1190577326765585,0.0036464822675027,0.0001345085783771,0
2025-07-25 17:00:00+00:00,5.601204024973852e-05,0.0032936719867322,0.0035072964733776,-1.0027208015671296,0.0036409974439033,0.0001333381837863,0
2025-07-25 18:00:00+00:00,0.0032085571432982,0.0040899412357655,0.0035103891113976,-0.948196498845114,0.0036358999910572,0.000132368005801,0
2025-07-25 19:00:00+00:00,0.0017257202633924,-0.0086893346013105,0.0034740179488075,-1.185678086331169,0.0036300126567674,0.0001315658185458,0
2025-07-28 13:00:00+00:00,0.0141052613973459,0.0092632295552181,0.0034572373022772,-1.2732473433872675,0.0036238703576592,0.0001308724940581,0
2025-07-28 14:00:00+00:00,-0.0036403206456952,-0.0021943134277051,0.0034622401085458,-1.1980921290245603,0.0036179047697044,0.0001299271211182,0
2025-07-28 15:00:00+00:00,0.001727037194453,-0.0035744302561477,0.0034439337235323,-1.2968599887794874,0.0036119306954159,0.0001295413331717,0
2025-07-28 16:00:00+00:00,-0.0013835885402914,-0.002090342504971,0.0034415005696409,-1.27417069772565,0.0036060702155003,0.0001291582408488,0
2025-07-28 17:00:00+00:00,-0.0029937143268503,-0.0016261058056929,0.0034462104150238,-1.1969753138146364,0.0036008678278417,0.0001292068524997,0
2025-07-28 18:00:00+00:00,0.0009754228733543,0.0013306604779481,0.0034474348560274,-1.1552325084887625,0.0035946616968561,0.0001274434711167,0
2025-07-28 19:00:00+00:00,0.0017423105087944,-0.0054569846684792,0.0034227048809023,-1.3113119381257994,0.0035882636397472,0.0001262542908604,0
2025-07-29 13:00:00+00:00,0.005121781858579,-0.0098962948620832,0.0033716864943287,-1.660358320296119,0.003581084455976,0.0001261161275175,0
2025-07-29 14:00:00+00:00,-0.0070085541774076,-0.0126776117635411,0.0033526262871826,-1.749641348283336,0.0035737375461491,0.0001263751906546,0
2025-07-29 15:00:00+00:00,-0.0030747241664095,-0.0081225126419996,0.0033357455798109,-1.8237694112781204,0.0035658205659888,0.0001261535503091,1
2025-07-29 16:00:00+00:00,0.0022026682908121,0.0104876053687953,0.003363496821958,-1.5670405584312106,0.0035581726244552,0.0001242315021457,1
2025-07-29 17:00:00+00:00,0.0008283417844526,0.0066980930087575,0.0033832977680085,-1.385268938131376,0.0035506403013441,0.0001208014766875,1
2025-07-29 18:00:00+00:00,-0.0020172372028265,-0.0080506322424115,0.0033629464515389,-1.5255798750491865,0.0035431010296389,0.0001180892466179,1
2025-07-29 19:00:00+00:00,0.000306842031365,-0.0015824690494346,0.0033565987977783,-1.5546365647518496,0.0035354955980557,0.0001150730687374,1
2025-07-30 13:00:00+00:00,0.0015603331760718,0.0083020979690974,0.0033793046501345,-1.3394584379323484,0.0035284439183454,0.0001113429606976,0
2025-07-30 14:00:00+00:00,0.007519769697419,0.0091680291273881,0.0033848792137924,-1.278371130232269,0.0035214695899768,0.0001068472002802,0
2025-07-30 15:00:00+00:00,-0.0059704788790443,-0.0007722139600267,0.003402520525044,-1.107043336565246,0.0035148404530275,0.0001014593776717,0
2025-07-30 16:00:00+00:00,-0.0016937351476946,0.0025634627563793,0.0034170366052812,-0.9596944883601484,0.0035085559266144,9.536297482501356e-05,0
2025-07-30 17:00:00+00:00,0.000557359074462,0.0036100117675597,0.0034274835686395,-0.8267188080749616,0.0035040494940529,9.26142294883402e-05,1
2025-07-30 18:00:00+00:00,-0.0104675134660949,-0.0241518667226992,0.0033809001317464,-1.289184665517519,0.0034996902796808,9.21436246581514e-05,1
2025-07-30 19:00:00+00:00,0.0037165512332049,0.0028249611079189,0.0033778870979695,-1.2809497469384543,0.0034954326621135,9.176438375113864e-05,1
2025-07-31 13:00:00+00:00,0.013441239604643,0.0199142709429522,0.0033998231869138,-1.0116853408024291,0.0034913814645716,9.050074560260492e-05,1
2025-07-31 14:00:00+00:00,-0.0058011495204971,0.0031324500921469,0.0034303319195141,-0.6487698961501868,0.0034883219211229,8.93845444323309e-05,0
2025-07-31 15:00:00+00:00,0.003230074786435,0.0125147820131927,0.0034623298629789,-0.2641395568278413,0.0034853599633974,8.718913855658447e-05,0
2025-07-31 16:00:00+00:00,0.0018828971369246,-0.0076559705415277,0.0034294601755901,-0.6157003877203163,0.0034824630761431,8.608554032142454e-05,0
2025-07-31 17:00:00+00:00,-0.0062284687048716,0.0004304504654696,0.0034523728759424,-0.3222079171704444,0.0034792978461894,8.356396231158304e-05,0
2025-07-31 18:00:00+00:00,-0.0011825541312032,-0.007801864510685,0.0034295960150512,-0.5695926558927111,0.0034758567245762,8.121718046466221e-05,0
2025-07-31 19:00:00+00:00,-0.0073261245714059,-0.0043221805674673,0.0034399138187301,-0.4169149094536643,0.0034730087953808,7.938065034445861e-05,0
2025-08-01 13:00:00+00:00,-0.0217241653213686,-0.0414486738402302,0.0033727279912628,-1.2474888625781089,0.0034682353220334,7.655966609052728e-05,0
2025-08-01 14:00:00+00:00,0.011318672291026,-0.0141370701930548,0.0032879562376026,-2.30576010637424,0.0034618900498901,7.543447898444145e-05,0
2025-08-01 15:00:00+00:00,-0.0017453887077471,0.0110449036331176,0.0033302802503474,-1.7482057171957677,0.0034561526344223,7.200089945752258e-05,1
2025-08-01 16:00:00+00:00,-0.0042882611581888,-0.0252239696081736,0.0032612832446862,-2.6138700366947933,0.0034498089750991,7.212513543760717e-05,1
2025-08-01 17:00:00+00:00,-0.0044726494076591,-0.0079861362764311,0.0032498448748786,-2.5840268033272618,0.0034448612124901,7.546993605500868e-05,1
2025-08-01 18:00:00+00:00,-0.0052428485026586,-0.0047197249922984,0.0032515453898885,-2.41648309509886,0.0034396467323677,7.784095111639409e-05,1
2025-08-01 19:00:00+00:00,-0.0043376247022814,-0.0090702237296418,0.0032361934851972,-2.4521546518808712,0.0034344643867711,8.08557899974899e-05,1
2025-08-04 13:00:00+00:00,0.0138875077473105,0.0491836453058511,0.0033524583966173,-0.9837501630218916,0.0034310334768719,7.987300354102e-05,1
2025-08-04 14:00:00+00:00,-0.0011247299785453,-0.00707599898244,0.0033325662652979,-1.204807832512779,0.0034268092158175,7.822239196688448e-05,1
2025-08-04 15:00:00+00:00,0.0010666392533321,0.0085682293592911,0.0033576598145056,-0.860298289349338,0.0034230946108134,7.606059098099286e-05,0
2025-08-04 16:00:00+00:00,0.0044592810119873,0.0005573716097998,0.0033445840569065,-1.0079287938567576,0.0034192822783841,7.411061369894331e-05,0
2025-08-04 17:00:00+00:00,-0.0014298722202997,0.0074437496661829,0.0033743946997714,-0.5802258120760099,0.0034164658496895,7.250823566017657e-05,0
2025-08-04 18:00:00+00:00,-0.0020391990989591,-0.0007396552278004,0.00337878272432,-0.4959454748296811,0.0034143372879462,7.169046887338201e-05,0
2025-08-04 19:00:00+00:00,-0.0019135841773389,0.0019150820025576,0.0033917437513562,-0.2932227872509151,0.0034125126061728,7.082960711003395e-05,0
2025-08-05 13:00:00+00:00,-0.0032563017950579,-0.0203768359486035,0.0033341695435208,-1.0695131893379897,0.0034101286447426,7.102212668255048e-05,0
2025-08-05 14:00:00+00:00,-0.0118101806635115,-0.0072773116639833,0.0033493172025243,-0.8285807858408389,0.0034082303553528,7.110127803489747e-05,0
2025-08-05 15:00:00+00:00,-0.0017045770765521,-0.0050050808177841,0.0033382809911138,-0.9516023524358724,0.0034059949561402,7.115783694007072e-05,0
2025-08-05 16:00:00+00:00,0.0025073639555789,0.0019361638748632,0.0033363747092282,-0.9463863150937282,0.0034035118905397,7.094056649038464e-05,0
2025-08-05 17:00:00+00:00,0.0041854692191242,-0.0053533535878946,0.0033047009275186,-1.342445389529221,0.0034009666230715,7.170920791547875e-05,0
2025-08-05 18:00:00+00:00,-0.0001502877393998,0.0023281967422296,0.0033129017360742,-1.1863084229720025,0.0033984688002216,7.212885156210838e-05,0
2025-08-05 19:00:00+00:00,0.0009806243442789,-0.0025147063727729,0.0033013422627334,-1.2990369436559444,0.0033957714776447,7.269170855568742e-05,1
2025-08-06 13:00:00+00:00,0.0055251349072322,-0.0028456142017608,0.0032738228944815,-1.613914784176093,0.0033922120771914,7.33552873240931e-05,1
2025-08-06 14:00:00+00:00,0.0057390161429989,0.0058518679881454,0.0032741923722836,-1.5521591479058736,0.0033885508843695,7.367705318115365e-05,1
2025-08-06 15:00:00+00:00,0.004309306391883,0.0088594975146715,0.0032891245196492,-1.312185202730538,0.0033848149497359,7.292448496409534e-05,1
2025-08-06 16:00:00+00:00,-0.0029699657903354,0.0006012517543426,0.003300891697911,-1.1150499665882645,0.0033817510647959,7.251636187420029e-05,1
2025-08-06 17:00:00+00:00,0.0032552364149532,0.0090153760810055,0.0033199601608955,-0.8253530485849022,0.0033787059974537,7.117661546040605e-05,1
2025-08-06 18:00:00+00:00,-0.0005105951995299,-0.0059503196392798,0.003301949523334,-1.0523075991091182,0.0033751633140339,6.957451486792722e-05,1
2025-08-06 19:00:00+00:00,-0.0020816105877329,0.0055851275364562,0.003327361996541,-0.6619878887414665,0.0033722595726779,6.782235279588521e-05,1
2025-08-07 13:00:00+00:00,0.0122918001755606,0.024480712157249,0.0033681670987492,-0.0298042376855077,0.0033701297009444,6.58497699508543e-05,1
2025-08-07 14:00:00+00:00,-0.002366304207571,0.014506475476243,0.003425479590984,0.8892658391061492,0.0033687660862378,6.377564756474147e-05,0
2025-08-07 15:00:00+00:00,0.003941560135852,0.0167194917281655,0.0034695309783008,1.6246410160703473,0.0033680851173529,6.244201638666981e-05,1
2025-08-07 16:00:00+00:00,-0.0045633046573088,-0.0112401125728593,0.0034464427500066,1.276459985230568,0.0033676255307062,6.174672156774586e-05,0
2025-08-07 17:00:00+00:00,0.0018744693984412,0.004953253298258,0.0034570699534939,1.4487112500476775,0.0033676227415598,6.17426087711955e-05,0
2025-08-07 18:00:00+00:00,0.00058707084283,-0.0040678771687146,0.00344101486937,1.2040114135778588,0.0033672689875735,6.125015175500579e-05,0
2025-08-07 19:00:00+00:00,0.0079080983249456,0.0028007562354081,0.0034234852323284,0.9291134056940796,0.0033669281793868,6.0872066418323074e-05,0
2025-08-08 13:00:00+00:00,-0.0050672510165884,0.0170085304398339,0.0034999017175741,2.1110211657483164,0.0033679015318524,6.2529067857517e-05,0
2025-08-08 14:00:00+00:00,-0.0033686389911206,-0.0220555380073678,0.0034351067020916,1.0815416166247147,0.0033677164699702,6.230942118687728e-05,0
2025-08-08 15:00:00+00:00,-0.002382179134633,-0.027548905101053,0.0033497350810464,-0.2660692797868829,0.0033660881403871,6.146165898528335e-05,1
2025-08-08 16:00:00+00:00,-0.0001511797959182,0.0123293339324952,0.0033918034671898,0.42924826962633,0.0033655731168253,6.110764380576287e-05,1
2025-08-08 17:00:00+00:00,0.003978106734481,-0.0036472755140715,0.0033660380297425,0.0091494579629868,0.0033654789757488,6.11024167688988e-05,1
2025-08-08 18:00:00+00:00,-0.0015139518726737,0.0044334228924088,0.0033861167680856,0.3284419237114145,0.0033660371504306,6.113597627290763e-05,0
2025-08-08 19:00:00+00:00,-0.0005297843496507,0.0015957003047893,0.0033933215614408,0.4308175929405581,0.0033669967501244,6.110430898768338e-05,0
2025-08-11 13:00:00+00:00,0.0303163021166529,0.0313429176028747,0.0033968069866951,0.4778430104768514,0.0033675519195367,6.12231768949524e-05,0
2025-08-11 14:00:00+00:00,0.0017318472183019,0.0078914933516225,0.003417794687764,0.8071508683999783,0.0033681268681993,6.15347409130169e-05,0
2025-08-11 15:00:00+00:00,0.0005747765006578,-0.0014356353984488,0.0034109304149748,0.6799197665890596,0.0033689266009232,6.177760394044182e-05,0
2025-08-11 16:00:00+00:00,-0.002272255478491,-0.0120887266645003,0.0033776109223222,0.1349303336824538,0.0033692768029989,6.17660914032518e-05,0
2025-08-11 17:00:00+00:00,-0.0041332992132972,-0.0002467154466055,0.0033907638334918,0.3445107756436257,0.0033694677893882,6.181532076561972e-05,0
2025-08-11 18:00:00+00:00,0.0018336222006319,-0.0091706919703116,0.0033536553541412,-0.247384690779959,0.0033689473917274,6.181480971181722e-05,0
2025-08-11 19:00:00+00:00,-0.0059364290456354,-0.0033924687649165,0.0033621977813481,-0.0985615634302875,0.0033682753459991,6.166262424729233e-05,0
2025-08-12 13:00:00+00:00,-0.0019049756326971,-0.0034799158020799,0.0033569066886757,-0.1689880920096329,0.0033672731807223,6.134451205030996e-05,0
2025-08-12 14:00:00+00:00,0.0048600588987845,-0.0023337199495707,0.003332844497154,-0.5386726599584956,0.0033656958628642,6.098576770677992e-05,0
2025-08-12 15:00:00+00:00,0.0044202895960411,-0.0029821924429059,0.0033082642652308,-0.9156757243470198,0.003364485265089,6.139837320491768e-05,0
2025-08-12 16:00:00+00:00,-0.0024223999097958,-0.0061567368517145,0.0032959331304078,-1.083582787583667,0.0033631193656296,6.20037859512771e-05,0
2025-08-12 17:00:00+00:00,-0.0033217938700897,-0.0028188159253729,0.0032975913290634,-1.0231252190441105,0.0033614155013321,6.23815844637027e-05,0
2025-08-12 18:00:00+00:00,0.0006644301779922,0.0012708419687643,0.0032995916337693,-0.9586633402185832,0.0033592364965697,6.221669307471202e-05,0
2025-08-12 19:00:00+00:00,0.0030639961684132,0.001510203570367,0.003294468733705,-1.0114390407623877,0.0033564388110818,6.126921631391899e-05,0
2025-08-13 13:00:00+00:00,0.0168621459436257,-0.0018785535862798,0.0032333030193694,-1.9170268455885973,0.0033531695251448,6.25272963971224e-05,0
2025-08-13 14:00:00+00:00,-0.0057132689503936,-0.0212769973795807,0.0031833703464543,-2.5475160257385165,0.0033486861496533,6.489293944721979e-05,0
2025-08-13 15:00:00+00:00,-0.0005278683787397,0.0112662817053479,0.0032211377736533,-1.878272160149585,0.00334521184563,6.60575579030407e-05,0
2025-08-13 16:00:00+00:00,0.0035942549631383,-0.0027371463332274,0.0032008078840352,-2.0819650791498554,0.0033412267467184,6.744534963122839e-05,0
2025-08-13 17:00:00+00:00,0.0039224121747912,-0.0085291353721205,0.0031611999741018,-2.479123948847265,0.0033377012797658,7.119503070674253e-05,0
2025-08-13 18:00:00+00:00,-0.0018741815889418,0.001348799249694,0.0031714048973477,-2.217826464723822,0.0033357587574282,7.410582509256095e-05,0
2025-08-13 19:00:00+00:00,0.0095389309778164,0.0108282282971097,0.0031754964182069,-2.0494307390238165,0.0033331790268925,7.693971095637057e-05,0
2025-08-14 13:00:00+00:00,-0.0358127010412702,-0.0263453821488433,0.0032057026156767,-1.619423249167253,0.0033322526830757,7.814514671444724e-05,0
2025-08-14 14:00:00+00:00,0.0030667185724545,-0.0272205031313454,0.0031100663784073,-2.6617015981079715,0.0033299230414678,8.260004172397989e-05,1
2025-08-14 15:00:00+00:00,-0.0049198747338141,-0.0080809506908541,0.0031002507445094,-2.604528752802891,0.0033274014640448,8.721375000794668e-05,0
2025-08-14 16:00:00+00:00,-0.00301242817933,0.0128309845268848,0.0031497604623633,-1.9702293733703269,0.0033259609136643,8.94314406649867e-05,0
2025-08-14 17:00:00+00:00,8.613285257072826e-07,-0.0060901414624607,0.0031306335726997,-2.064142601587131,0.0033222638332656,9.283770434203942e-05,0
2025-08-14 18:00:00+00:00,0.0027177031301032,0.0124244153055323,0.0031611696946301,-1.6634851329373368,0.0033194072237545,9.512410179762424e-05,0
2025-08-14 19:00:00+00:00,-0.00089586572449,-0.0023840859975551,0.0031564686767467,-1.6405661062735468,0.0033160540381252,9.727456928936424e-05,0
2025-08-15 13:00:00+00:00,-0.0022983979241486,-0.020127706621994,0.0031006897497636,-2.090344925624845,0.0033119891330062,0.0001010835009343,1
2025-08-15 14:00:00+00:00,-0.00358768161677,-0.0134437420970798,0.0030702792739808,-2.2444852998523426,0.0033069205425763,0.0001054323094078,1
2025-08-15 15:00:00+00:00,-0.0006476391510872,0.000804004821314,0.0030747394629024,-2.0805473393028597,0.003301853154886,0.0001091605500597,1
2025-08-15 16:00:00+00:00,0.0007191518723493,0.0117636768679831,0.0031088867227776,-1.6914008359353558,0.0032971388710764,0.0001112995478654,1
2025-08-15 17:00:00+00:00,0.0019907891488304,0.0087531857127813,0.0031299814928812,-1.4459201284498868,0.003293735736899,0.0001132526208023,1
2025-08-15 18:00:00+00:00,-0.0041613312531652,-0.0010050256267847,0.0031398762783467,-1.3106484617985747,0.0032902450548294,0.0001147285339017,1
2025-08-15 19:00:00+00:00,-0.0015699405735213,-0.0040302338300748,0.003132160757027,-1.32927959353586,0.0032868097175946,0.0001163404308014,0
2025-08-18 13:00:00+00:00,-0.0160403419058209,-0.0084398403899752,0.0031560574479888,-1.088478905300111,0.0032838044299073,0.0001173628457992,0
2025-08-18 14:00:00+00:00,0.0044933672730328,-0.0029211517254524,0.0031327433383427,-1.246038992688687,0.0032809384700877,0.0001189329809215,0
2025-08-18 15:00:00+00:00,0.0046650297296351,0.0089021093174762,0.0031460451817797,-1.0998566209970668,0.0032781575275161,0.0001201177891866,0
2025-08-18 16:00:00+00:00,-0.0013780511690963,0.0035770187743189,0.0031616727415515,-0.94336090763727,0.0032758297021631,0.0001210109086431,0
2025-08-18 17:00:00+00:00,0.0041847201703124,-0.0066178686488123,0.0031277023056199,-1.1891967312558511,0.0032733943590154,0.0001225129951725,0
2025-08-18 18:00:00+00:00,0.0001992990752663,-0.0045649723562466,0.0031128365233089,-1.270533526231393,0.0032707050948658,0.0001242537629252,0
2025-08-18 19:00:00+00:00,-0.0012628988257841,0.0017761814140397,0.0031223110729427,-1.158491762362318,0.0032679248707541,0.0001256925621243,0
2025-08-19 13:00:00+00:00,-0.0102987326081787,-0.0321095077802874,0.0030549483352821,-1.6245388861946353,0.0032638258147103,0.0001285764725013,0
2025-08-19 14:00:00+00:00,-0.0111289635448217,-0.0227517145378463,0.0030196469783246,-1.809866407829871,0.0032588205950007,0.0001321498734057,0
2025-08-19 15:00:00+00:00,-0.0013256120442655,-0.0028742929217891,0.0030149741281033,-1.7616047461237774,0.0032540376717469,0.0001357078221829,0
2025-08-19 16:00:00+00:00,-0.0036467331986783,-0.0097687238787757,0.0029965728682324,-1.808063987719253,0.0032485245196084,0.0001393488577214,0
2025-08-19 17:00:00+00:00,0.0012318304947062,-0.0073130579166698,0.0029710765740853,-1.894533154682408,0.0032419063441974,0.0001429533019481,1
2025-08-19 18:00:00+00:00,-0.0038718009224252,-0.0051566244970136,0.0029672617160956,-1.8388699380732392,0.0032342693796159,0.0001452020384867,0
2025-08-19 19:00:00+00:00,0.0008199925021259,0.0025748319522291,0.0029724733554715,-1.7395925944602362,0.0032259850859021,0.0001457305183051,0
2025-08-20 13:00:00+00:00,-0.0026631288333239,-0.0217580165840976,0.0029162527814092,-2.0304755360444875,0.0032171485864254,0.0001481898204015,1
2025-08-20 14:00:00+00:00,0.0056613899992253,0.0305101295501812,0.0029896258257028,-1.488203943675072,0.0032093578509622,0.0001476491351829,1
2025-08-20 15:00:00+00:00,-0.001171530103166,0.0091755868617368,0.0030207204261139,-1.2403424454529932,0.0032023529435746,0.0001464373956777,0
2025-08-20 16:00:00+00:00,0.0037466017380297,-0.0097388973213186,0.0029802579452256,-1.4678620741999973,0.0031949658221229,0.0001462725147486,0
2025-08-20 17:00:00+00:00,0.0035141368354598,-0.0027189989475613,0.0029617393671473,-1.5602122643018517,0.0031859964496158,0.0001437349824761,1
2025-08-20 18:00:00+00:00,-0.005851227325593,0.0132605462771773,0.0030188878240954,-1.1316704613470734,0.0031790594683159,0.0001415355880454,0
2025-08-20 19:00:00+00:00,0.006972330695587,0.0047008630538288,0.0030120383002698,-1.1418142016493815,0.0031734311886363,0.0001413477675556,0
2025-08-21 13:00:00+00:00,-0.0067202343174768,-0.0038988567759116,0.0030205483969372,-1.0497483281265672,0.0031672436041321,0.0001397432158398,0
2025-08-21 14:00:00+00:00,-0.0026614303858973,-0.0152606764173561,0.0029827305032771,-1.2790621582760515,0.0031608551453576,0.0001392619122753,1
2025-08-21 15:00:00+00:00,-0.00418406415228,-0.003766484840808,0.0029839762899162,-1.2339920665180175,0.0031541528040548,0.0001379073000192,1
2025-08-21 16:00:00+00:00,-0.0037187421769833,-0.0031097698838662,0.0029857940022121,-1.1884270512770427,0.0031473606780677,0.0001359500153433,1
2025-08-21 17:00:00+00:00,0.00038245639233,0.0058840599742853,0.0030022659266417,-1.0399803853381382,0.0031407849937334,0.000133193922736,1
2025-08-21 18:00:00+00:00,0.0018604927807652,0.0010661767559935,0.0029998821255766,-1.03559757629965,0.0031338197843637,0.0001293336927898,1
2025-08-21 19:00:00+00:00,-0.0046528945876313,-0.0009179809403146,0.0030111073758891,-0.9280705707897364,0.0031271560670456,0.0001250429598879,1
2025-08-22 13:00:00+00:00,0.0021708184832714,0.0321836734486684,0.0031028491344677,-0.1634836246054957,0.0031225767039147,0.0001206700028494,0
2025-08-22 14:00:00+00:00,0.0311238340613741,0.0239101181617001,0.0030805466011161,-0.3190764082260551,0.0031174064167084,0.0001155203413415,0
2025-08-22 15:00:00+00:00,0.0056338233989656,-0.0088905829832967,0.0030361268565034,-0.6801298182042527,0.0031121142750811,0.0001117248744927,1
2025-08-22 16:00:00+00:00,-0.0035211013157507,0.0085050801917066,0.0030728603080111,-0.32213078480972,0.0031072919838588,0.0001068872565783,1
2025-08-22 17:00:00+00:00,0.0067670985470312,-0.0027284980646601,0.0030438197629392,-0.5709699903042526,0.0031020738684299,0.0001020265626563,1
2025-08-22 18:00:00+00:00,-0.0014861370300667,0.0061484561708089,0.0030671470223679,-0.3127847180800815,0.0030976455771834,9.750653741261214e-05,0
2025-08-22 19:00:00+00:00,-0.0009634306505648,0.0005304441490703,0.0030717323801338,-0.2348633058878308,0.0030937033790985,9.3548027358351e-05,0
2025-08-25 13:00:00+00:00,-0.0453785572555516,-0.0251968942882589,0.0031343548349,0.4822392140221569,0.0030910104075067,8.988159015891231e-05,0
2025-08-25 14:00:00+00:00,0.0066077855324186,-0.002192067081176,0.0031068939772719,0.2223513102518557,0.0030878321183102,8.57285659355368e-05,0
2025-08-25 15:00:00+00:00,-0.0001379402692969,-0.0002438307014543,0.0031065650043439,0.270497972375802,0.0030846150078197,8.114662129015291e-05,1
2025-08-25 16:00:00+00:00,0.0033734811942007,-0.0068694957734155,0.0030749069437415,-0.0792436211381038,0.0030809556446537,7.633044559676005e-05,1
2025-08-25 17:00:00+00:00,-0.0004653787200443,0.0011289410927331,0.0030798132388669,0.0192192365869009,0.0030783974816453,7.366355136753242e-05,1
2025-08-25 18:00:00+00:00,-0.0011179601880627,-0.0012994680408128,0.0030792542793083,0.0358199816305358,0.0030766622138595,7.236367331271899e-05,1
2025-08-25 19:00:00+00:00,-0.0143712709792219,-0.0082108787571576,0.0030982822431038,0.3385798603154921,0.0030746146216837,6.990262621663639e-05,1
2025-08-26 13:00:00+00:00,-0.0067015958212829,0.0049114512929448,0.0031344724734657,0.8915269637343287,0.0030735090315076,6.838092894330088e-05,1
2025-08-26 14:00:00+00:00,0.0033099958807024,-0.0030899692993667,0.0031144760153493,0.6172912471466359,0.0030727302988617,6.76272613301263e-05,1
2025-08-26 15:00:00+00:00,-0.0064816294192929,0.0042425391024915,0.0031480559174308,1.12813363269032,0.0030723411491964,6.711507044943181e-05,0
2025-08-26 16:00:00+00:00,0.0033047351451812,0.0009325778227384,0.0031405970837959,1.0374478751727003,0.0030717594936229,6.635281812256193e-05,0
2025-08-26 17:00:00+00:00,-0.0013369315460546,0.0068904689751494,0.0031665426196832,1.4638405493731268,0.003071106827023,6.51954836891585e-05,0
2025-08-26 18:00:00+00:00,0.0072029600759973,0.004729566434444,0.0031587201912622,1.315466819995937,0.0030719177239039,6.598605608204401e-05,0
2025-08-26 19:00:00+00:00,0.0039414691081578,0.0053331797950271,0.003163119276326,1.346866736599737,0.0030729655327675,6.693590472516387e-05,0
2025-08-27 13:00:00+00:00,0.0030575065860836,-0.0068499106933639,0.0031319356633573,0.8895222279388382,0.0030726684527841,6.662813891742261e-05,0
2025-08-27 14:00:00+00:00,0.0025509937614232,-0.0045209356283368,0.0031098649686735,0.5656113357877619,0.0030723223093836,6.637536575820919e-05,0
2025-08-27 15:00:00+00:00,0.0022484308025616,-0.0061394437702911,0.0030838889056555,0.1966613869912317,0.0030710342962341,6.536417554090495e-05,0
2025-08-27 16:00:00+00:00,0.0011088776474784,0.0054055480961522,0.0030971678672153,0.4205405791341479,0.0030700459494085,6.449298629534354e-05,0
2025-08-27 17:00:00+00:00,0.0021307985227306,-0.0004030988309748,0.0030893298962532,0.3022949765628489,0.0030698566185167,6.441813211036283e-05,0
2025-08-27 18:00:00+00:00,-0.0035730886514063,-0.0095198584786714,0.00307101287996,0.0177594716611423,0.003069868845283,6.441828331159423e-05,0
2025-08-27 19:00:00+00:00,0.0002562073891795,-0.0054827105212794,0.0030534390647145,-0.2494159161961499,0.0030695138386466,6.44496717661069e-05,0
2025-08-28 13:00:00+00:00,0.0065456800722713,-0.0065118182486335,0.0030138279630014,-0.8370512995474724,0.0030679295259836,6.46335093338216e-05,0
2025-08-28 14:00:00+00:00,0.0040607465871139,0.0044191810081907,0.0030149084163068,-0.7926900797741147,0.003066011641374,6.44681021891619e-05,0
2025-08-28 15:00:00+00:00,-0.0049389707107608,0.0025310812876225,0.0030375142672678,-0.4197194298423639,0.0030643056078561,6.383154717977197e-05,1
2025-08-28 16:00:00+00:00,-0.0011330768185974,-0.0069281698284186,0.0030199624957647,-0.6693708537482569,0.003062435636835,6.345233114417865e-05,1
2025-08-28 17:00:00+00:00,-0.0009300972549133,-0.003663053567928,0.0030117203380554,-0.7720564018922997,0.0030600300183361,6.25727345337789e-05,1
2025-08-28 18:00:00+00:00,-0.0002829517031583,-0.0024693298062105,0.0030051427717994,-0.8478731448944986,0.0030579033422271,6.222696254195671e-05,1
2025-08-28 19:00:00+00:00,-0.0040789815782592,0.0032516689662004,0.0030272533668027,-0.4680278979778933,0.0030559234786441,6.125727112705185e-05,1
2025-08-29 13:00:00+00:00,-0.0251369575533484,-0.0122785020168651,0.0030664305085914,0.2026394069025797,0.0030543361080948,5.968434610760591e-05,1
2025-08-29 14:00:00+00:00,-0.0086836315046835,0.0025810935513447,0.0031011682936389,0.7981757680143827,0.0030538938745618,5.922808104626273e-05,0
2025-08-29 15:00:00+00:00,0.0022506571871185,0.0098744603131758,0.0031249013432677,1.190991294531808,0.0030540949548944,5.945164225663165e-05,0
2025-08-29 16:00:00+00:00,0.0026376777382546,-0.0026591651202031,0.0031083929915739,0.920996432676761,0.0030538629868716,5.920761771440086e-05,1
2025-08-29 17:00:00+00:00,-0.0019185762600266,-0.0084319363346756,0.0030882127008599,0.5691988917591224,0.0030544173929646,5.9373460462811695e-05,0
2025-08-29 18:00:00+00:00,-0.0032878466107155,0.0031815231198614,0.0031082562553042,0.878623554282097,0.0030558942142476,5.959553531367642e-05,0
2025-08-29 19:00:00+00:00,0.0009807289653253,-0.0067143384287508,0.0030844298045852,0.4604312737055685,0.0030570518088556,5.946163367509598e-05,0
2025-09-02 13:00:00+00:00,0.0259679363837501,0.0281351079096549,0.0030911215414832,0.549967714867451,0.0030586276200764,5.90833253085654e-05,0
2025-09-02 14:00:00+00:00,0.0014738460376146,0.0123538406948278,0.0031249365473124,1.088616746439651,0.0030611919529636,5.8555588601155775e-05,0
2025-09-02 15:00:00+00:00,-0.0049751652752852,-0.023301206666036,0.0030681903852056,0.0928664960465556,0.0030628740974487,5.724656343484335e-05,0
2025-09-02 16:00:00+00:00,-0.0002670614440994,0.0025866535245138,0.0030769586311213,0.2203096901645246,0.0030646155187096,5.602618932690503e-05,0
2025-09-02 17:00:00+00:00,0.0017561465749905,-0.003028208161541,0.0030622725292946,-0.0909232082707872,0.0030670491811743,5.253501246380792e-05,0
2025-09-02 18:00:00+00:00,-0.0021911472447972,0.0042457509717154,0.0030820476427937,0.260954680942761,0.0030685895447925,5.157254873750964e-05,0
2025-09-02 19:00:00+00:00,0.0002683068909025,0.0016229638457324,0.0030862255892713,0.3229146368469025,0.0030696812975118,5.123425782460933e-05,0
2025-09-03 13:00:00+00:00,0.0067523854032963,-0.0003923346737422,0.0030642539553937,-0.1368765822236696,0.0030710812310146,4.9879062656011525e-05,0
2025-09-03 14:00:00+00:00,0.0079000751456908,-0.0081003489901587,0.0030156147540598,-1.1660361210767425,0.0030719791541298,4.833846829541172e-05,0
2025-09-03 15:00:00+00:00,-0.0007471328655509,-0.012028532751266,0.0029817855771401,-1.8185006269350392,0.0030713607833472,4.925772632701677e-05,0
2025-09-03 16:00:00+00:00,-0.003295903897703,0.0032069123248544,0.0030012387624571,-1.4130468131292797,0.0030711807910503,4.949731880311766e-05,0
2025-09-03 17:00:00+00:00,0.0041542448908397,-0.0163804464286711,0.0029402377132804,-2.496404252690758,0.0030698422796561,5.191649799343101e-05,0
2025-09-03 18:00:00+00:00,-0.0029921113802023,-0.0036396209439609,0.0029383344974831,-2.445531544441774,0.0030691023462262,5.3472157838357685e-05,1
2025-09-03 19:00:00+00:00,0.0020040193696189,0.0034125842974506,0.0029424762486804,-2.2962812822003222,0.0030684106788722,5.48427717318364e-05,0
2025-09-04 13:00:00+00:00,-0.0152818790018663,-0.0299914908747615,0.0028995103457132,-2.883232052770341,0.0030669726179306,5.808144094974886e-05,1
2025-09-04 14:00:00+00:00,-0.0057383473569649,-0.0012118453202688,0.0029126647344219,-2.51096784693027,0.0030654792647269,6.085881605050549e-05,1
2025-09-04 15:00:00+00:00,-0.00329978015469,0.0054214831919505,0.002938177942603,-2.020829862201201,0.0030644508616774,6.248567553175733e-05,0
2025-09-04 16:00:00+00:00,-0.0008452276097333,0.0164569532706603,0.0029894571708027,-1.1872806885762868,0.0030640900249259,6.286032851478622e-05,0
2025-09-04 17:00:00+00:00,0.003430987136016,-0.00915046456944,0.0029520810755809,-1.703370566957335,0.0030615772239445,6.428204789234412e-05,1
2025-09-04 18:00:00+00:00,0.0018585897507308,0.0055831343566256,0.0029630967346496,-1.4742666024937945,0.00305961972617,6.547187011979883e-05,1
2025-09-04 19:00:00+00:00,-0.0011169146354895,0.0047129019273235,0.0029804214960934,-1.1822956026213882,0.0030586913034965,6.620155503377443e-05,1
2025-09-05 13:00:00+00:00,0.0281648875958036,-0.0124267594011628,0.0028618637835648,-2.7274827337368337,0.0030551746947558,7.08752098775357e-05,1
2025-09-05 14:00:00+00:00,-0.0217036558633399,0.0074605068733605,0.0029465566399393,-1.481163000460423,0.0030535536427058,7.22385063177923e-05,1
2025-09-05 15:00:00+00:00,0.0008549220968281,0.0135693960249986,0.0029842597371234,-0.9333148845692554,0.0030521721879517,7.27647784805966e-05,0
2025-09-05 16:00:00+00:00,0.0010340511975406,0.0090248689002871,0.0030082019441676,-0.588332345510843,0.0030511133473522,7.293735167214388e-05,0
2025-09-05 17:00:00+00:00,-0.0019403243625264,0.0070991715037005,0.0030355178482036,-0.1933567458216356,0.0030494660642406,7.213720926985896e-05,0
2025-09-05 18:00:00+00:00,0.0053878435613966,-0.0012367930639689,0.0030154751067283,-0.4517590754551561,0.0030479424163982,7.186863847113386e-05,0
2025-09-05 19:00:00+00:00,0.0029490185009822,0.0020556288764527,0.0030127823155899,-0.4692892843666482,0.0030463793715857,7.15913555136023e-05,0
2025-09-08 13:00:00+00:00,0.0036733001284763,-0.0192915038304599,0.0029443827575943,-1.3733484758415662,0.0030442039684832,7.268454630768997e-05,0
2025-09-08 14:00:00+00:00,0.0059616177542319,0.007586700103124,0.0029491715120484,-1.262452652578141,0.0030420266063696,7.355134795083255e-05,0
2025-09-08 15:00:00+00:00,-0.0001067782953003,-0.0024993870355623,0.0029421237331629,-1.3103106576314738,0.0030397410972672,7.449940480580817e-05,0
2025-09-08 16:00:00+00:00,-0.0013792900208561,-0.0069689888466234,0.0029257240250015,-1.471583444714697,0.0030368651269655,7.552483847461139e-05,0
2025-09-08 17:00:00+00:00,-0.0022442540603836,-0.001454343973296,0.0029280359969256,-1.392097041779757,0.0030334245190231,7.570486750174937e-05,1
2025-09-08 18:00:00+00:00,0.0025487432779094,0.0040032967644977,0.0029322980808569,-1.289784882533594,0.0030303882201149,7.605154982540022e-05,0
2025-09-08 19:00:00+00:00,-0.0040298387479293,0.0004546854254246,0.0029454775722702,-1.0837798096205915,0.0030270119143622,7.52314643327715e-05,0
2025-09-09 13:00:00+00:00,0.0063207793681808,-0.0032328916091032,0.0029174714423647,-1.4102776941948327,0.0030232931536717,7.503608100912805e-05,1
2025-09-09 14:00:00+00:00,-0.0085495842676105,-0.0116979512021951,0.0029083006158817,-1.4941687035546352,0.003018989120275,7.408032582264035e-05,1
2025-09-09 15:00:00+00:00,-0.007438039311786,0.0063476923232623,0.0029486712980247,-0.9240731918400772,0.0030154883053877,7.230705094900888e-05,0
2025-09-09 16:00:00+00:00,0.0003027508954979,-0.0027549817153759,0.0029396688202372,-1.0255229385740827,0.0030117641311196,7.030102221080243e-05,0
2025-09-09 17:00:00+00:00,0.0005452836060206,0.0018374664196361,0.0029434698650579,-0.943705222428501,0.0030086230344813,6.903974660187252e-05,0
2025-09-09 18:00:00+00:00,0.0011733778144689,0.000565858598619,0.002941682193631,-0.939480030676264,0.0030058199882306,6.826946023897317e-05,0
2025-09-09 19:00:00+00:00,0.0017910565099036,0.0043507490935654,0.0029492216409427,-0.8008310171316881,0.0030035755338187,6.787186274415506e-05,0
2025-09-10 13:00:00+00:00,0.0230508703923596,0.0256362630084561,0.002956856401971,-0.6623560803668217,0.0030012370093979,6.700415190921476e-05,0
2025-09-10 14:00:00+00:00,-0.0008781171440532,-0.0111006185987549,0.0029267839030622,-1.076151563010329,0.0029985279095114,6.666719532379825e-05,0
2025-09-10 15:00:00+00:00,0.0001527177379887,-0.0069556519640473,0.0029060530097606,-1.338633280845423,0.0029957785783414,6.70277437926697e-05,0
2025-09-10 16:00:00+00:00,-0.0012878544069868,-0.0135373947332655,0.0028706723371237,-1.781906936531374,0.0029927324662149,6.849972161217992e-05,0
2025-09-10 17:00:00+00:00,6.80023916226707e-06,-0.0048201967416432,0.0028568489998633,-1.886444397425184,0.0029901161501626,7.064462142705503e-05,1
2025-09-10 18:00:00+00:00,-0.0008683317382969,-0.0072582476931969,0.0028386521748658,-2.0286579060800096,0.0029871785461386,7.32141041758183e-05,0
2025-09-10 19:00:00+00:00,-0.0009874440111848,0.0122009745844433,0.0028763374664665,-1.4559447108317514,0.0029844922661252,7.42849634702108e-05,0
2025-09-11 13:00:00+00:00,0.0101133864246882,-0.0038504650198135,0.0028364518439375,-1.89411650123878,0.0029814337552615,7.654329141269792e-05,1
2025-09-11 14:00:00+00:00,-0.0014883941837558,0.00643877942584,0.0028590262475333,-1.53585445875966,0.0029788888537528,7.80429457595239e-05,0
2025-09-11 15:00:00+00:00,-0.0029711336166263,0.001415412054306,0.0028715950433871,-1.3269909841044325,0.0029766630582792,7.917764035373989e-05,0
2025-09-11 16:00:00+00:00,0.0032402475917019,-0.0085156390420308,0.0028380345507789,-1.6750416930930274,0.0029735094113455,8.087850059209408e-05,1
2025-09-11 17:00:00+00:00,0.0002624272227926,-0.0015855755438451,0.0028327946981995,-1.6696426007808438,0.0029696154811723,8.19461499777361e-05,1
2025-09-11 18:00:00+00:00,-0.0023111524332525,0.0049367280766561,0.0028534010416314,-1.3761911974212664,0.0029654860269722,8.144579441491477e-05,1
2025-09-11 19:00:00+00:00,0.0017055154343922,-0.0004330233373839,0.0028473054530218,-1.4174726832531,0.0029608594288014,8.011016869755783e-05,1
2025-09-12 13:00:00+00:00,0.005955691412657,0.0177243825045093,0.0028810124660143,-0.9704645968010884,0.0029570697533754,7.837203707569428e-05,0
2025-09-12 14:00:00+00:00,0.0007717603763129,0.0083173006785496,0.0029028334838407,-0.6663905105664466,0.0029539800997584,7.675171705891187e-05,0
2025-09-12 15:00:00+00:00,-0.0010437099897756,-0.0093725690369594,0.0028787565985922,-0.9568020610693444,0.0029501551054799,7.462202454697248e-05,0
2025-09-12 16:00:00+00:00,0.0029734515902432,0.0039067100581392,0.0028814444766122,-0.8947098942894137,0.0029467720166803,7.301533210384667e-05,0
2025-09-12 17:00:00+00:00,0.0032500790208251,0.0003301575980105,0.0028730431567223,-0.9857016394382596,0.0029431373769343,7.111099079831504e-05,0
2025-09-12 18:00:00+00:00,0.0054595540197828,-0.0080752626264389,0.0028344190193203,-1.5195511067544702,0.0029382954181345,6.835992442271978e-05,0
2025-09-12 19:00:00+00:00,0.0019739221804599,0.0036271891861117,0.0028391089465478,-1.4155446552736315,0.0029344773941568,6.737226356915507e-05,0
2025-09-15 13:00:00+00:00,-0.0177649063758282,-0.0202070331374416,0.0028321839419216,-1.4881968195172526,0.0029303978160035,6.599521837021374e-05,0
2025-09-15 14:00:00+00:00,0.0006287163388951,-0.0105541861833363,0.0028006883393298,-1.9057157318487228,0.0029260380795041,6.577567581533706e-05,1
2025-09-15 15:00:00+00:00,0.0014844131886255,0.0070474491617784,0.0028163120867528,-1.6448589530631814,0.0029216091535701,6.40158638655352e-05,0
2025-09-15 16:00:00+00:00,-0.0019055113567517,0.0016731566611441,0.002826408788342,-1.4793183847469191,0.0029172788735546,6.142699647996139e-05,0
2025-09-15 17:00:00+00:00,0.0029174174243733,-0.0022541402732824,0.0028118295833093,-1.692641351219267,0.0029130718006865,5.9813153745922255e-05,1
2025-09-15 18:00:00+00:00,0.0025264798560786,0.0069470010011512,0.0028242868489562,-1.4421785703826966,0.0029098830022681,5.935197975465319e-05,1
2025-09-15 19:00:00+00:00,-0.0002151633390025,0.0062737968397745,0.0028426731232381,-1.095905134348664,0.0029075644613697,5.921255051903237e-05,0
2025-09-16 13:00:00+00:00,-0.0014708672437271,-0.0069340593745758,0.0028271853985296,-1.3174832814596482,0.0029046635719709,5.880770900978108e-05,1
2025-09-16 14:00:00+00:00,0.0014457979746249,0.0041386232034114,0.0028348087742999,-1.1483625856295472,0.0029029064229879,5.929977999996455e-05,1
2025-09-16 15:00:00+00:00,0.0044440945033985,0.0050749045471431,0.0028365975642809,-1.0818892385104464,0.0029012108074346,5.972260454560279e-05,1
2025-09-16 16:00:00+00:00,0.0017229392703104,0.009880148130933,0.00285983091388,-0.6699707074329734,0.0028998333851879,5.970779149615531e-05,1
2025-09-16 17:00:00+00:00,0.0046277920601685,-0.0003919055907285,0.0028455113972494,-0.8886147312249392,0.0028989334027135,6.0118298275839455e-05,1
2025-09-16 18:00:00+00:00,-0.000994521896368,0.0038218768459846,0.0028592495724716,-0.6432712933165361,0.0028980431500143,6.030671342838475e-05,0
2025-09-16 19:00:00+00:00,0.0034169990791282,0.0068545275544926,0.002869095236976,-0.461837594171621,0.0028968917715872,6.0186816668935286e-05,0
2025-09-17 13:00:00+00:00,-0.0060157357862191,-0.0029226555164216,0.0028779833175328,-0.289043299988863,0.0028950338740327,5.898962716158041e-05,0
2025-09-17 14:00:00+00:00,-0.0041415987830914,-0.0025211557019579,0.0028826507062849,-0.1917963744254031,0.0028938767012111,5.853079840442668e-05,0
2025-09-17 15:00:00+00:00,0.0021387996635401,0.0017381918296456,0.0028814961251122,-0.1905383529076414,0.0028925166910522,5.783909523624317e-05,1
2025-09-17 16:00:00+00:00,-0.0019625808480816,-0.0082077665390215,0.0028635567224999,-0.4756773407444015,0.0028905689448256,5.6786859519999765e-05,1
2025-09-17 17:00:00+00:00,0.0036701581057229,-0.0032217600664545,0.0028438891752983,-0.8138601392631252,0.0028902693680212,5.698791534978152e-05,1
2025-09-17 18:00:00+00:00,-0.007491383073429,0.0015750814797151,0.0028697904346992,-0.3394359416108398,0.0028889899312672,5.656294521083048e-05,1
2025-09-17 19:00:00+00:00,0.0039803963368876,-0.002982885566424,0.002849876687879,-0.6658910562310099,0.0028867502137797,5.537471265863184e-05,1
2025-09-18 13:00:00+00:00,0.0142500208151178,0.0574726179436618,0.0029757565912826,1.64860525916209,0.0028862094578983,5.431690387167849e-05,0
2025-09-18 14:00:00+00:00,0.0029324556610168,0.0065217570391696,0.0029864566699327,1.929995869441985,0.0028853917715938,5.2365344371512566e-05,0
2025-09-18 15:00:00+00:00,-3.491418246966682e-05,0.0068174863497956,0.0030069913427578,2.340342214987893,0.0028852503755276,5.20184468965756e-05,0
2025-09-18 16:00:00+00:00,-0.0007379965833579,0.001807786896478,0.0030146562440921,2.48335001573299,0.0028852816076693,5.20968190561635e-05,0
2025-09-18 17:00:00+00:00,-0.0003872775938757,0.0083138988923629,0.0030410017523568,2.7844548364500423,0.0028868919242487,5.534649946218504e-05,0
2025-09-18 18:00:00+00:00,0.0025237417955314,-0.0197310689279166,0.0029740723469311,1.5518240002489718,0.0028873069381634,5.5911887400723705e-05,0
2025-09-18 19:00:00+00:00,-0.0036958560657674,-0.0034006418235107,0.0029749504650555,1.5384367650272464,0.0028878540503616,5.661358118436236e-05,0
2025-09-19 13:00:00+00:00,-0.0091216391338313,-0.0116899709829401,0.0029673196085072,1.373889374789259,0.0028885473100867,5.733525556417717e-05,0
2025-09-19 14:00:00+00:00,-0.003737691445114,-0.013397389006063,0.0029387941937699,0.8710815947283993,0.0028887266133675,5.74774862715356e-05,1
2025-09-19 15:00:00+00:00,8.09341158664466e-05,0.0020086292051424,0.0029444647567078,0.9632359359663272,0.0028889293912983,5.76549974266962e-05,1
2025-09-19 16:00:00+00:00,0.0016417296349084,-0.0034479145871403,0.0029295165514638,0.7114051896400653,0.0028886633742849,5.742603199105891e-05,1
2025-09-19 17:00:00+00:00,-0.0043687234966122,0.0006023746224886,0.0029441157225743,0.9524474650306408,0.0028891074456217,5.775465731418186e-05,1
2025-09-19 18:00:00+00:00,-0.0015286603060732,0.0059458570941382,0.0029662040135923,1.3000827514918083,0.0028900725022502,5.8558973461307166e-05,0
2025-09-19 19:00:00+00:00,-0.0020286775438339,0.0068392930633695,0.0029926252016106,1.7092331895416573,0.00289080506731,5.957065128598541e-05,0
2025-09-22 13:00:00+00:00,-0.0185699130317479,-0.0124302804227511,0.0030110553401309,1.943772727055172,0.0028919948426415,6.125227287744715e-05,0
2025-09-22 14:00:00+00:00,-0.0006421854843054,-0.0125321058664777,0.0029754661275924,1.341074763693037,0.0028925281136838,6.184443712906573e-05,1
2025-09-22 15:00:00+00:00,-0.0008021880245682,0.0032221632933929,0.0029874645754158,1.5010785578014825,0.0028932911533802,6.273717091368152e-05,0
2025-09-22 16:00:00+00:00,-0.0019146416894095,-0.0041143663544999,0.0029809001984611,1.3746853142012712,0.0028938191293388,6.334618419409012e-05,0
2025-09-22 17:00:00+00:00,-0.002330501362195,0.000356813314911,0.0029889215884877,1.4771939830551903,0.0028943535491141,6.401870062996932e-05,0
2025-09-22 18:00:00+00:00,0.0006273122011031,0.0018429751967115,0.0029925573193236,1.4908245301108591,0.0028954497727185,6.513680493162596e-05,0
2025-09-22 19:00:00+00:00,-0.002510778103251,-0.0030636057741271,0.0029909034080369,1.418779745561987,0.0028968639460231,6.628193157390993e-05,0
2025-09-23 13:00:00+00:00,0.0067757344187705,-0.004657968893428,0.0029569010626238,0.8793741004235776,0.0028983010914481,6.663827277549531e-05,0
2025-09-23 14:00:00+00:00,-0.0025133868245849,0.0044195744597091,0.002977472370856,1.148504175106489,0.0029003114809646,6.718381314045773e-05,0
2025-09-23 15:00:00+00:00,0.0017653198952563,0.0016196357207638,0.0029770386318468,1.1040631237374454,0.0029026179219143,6.740620923972037e-05,0
2025-09-23 16:00:00+00:00,-0.0002940267236735,-0.0041853790292277,0.0029654764365808,0.9052265852750512,0.0029041035714162,6.779834592015772e-05,0
2025-09-23 17:00:00+00:00,-0.0080452500918315,-0.0133372325538712,0.0029498246383352,0.6497414705768328,0.0029059931179895,6.745993957687956e-05,0
2025-09-23 18:00:00+00:00,-0.0013148795991384,-0.0053272897997331,0.0029380124453956,0.4562204496716913,0.0029073095546205,6.729836594814416e-05,0
2025-09-23 19:00:00+00:00,-0.0015810646959602,-0.0023768143061501,0.0029356754530911,0.4060348527871963,0.0029083775614489,6.72304149625799e-05,0
2025-09-24 13:00:00+00:00,0.0107565963738423,0.0110805855605715,0.0029366267342877,0.3989819574384922,0.0029100207645074,6.668464396516207e-05,0
2025-09-24 14:00:00+00:00,0.0080627817473581,0.0110504938856131,0.0029454136494776,0.5073854484236069,0.0029118977470287,6.605609710126607e-05,0
2025-09-24 15:00:00+00:00,-0.0030782281512384,-0.0032579051553856,0.0029448844739188,0.4785966668411763,0.0029134224709002,6.573803203914353e-05,0
2025-09-24 16:00:00+00:00,0.0029081963982916,-0.0119110468343075,0.0029015652861721,-0.1957769502384641,0.0029143268014527,6.518395176287256e-05,0
2025-09-24 17:00:00+00:00,0.0004484340878595,-0.0077404059635511,0.0028779018524152,-0.5577659640207573,0.0029142749578927,6.521212806763148e-05,0
2025-09-24 18:00:00+00:00,-0.0011300873975835,-0.0085395373176345,0.0028566569863456,-0.8663182831827512,0.0029135053496011,6.562064354299488e-05,0
2025-09-24 19:00:00+00:00,-0.0017138792301974,-0.0044132243612693,0.0028489562813246,-0.9704939343234062,0.0029130086776467,6.599979047445904e-05,0
2025-09-25 13:00:00+00:00,-0.0228727793530614,-0.0437908787870754,0.0027899805115284,-1.7927884330187536,0.0029114842782286,6.777362262184569e-05,0
2025-09-25 14:00:00+00:00,0.0062178135722021,-0.0231362082384987,0.0027092736926626,-2.7521369586735407,0.0029087547871609,7.248225560491232e-05,1
2025-09-25 15:00:00+00:00,-0.000688323849434,0.0108542584782425,0.00274072688362,-2.217370413282816,0.0029071932515659,7.507377520180313e-05,0
2025-09-25 16:00:00+00:00,-0.0046819491693772,-0.0230381228242457,0.0026908765553887,-2.684764846991442,0.0029047227117133,7.965172687812869e-05,1
2025-09-25 17:00:00+00:00,-0.0188680131230848,-0.0014291400240847,0.0027382139660527,-2.011698794401977,0.0029031565454488,8.199168774921181e-05,1
2025-09-25 18:00:00+00:00,0.0081085303165628,0.0106984998373382,0.0027453150485904,-1.880096942158348,0.0029022336572698,8.346304127238381e-05,1
2025-09-25 19:00:00+00:00,-0.0036994083219363,-0.0027732996052658,0.0027478586864477,-1.8004435633789462,0.0029010927672647,8.510907197195349e-05,1
2025-09-26 13:00:00+00:00,0.0029794572534867,-0.0023309275869804,0.0027333051759072,-1.9038858635459637,0.0028995410403908,8.731398644557264e-05,1
2025-09-26 14:00:00+00:00,-0.0078695510485153,0.0150305537827565,0.0027966203460615,-1.1720727291298592,0.0028992875531033,8.759457027727962e-05,1
2025-09-26 15:00:00+00:00,0.0020589853396414,-0.0004194059092658,0.0027896978085909,-1.235863009209635,0.0028987110690973,8.820820729645353e-05,1
2025-09-26 16:00:00+00:00,0.0035885954919042,0.0072670494963251,0.0027999784805632,-1.1033694162774927,0.0028979994917193,8.883789029323595e-05,0
2025-09-26 17:00:00+00:00,0.0036683918602188,0.0052049761487043,0.0028042841907006,-1.046390568710847,0.0028976178049222,8.919577164823419e-05,1
2025-09-26 18:00:00+00:00,-0.0006427459544877,-0.0031499893598463,0.0027972619745379,-1.1109045570208724,0.0028969920249262,8.977373416820534e-05,1
2025-09-26 19:00:00+00:00,-0.0055871946847279,0.006292357724406,0.0028306903587603,-0.7368660157335738,0.0028968935715008,8.984430184989663e-05,1
2025-09-29 13:00:00+00:00,0.0373341302841661,0.0347733101065655,0.0028234507434059,-0.80731517945805,0.0028962872353262,9.022063968772564e-05,1
2025-09-29 14:00:00+00:00,0.0070237594410612,-0.0009844334701739,0.0028009302995618,-1.0416888097329529,0.0028955442170315,9.082743002099264e-05,1
2025-09-29 15:00:00+00:00,-0.0026400694631773,0.0105911569217543,0.0028382363002667,-0.6258394235600948,0.002895193995828,9.10100792905248e-05,0
2025-09-29 16:00:00+00:00,-0.0016477143010333,0.0013140736554821,0.002846655015429,-0.5283267714466718,0.0028948199921356,9.116512603507132e-05,0
2025-09-29 17:00:00+00:00,0.0039930983377419,0.0108419065993165,0.0028662181253417,-0.3114170581106011,0.0028946239055991,9.121459315588862e-05,0
2025-09-29 18:00:00+00:00,-0.0003170925433629,-0.0087598746468838,0.0028421211361997,-0.5667000010810247,0.0028939484127643,9.145451996777743e-05,0
2025-09-29 19:00:00+00:00,0.0023292298378857,0.006517466834786,0.0028540495752201,-0.4306468213570031,0.0028934909702661,9.158640698130016e-05,0
2025-09-30 13:00:00+00:00,-0.0083706915589574,-0.0192703596400698,0.0028231103023709,-0.7580214398102365,0.002892816863264,9.195856110687346e-05,0
2025-09-30 14:00:00+00:00,0.0020365769135051,-0.0040840103734313,0.0028058839807243,-0.9336639234906292,0.0028921834433544,9.24309705653983e-05,0
2025-09-30 15:00:00+00:00,-0.0044320151010361,-0.0058341640724175,0.0028019524703126,-0.95681454359694,0.0028910528106146,9.312184989061164e-05,1
2025-09-30 16:00:00+00:00,-0.0029111496144106,0.0007567089719227,0.0028122485063987,-0.835854242007664,0.0028904256742566,9.352966573473771e-05,1
2025-09-30 17:00:00+00:00,0.0043745840982578,0.0057197845147172,0.0028160340898741,-0.7685367190059783,0.0028877636325665,9.33326162804533e-05,1
2025-09-30 18:00:00+00:00,0.0036137275207773,0.0046901404904072,0.0028190669374967,-0.7099511160169268,0.0028849738036925,9.283296371948777e-05,1
2025-09-30 19:00:00+00:00,0.0063915470575268,0.0049473360864576,0.0028149985486105,-0.7269282779667642,0.0028817739237901,9.185964723558548e-05,1
2025-10-01 13:00:00+00:00,0.020584232717997,0.0532468004771597,0.0029084616935351,0.3152676114933593,0.0028800040146141,9.026515215498326e-05,0
2025-10-01 14:00:00+00:00,0.0044774596905919,0.0076908123069918,0.0029178226384814,0.4535427468668235,0.0028779510293829,8.791146892760572e-05,0
2025-10-01 15:00:00+00:00,0.0005632322504878,-0.0009741359883863,0.0029133403170025,0.4177732820535021,0.0028769388288841,8.713215919291862e-05,1
2025-10-01 16:00:00+00:00,0.0020752231193241,-0.0145755318309872,0.0028652326274457,-0.1146069055704021,0.0028751101982572,8.61865239476482e-05,1
2025-10-01 17:00:00+00:00,-0.0064729680656047,-0.0032531982761391,0.0028744728846672,0.0106657540307926,0.0028735627528599,8.533215791536144e-05,1
2025-10-01 18:00:00+00:00,0.0032122125351914,0.0057416351153846,0.0028817528444537,0.1076528372991825,0.0028726120637046,8.490979874179616e-05,1
2025-10-01 19:00:00+00:00,0.0014686592320419,0.0014487110983238,0.002881695359436,0.1200248402257199,0.0028715659070834,8.439463308995952e-05,1
2025-10-02 13:00:00+00:00,0.0191623666559424,0.0386270716249198,0.0029383361694428,0.7883954478947336,0.0028717129007164,8.450488762243096e-05,0
2025-10-02 14:00:00+00:00,-0.006733228872983,-0.013881824834382,0.0029174060908378,0.5480475396309046,0.0028712677401875,8.418676723077899e-05,0
2025-10-02 15:00:00+00:00,0.0087273722651088,0.007194047065194,0.0029129361863447,0.509983862924066,0.0028703799430667,8.344625462067441e-05,0
2025-10-02 16:00:00+00:00,-0.0018228055392994,-0.0067330692018197,0.0028986679606807,0.3641524429500133,0.0028688139890512,8.19820715402935e-05,0
2025-10-02 17:00:00+00:00,0.0020424389503374,0.0068332306259666,0.002912588192859,0.5673426696607229,0.00286717286993,8.004919312015304e-05,0
2025-10-02 18:00:00+00:00,0.0051988140956693,0.0066447809701121,0.002916802745222,0.6401473044684667,0.0028661951468905,7.905617656783022e-05,0
2025-10-02 19:00:00+00:00,0.001869274267686,0.0018458137220288,0.0029167343162407,0.6653244766661724,0.0028650163092376,7.773351021484198e-05,0
2025-10-03 13:00:00+00:00,-0.0028132300227304,-0.0164104794652392,0.0028773431647431,0.1842932207393148,0.0028632903586756,7.62524308335469e-05,0
2025-10-03 14:00:00+00:00,0.0038578716291938,0.0139106773343773,0.0029064144155179,0.5958959127694281,0.0028619152391261,7.467608929387454e-05,0
2025-10-03 15:00:00+00:00,0.0103923278414573,0.0149479148169498,0.0029196850439749,0.806997803256881,0.0028607007012036,7.309108219774432e-05,0
2025-10-03 16:00:00+00:00,0.0045633400868927,-0.0131860640402543,0.0028683195759439,0.1359393036199568,0.0028586576373354,7.107538696495125e-05,1
2025-10-03 17:00:00+00:00,-0.0052562188499327,-0.0057231096476423,0.0028669806965086,0.140496790656963,0.0028571589645668,6.990716226228971e-05,0
2025-10-03 18:00:00+00:00,0.0027106599491133,8.278269051785368e-05,0.0028594565137798,0.0626194223051093,0.0028551920336156,6.810155710853959e-05,0
2025-10-03 19:00:00+00:00,0.0019823344982254,0.0048166777965255,0.0028675726917703,0.2145060283843932,0.0028533676012809,6.622233694936163e-05,0
2025-10-06 13:00:00+00:00,0.0183294909617579,0.0263323936474248,0.002890613671351,0.5943751291616742,0.0028521198885271,6.47634480907323e-05,0
2025-10-06 14:00:00+00:00,-0.0039145199382677,-0.0036600826844545,0.00289134924473,0.6311504589060539,0.0028511452986337,6.369946425457444e-05,0
2025-10-06 15:00:00+00:00,0.0048157179365325,-0.0111454953070478,0.0028455661517008,-0.0644361931375515,0.0028496045270721,6.267246984427571e-05,0
2025-10-06 16:00:00+00:00,0.0020945739547781,0.0099809633918212,0.0028680961178143,0.317960995715737,0.0028484782048175,6.16991180086473e-05,0
2025-10-06 17:00:00+00:00,0.0003432395258962,-0.0088580157726623,0.0028418270726437,-0.0836714960579701,0.0028468982104568,6.060771053484876e-05,0
2025-10-06 18:00:00+00:00,0.0058574360652047,0.0057912994638973,0.0028416391300746,-0.0596065427639209,0.0028451686351334,5.921338321487316e-05,0
2025-10-06 19:00:00+00:00,-0.0057618808049769,0.0034114925595661,0.002867826476294,0.4139836262296973,0.002843884335173,5.783354607301764e-05,0
2025-10-07 13:00:00+00:00,-0.0115355393479956,-0.0454145336743824,0.0027722947953343,-1.1960056775958232,0.0028417298269923,5.80557709371851e-05,0
2025-10-07 14:00:00+00:00,-0.0095437172975852,-0.023773004619677,0.0027331263465815,-1.784202352632359,0.0028393169018951,5.951710306677464e-05,0
2025-10-07 15:00:00+00:00,-0.0081291726298398,-0.007566161431808,0.002734665560577,-1.6828050939500985,0.0028372837114656,6.098041374939353e-05,0
2025-10-07 16:00:00+00:00,0.0004333929906969,0.0022788908382037,0.002739717039796,-1.5382451649361406,0.0028354630574402,6.224366559161152e-05,0
2025-10-07 17:00:00+00:00,-0.0048879678118018,-0.010964430995952,0.0027231197276159,-1.7473926377076636,0.0028343487110416,6.36542589372477e-05,0
2025-10-07 18:00:00+00:00,-0.0026521229452376,0.0154022312021946,0.002772730392236,-1.010123062707963,0.0028354063227012,6.204781652760365e-05,0
2025-10-07 19:00:00+00:00,0.0067609515858792,-0.021474443430779,0.002695536187214,-2.191699895722613,0.0028346531444277,6.347445536919208e-05,0
2025-10-08 13:00:00+00:00,0.0060474601392599,0.0027989474806804,0.0026867939111734,-2.3225489923701814,0.0028345851003575,6.363318477655944e-05,0
2025-10-08 14:00:00+00:00,-0.0018916797798401,-0.0096772897703581,0.0026659568017145,-2.532008608009173,0.0028333808142852,6.612300291599213e-05,0
2025-10-08 15:00:00+00:00,-0.0005830464414367,-0.0055902807793881,0.0026526410965229,-2.588603737590157,0.0028318362484174,6.922463615897806e-05,0
2025-10-08 16:00:00+00:00,0.0072665846852751,0.0169067917889605,0.0026783367628387,-2.139391378173335,0.0028306775496906,7.12075351925134e-05,0
2025-10-08 17:00:00+00:00,0.0084347849929553,-0.0019126707536675,0.0026507656829772,-2.416958220007891,0.0028293018914751,7.386814013576563e-05,0
2025-10-08 18:00:00+00:00,-0.0042512218340837,0.0030948171069758,0.0026703100097094,-2.049041034390476,0.0028271967192025,7.656591881762594e-05,0
2025-10-08 19:00:00+00:00,-0.0007660285325048,0.0021485927923344,0.0026781043054001,-1.8680865111258709,0.0028253368274827,7.881461656388698e-05,0
2025-10-09 13:00:00+00:00,-0.0082551810945918,-0.0193516906015628,0.0026485509682056,-2.1251340231911167,0.0028228130356101,8.200050702814442e-05,0
2025-10-09 14:00:00+00:00,-0.0091230264736878,-0.0037671844928655,0.0026627742434773,-1.8651946117110985,0.0028204545364897,8.453825248171504e-05,0
2025-10-09 15:00:00+00:00,-0.0014738430355139,-0.0033619745699494,0.0026577513189225,-1.8419923221891303,0.0028181293588961,8.706770274861929e-05,0
2025-10-09 16:00:00+00:00,-0.0075297035326906,-0.0069620700728871,0.002659260375754,-1.7445274318038149,0.0028152721925127,8.942927116791495e-05,0
2025-10-09 17:00:00+00:00,0.0044758000959297,-0.0017989796060551,0.0026426263447434,-1.8407394024935624,0.0028122584525349,9.21543307878002e-05,0
2025-10-09 18:00:00+00:00,-0.0008227455944182,0.0051379126686611,0.0026584251762423,-1.6067535123529109,0.0028098833671463,9.42634882946304e-05,0
2025-10-09 19:00:00+00:00,0.0022267240994257,-0.0018085024504646,0.0026477194429466,-1.6479762918863556,0.002806708086191,9.64750791786801e-05,0
2025-10-10 13:00:00+00:00,0.0054365462471546,-0.0002809181306926,0.0026326243951687,-1.724140267749033,0.0028031409091866,9.88994440925404e-05,0
2025-10-10 14:00:00+00:00,-0.0032650148601148,-0.0300261194075654,0.0025631067911717,-2.27546281373514,0.0027980890536171,0.0001032678983049,1
2025-10-10 15:00:00+00:00,-0.0183434411966491,0.0093499451695368,0.0026350798874554,-1.516536006511931,0.002794638366138,0.000105212456544,0
2025-10-10 16:00:00+00:00,-0.0061366601454825,-0.0096620959938439,0.0026258064384364,-1.5403507338762452,0.0027908343138583,0.0001071365577933,1
2025-10-10 17:00:00+00:00,-0.0050817408286993,0.0016463583910561,0.0026435326898068,-1.3273875186973485,0.0027878413536489,0.0001087163031212,1
2025-10-10 18:00:00+00:00,-0.0036905761930008,-0.018744261167026,0.0026040358141121,-1.6220589946191597,0.0027844772175387,0.0001112421952747,1
2025-10-10 19:00:00+00:00,-0.0044667606446928,-0.0028848854854643,0.002608158333476,-1.5247933828981293,0.0027812473152581,0.0001135163516076,1
2025-10-13 13:00:00+00:00,-0.0126131397633661,0.0006891631647901,0.0026430846307865,-1.1786761842989408,0.0027784279173312,0.0001148265217772,1
2025-10-13 14:00:00+00:00,-0.0110035747665846,0.0173029564939841,0.0027189701494827,-0.5030820388818487,0.0027768101849914,0.0001149713784997,0
2025-10-13 15:00:00+00:00,0.0038615387907078,0.003267818325288,0.0027173563203891,-0.5018674288900838,0.0027751150080396,0.0001150875397077,1
2025-10-13 16:00:00+00:00,0.0026487830856504,-0.0076950907727465,0.0026893932021938,-0.7241089966237286,0.0027730215855993,0.0001154914298751,1
2025-10-13 17:00:00+00:00,-0.0007236932865304,0.0178790390264757,0.0027398915109934,-0.2655418909550065,0.0027702120825569,0.000114183760063,0
2025-10-13 18:00:00+00:00,0.0045581204294752,-0.0037290930028931,0.0027172792709035,-0.4399614548884406,0.0027668696930973,0.0001127153791379,1
2025-10-13 19:00:00+00:00,0.0055682329396581,0.0071274014435057,0.0027215192717378,-0.3790749193126689,0.0027636726756762,0.0001112007199391,1
2025-10-14 13:00:00+00:00,-0.0436540436958283,-0.0203386185705538,0.0027857181544348,0.2116125755292211,0.0027623474344594,0.0001104410733483,0
2025-10-14 14:00:00+00:00,0.0054538081675839,-0.0141097104303858,0.0027317493367809,-0.2576680940163053,0.0027599687086613,0.0001095183010068,0
2025-10-14 15:00:00+00:00,0.0105965538837071,0.0144494391275624,0.0027422947555895,-0.1416494587619611,0.0027576444071802,0.0001083636444846,1
2025-10-14 16:00:00+00:00,-0.0029388558983844,0.010601730139947,0.0027796795686095,0.2214577879231841,0.0027559441439998,0.0001071780985093,0
2025-10-14 17:00:00+00:00,0.0040304837154034,-0.0070016447039554,0.0027491823207337,-0.0345483038382428,0.0027527915798546,0.0001044699368703,0
2025-10-14 18:00:00+00:00,-0.000240096056191,-0.0058830555088414,0.0027337124852475,-0.1566787618522301,0.0027497300197614,0.000102231689379,0
2025-10-14 19:00:00+00:00,-0.0014261174349737,-0.0255910931346859,0.0026684441691744,-0.7684697599659917,0.0027456551528086,0.0001004736785447,0
2025-10-15 13:00:00+00:00,-0.0104022034093648,0.0237251543443438,0.0027610828842638,0.1799571479303769,0.0027433620682017,9.847242116212616e-05,0
2025-10-15 14:00:00+00:00,-0.0034570420390965,-0.0103333798639837,0.0027421618737742,0.0170977026332682,0.0027405216295502,9.593360342838452e-05,0
2025-10-15 15:00:00+00:00,-0.0031806638559108,-0.0079207279625876,0.0027291946078168,-0.088073684057884,0.0027373948272602,9.310635215305914e-05,0
2025-10-15 16:00:00+00:00,0.0005893213287421,-0.0202360561647896,0.0026729458337254,-0.667776123782037,0.0027333316858849,9.042828877666166e-05,0
2025-10-15 17:00:00+00:00,0.0026695907704986,0.0033698431215503,0.0026748182258267,-0.6214456177305536,0.0027299562702363,8.872545374283497e-05,0
2025-10-15 18:00:00+00:00,0.0036943123588124,0.0028889612027968,0.0026726649250744,-0.6213551058545563,0.0027260604453956,8.593398495980933e-05,1
2025-10-15 19:00:00+00:00,-0.0019460457980609,-0.0045387325448792,0.0026657445172459,-0.6804806030520456,0.0027218281032834,8.241761159100625e-05,0
2025-10-16 13:00:00+00:00,-0.0036595414691238,0.0068506481763344,0.0026939097493639,-0.3118276371863472,0.0027189212728404,8.020945065111377e-05,0
2025-10-16 14:00:00+00:00,-0.0028719779119919,-0.0068846874334735,0.0026831215315306,-0.4200241196131741,0.0027158569534241,7.793700495970246e-05,0
2025-10-16 15:00:00+00:00,-0.0184792640537171,-0.0284968986359291,0.0026563771817059,-0.7382863811971594,0.0027124722978896,7.5980158394248e-05,1
2025-10-16 16:00:00+00:00,0.0049927541690877,0.016232548528108,0.0026864027394145,-0.3146197623767355,0.0027094527986836,7.326322763393112e-05,1
2025-10-16 17:00:00+00:00,-0.0068603804451101,-0.0258318298571678,0.0026359181825256,-0.991415254068511,0.0027052078738699,6.988967645990725e-05,1
2025-10-16 18:00:00+00:00,0.0020691538934525,-0.0066999762110682,0.0026129045253894,-1.3185990556433012,0.0027005671285475,6.648162137148862e-05,1
2025-10-16 19:00:00+00:00,-0.0025351815297613,-7.044834458709604e-05,0.0026193525809869,-1.2006088632860394,0.002696796902369,6.450420594939368e-05,1
2025-10-17 13:00:00+00:00,-0.0229017977031264,0.0049922157469435,0.0026934454061505,-0.0072886969268846,0.0026938860571746,6.045676318231992e-05,1
2025-10-17 14:00:00+00:00,-0.0066656767440526,-0.0010743376090361,0.0027085475541285,0.2946661783819717,0.002691664731866,5.7294740629131446e-05,0
2025-10-17 15:00:00+00:00,0.0146861197470254,0.0129273402633068,0.002703788002987,0.2678527210285025,0.0026893672130812,5.383850442309992e-05,1
2025-10-17 16:00:00+00:00,-0.002918184569205,-0.0043065751480657,0.0027000366939401,0.2776183663070288,0.0026865707167086,4.850535434887373e-05,1
2025-10-17 17:00:00+00:00,0.0001351553986305,0.0141694591248857,0.0027381969791506,1.0947616487112062,0.0026860024197722,4.767664216206249e-05,0
2025-10-17 18:00:00+00:00,0.001834719446084,0.0002402076645543,0.0027338343708467,1.0027587541245218,0.0026860142201766,4.768858957682746e-05,0
2025-10-17 19:00:00+00:00,-0.0012137239826137,-0.0055389007256605,0.0027220355883099,0.76281320774801,0.0026858037206389,4.749769314825059e-05,0
2025-10-20 13:00:00+00:00,0.0432496573452028,0.0431114989590049,0.0027216595422434,0.7659262039140603,0.0026855027623463,4.720661039186786e-05,0
2025-10-20 14:00:00+00:00,0.0009472650652477,0.0045165989977945,0.0027313914118144,0.9666290210055688,0.0026856406237496,4.733024466530938e-05,0
2025-10-20 15:00:00+00:00,-1.5793269056429483e-05,-0.0104927293249768,0.0027029241837079,0.401089382570628,0.0026844771869408,4.599223407215818e-05,1
2025-10-20 16:00:00+00:00,-0.0050944263831349,-0.0016860730102088,0.0027121524220813,0.5941964708350544,0.0026847541241886,4.610982938715247e-05,0
2025-10-20 17:00:00+00:00,-0.0039004802646908,-0.0087955163633657,0.0026989087785712,0.302364536054835,0.0026849560386452,4.614542468524351e-05,0
2025-10-20 18:00:00+00:00,0.005836932359456,0.0018457519518239,0.0026881584143245,0.0614666230054817,0.0026853260655221,4.607946010235975e-05,0
2025-10-20 19:00:00+00:00,-0.0006410512417061,-0.0055139657870643,0.0026750911118684,-0.2311337218151715,0.0026857002324445,4.59003579951405e-05,0
2025-10-21 13:00:00+00:00,-0.0225690176025545,-0.0066977467804757,0.0027178869209751,0.6842433813171926,0.0026863594017468,4.607646941008824e-05,0
2025-10-21 14:00:00+00:00,0.0329967281820289,0.0253289530579529,0.0026971264702034,0.2179436756609477,0.0026871320815339,4.5857667763312925e-05,0
2025-10-21 15:00:00+00:00,0.0116271782710546,0.0084424668929425,0.002688550563987,0.0243309855022692,0.0026874360907718,4.580468863642862e-05,0
2025-10-21 16:00:00+00:00,-0.0045062646041333,-0.0087670973256642,0.002677119470054,-0.2248547647899122,0.0026874196768494,4.580826563774083e-05,0
2025-10-21 17:00:00+00:00,-0.0065980820155829,-0.0040796794545912,0.002683870031331,-0.090898855839329,0.0026880083279015,4.552638789878699e-05,0
2025-10-21 18:00:00+00:00,-0.0006104152532894,0.0017269516103975,0.0026901505572959,0.0371305341282844,0.0026884645997985,4.540622797552453e-05,0
2025-10-21 19:00:00+00:00,-0.0009857746529481,0.0023530309086758,0.0026991474580315,0.2208582921818737,0.0026891545354503,4.524585643817199e-05,0
2025-10-22 13:00:00+00:00,-0.0272183047998538,-0.0386742918194949,0.0026684025029371,-0.4629088107940213,0.0026893069042367,4.5158788971176873e-05,0
2025-10-22 14:00:00+00:00,-0.0010946972229636,-0.0123071340963538,0.0026386503172719,-1.1184801125789396,0.0026892406371121,4.523130923051131e-05,0
2025-10-22 15:00:00+00:00,-0.0039649348568297,-0.0014292317672558,0.0026453496411923,-0.9616774692731744,0.002689022711528,4.541342781867166e-05,0
2025-10-22 16:00:00+00:00,0.0004561060701535,-0.009928681934306,0.0026180203957878,-1.5318048720840487,0.0026885277274087,4.602892503200535e-05,0
2025-10-22 17:00:00+00:00,-0.0058628864113661,-0.0133460364069451,0.0025985024753174,-1.9060383035345705,0.0026879590287445,4.693324014587431e-05,0
2025-10-22 18:00:00+00:00,0.0018318225893368,-0.0010360223906405,0.0025910610485675,-2.1259489308393045,0.0026884249330344,4.579784728340086e-05,0
2025-10-22 19:00:00+00:00,-0.0017609350299505,0.0036782860071941,0.0026051928003514,-1.7775313435018034,0.002687926814916,4.6544335134813456e-05,0
2025-10-23 13:00:00+00:00,0.0151331002047291,-0.0008764258176682,0.0025638169857428,-2.532980276229937,0.0026868936573711,4.8589668377318015e-05,0
2025-10-23 14:00:00+00:00,0.0015081396263433,0.0170687112481777,0.0026040234500915,-1.6626095524887503,0.0026862351700425,4.944740021970711e-05,0
2025-10-23 15:00:00+00:00,0.0034992331174251,0.0043355163084349,0.0026062020619731,-1.6212569955255698,0.0026862712741735,4.938711902026094e-05,0
2025-10-23 16:00:00+00:00,0.0030060583509807,-0.0032092047844089,0.0025900540643834,-1.9211978281701456,0.0026859695363553,4.992482844065364e-05,1
2025-10-23 17:00:00+00:00,0.0083070771564866,-0.0017747375679899,0.002564072808352,-2.31567800493994,0.0026846526726481,5.207108416577343e-05,1
2025-10-23 18:00:00+00:00,-0.005804062022847,-0.0024396933394522,0.002572713822238,-2.034168477843522,0.002682215067194,5.383096147083379e-05,1
2025-10-23 19:00:00+00:00,-0.0023353953696519,0.0016680299277202,0.0025830341343522,-1.7586743345799325,0.0026799763640934,5.512233153977529e-05,1
2025-10-24 13:00:00+00:00,0.0051168112889936,0.0156925952967139,0.0026104967086012,-1.2209252373560449,0.0026786614225335,5.583037506858279e-05,0
2025-10-24 14:00:00+00:00,-0.0066076798639415,0.005915160445695,0.0026433930901745,-0.6073068892776486,0.0026770531155199,5.542506752290297e-05,0
2025-10-24 15:00:00+00:00,-0.0011108618601255,-0.0094014239580953,0.0026215684698029,-0.9688052794145038,0.0026754579355015,5.5624661470859296e-05,0
2025-10-24 16:00:00+00:00,0.0021087050764232,-0.0007455249668897,0.0026140965786365,-1.0667138025874965,0.0026736675572832,5.584532468051825e-05,0
2025-10-24 17:00:00+00:00,3.7830120941829294e-05,0.0025976704307993,0.0026207968205482,-0.9235117985912706,0.0026709188683851,5.42733161755853e-05,0
2025-10-24 18:00:00+00:00,0.0032541914522357,0.0039027238316,0.0026224970434113,-0.8625010561943884,0.0026690979968289,5.403002475524506e-05,0
2025-10-24 19:00:00+00:00,-0.0001289447764358,-0.0037118387821448,0.0026131177270563,-1.003564407269557,0.0026669450463533,5.3636138255976674e-05,0
2025-10-27 13:00:00+00:00,0.0409512160934415,0.0231828999878177,0.0025670970906383,-1.8142864521291184,0.0026634020050538,5.308142730301533e-05,0
2025-10-27 14:00:00+00:00,-0.0039003978468377,-0.0047091854766503,0.0025650216936577,-1.7861571296646648,0.0026603326612692,5.336090875131058e-05,0
2025-10-27 15:00:00+00:00,0.0016862636436229,0.0071735668703452,0.002579135433244,-1.4698410224794254,0.0026577563770692,5.348942002757706e-05,0
2025-10-27 16:00:00+00:00,0.0048845572624298,0.0008594198170218,0.0025687749238602,-1.5967537102198637,0.0026560952229806,5.4686141363895055e-05,0
2025-10-27 17:00:00+00:00,0.0009119293518156,0.0032287641433361,0.0025747332505394,-1.4516433554317842,0.0026529893957519,5.390865801824477e-05,0
2025-10-27 18:00:00+00:00,-0.0026121818423255,-0.005505226181542,0.0025672951975803,-1.5405860698496605,0.0026500749511486,5.3732637980024746e-05,0
2025-10-27 19:00:00+00:00,-0.0038938208458203,-0.0017065735775272,0.002572916652503,-1.3904083565089629,0.0026474703185601,5.361997840998632e-05,0
2025-10-28 13:00:00+00:00,0.0045815641390916,0.0019766069016509,0.0025662230367243,-1.457521201026973,0.0026456916052767,5.452309612816355e-05,0
2025-10-28 14:00:00+00:00,-0.0031374412014799,-0.0157006385969339,0.0025341847432488,-1.940834026059806,0.0026433477139004,5.62453920252367e-05,0
2025-10-28 15:00:00+00:00,-0.0032414361758707,-0.0009434881491864,0.0025400148641707,-1.7536825562872411,0.002641136879552,5.766266820571909e-05,0
2025-10-28 16:00:00+00:00,0.0057646766213601,-0.0034208470643273,0.0025167903255437,-2.039433551489768,0.0026386543096903,5.975383902925835e-05,0
2025-10-28 17:00:00+00:00,-0.000394186178963,-0.001357772032461,0.0025143663500316,-1.9750975092330976,0.0026356619197014,6.141244627305445e-05,0
2025-10-28 18:00:00+00:00,-0.0033801852059088,-0.0139989394672373,0.0024878081685922,-2.2601641678247217,0.0026324066969858,6.397700240189527e-05,1
2025-10-28 19:00:00+00:00,-0.0113866616955469,-0.0050135704812844,0.0025037138272452,-1.9110239170084384,0.0026298623077448,6.601093758001342e-05,0
2025-10-29 13:00:00+00:00,-0.0061783538574623,-0.011545859235803,0.0024903111315101,-2.004492047303915,0.0026265941142797,6.798878696120628e-05,0
2025-10-29 14:00:00+00:00,-0.0045760530042762,-0.0075090768645826,0.0024830176906884,-2.0016994769691863,0.0026240457727491,7.045417340781683e-05,0
2025-10-29 15:00:00+00:00,-0.0078005467673878,0.0035760299430781,0.0025114272271438,-1.54218281044448,0.002622354484445,7.192873409688249e-05,0
2025-10-29 16:00:00+00:00,-0.0033536571988187,0.0027626323884537,0.0025268349142483,-1.287749273758748,0.0026208125233327,7.297818837831875e-05,0
2025-10-29 17:00:00+00:00,0.0055103299735782,-0.0038341647052046,0.0025033328970903,-1.5469900261871274,0.002617643981515,7.38925801004852e-05,0
2025-10-29 18:00:00+00:00,-0.0065563366030988,-0.0082169450290597,0.0024991792910995,-1.543947559520182,0.0026141545104645,7.446834489687323e-05,0
2025-10-29 19:00:00+00:00,-0.0030695184911727,-0.0082122960999726,0.0024863595605673,-1.6486232648982897,0.0026105307030909,7.531808216431058e-05,0
2025-10-30 13:00:00+00:00,-0.0268013556182591,-0.0250868618247342,0.0024906260650049,-1.5327885087264357,0.002607040525942,7.594946091667204e-05,0
2025-10-30 14:00:00+00:00,0.0049583023811978,-0.011557975206665,0.0024498280367557,-1.9888557691054207,0.002602234376902,7.66301621835862e-05,0
2025-10-30 15:00:00+00:00,-0.0053227264087846,0.0021079888145707,0.0024680998133536,-1.6938498117313163,0.0025978054676105,7.657447157274078e-05,0
2025-10-30 16:00:00+00:00,0.0029381403380736,-0.0049570926758934,0.0024486903123158,-1.8728462074988796,0.0025932497130106,7.718701093339814e-05,1
2025-10-30 17:00:00+00:00,-0.0057144236865229,-0.0102175516337761,0.0024376883367796,-1.9366077892692897,0.0025885168595862,7.788284424047406e-05,1
2025-10-30 18:00:00+00:00,-0.0052602112689706,-0.0142265613196849,0.0024159288671284,-2.125697166098908,0.0025832591505081,7.871783716340403e-05,1
2025-10-30 19:00:00+00:00,-0.0040642468556503,-0.0143927350212076,0.0023911043947345,-2.309679559671262,0.0025780621540252,8.094532356573141e-05,1
2025-10-31 13:00:00+00:00,0.0336442035689891,0.0555693148762598,0.0024441085625883,-1.602234297047658,0.002573594756367,8.081601674443831e-05,0
2025-10-31 14:00:00+00:00,0.0063427216817228,0.0181008233243816,0.002473016256246,-1.2080853800956266,0.0025698298809949,8.01380650275624e-05,0
2025-10-31 15:00:00+00:00,-0.0057512929541132,0.0010213715775205,0.0024898220113631,-0.967727508468906,0.0025665242742789,7.926018661717561e-05,0
2025-10-31 16:00:00+00:00,-0.0128554037804832,-0.015727518967216,0.0024826812152552,-1.024817732943775,0.0025633174426687,7.868348177569885e-05,1
2025-10-31 17:00:00+00:00,0.0043409317449042,-0.0059062831270461,0.002457370550772,-1.3164152967388536,0.0025589755031653,7.718305358878144e-05,1
2025-10-31 18:00:00+00:00,0.0008219213215702,-0.001081052592867,0.0024526986853446,-1.3410325702182075,0.002554901706751,7.621218430935822e-05,0
2025-10-31 19:00:00+00:00,0.004581168127496,0.0063574580266234,0.0024570592609217,-1.2500526580200662,0.0025510435183665,7.518423871338832e-05,1
2025-11-03 14:00:00+00:00,-0.0167333305023523,-0.0283032409706921,0.0024287951272975,-1.5756162258637565,0.0025469047793206,7.496092645171188e-05,1
2025-11-03 15:00:00+00:00,-0.0203427052086922,0.0102787576389304,0.0025043188085621,-0.5426910748179693,0.0025439122589411,7.295762214676653e-05,0
2025-11-03 16:00:00+00:00,0.0084327124173196,0.009725753089104,0.0025075590890925,-0.472335764446131,0.0025408690678044,7.052182201564317e-05,0
2025-11-03 17:00:00+00:00,0.0069727984092724,-0.0118789593646865,0.0024607299848757,-1.117965395905684,0.0025368954432518,6.812863676731766e-05,0
2025-11-03 18:00:00+00:00,-0.0046854882776831,0.0035861057112532,0.0024811685574816,-0.793871330023196,0.0025337748774942,6.626554962132079e-05,0
2025-11-03 19:00:00+00:00,0.0013903020657179,0.0032728142718022,0.0024858437867838,-0.6972271200339097,0.0025312281019861,6.509258446518986e-05,0
2025-11-03 20:00:00+00:00,-0.0064808428117968,-0.0057251362827793,0.0024877230651657,-0.6430205760717455,0.0025286009923856,6.357172498224786e-05,0
2025-11-04 14:00:00+00:00,-0.0188070682400612,-0.0283869035923043,0.0024640048773574,-0.9844831750441584,0.0025260340670785,6.300685607782137e-05,0
2025-11-04 15:00:00+00:00,-0.0103207403372928,-0.0243905190222724,0.0024295796198279,-1.47495516267837,0.0025232186861536,6.348604262361856e-05,1
2025-11-04 16:00:00+00:00,-0.011281613964888,-0.0040615101407998,0.0024471849164867,-1.1578468801419526,0.0025208207506189,6.359721254613047e-05,0
2025-11-04 17:00:00+00:00,-0.0110060538680024,0.0002314368051212,0.002474840231304,-0.6965957113496686,0.0025186482078015,6.288866810933661e-05,0
2025-11-04 18:00:00+00:00,0.0032972294798499,0.0056513508492073,0.0024806731686057,-0.5827021796082105,0.0025172624775159,6.279246961938104e-05,0
2025-11-04 19:00:00+00:00,-0.0095770890438213,-0.0145354525480736,0.0024684035330947,-0.7509485333387435,0.0025150021455659,6.205300417062718e-05,0
2025-11-04 20:00:00+00:00,0.0018539459926986,-0.0044352009606527,0.0024529280951953,-0.9695895575261174,0.002512447579453,6.138626782405182e-05,0
2025-11-05 14:00:00+00:00,0.0246493287396622,0.0215199759411902,0.0024452640158546,-1.0595664083940215,0.0025100344119775,6.112915208500125e-05,0
2025-11-05 15:00:00+00:00,0.005178998307682,-0.0162878067147245,0.0023933314177757,-1.8208699732876652,0.0025071887221345,6.252906908739559e-05,1
2025-11-05 16:00:00+00:00,0.0021150313547719,0.0070072674023658,0.0024050688477403,-1.5693163959129532,0.0025043946392262,6.329239390135084e-05,0
2025-11-05 17:00:00+00:00,-0.0007514151440645,-0.0014712743986977,0.0024033381596728,-1.538027673220193,0.0025013997063149,6.375798586040006e-05,0
2025-11-05 18:00:00+00:00,0.0046202635097642,0.0003101632221362,0.0023930018225059,-1.6465230291988804,0.0024977747915467,6.363285977949554e-05,0
2025-11-05 19:00:00+00:00,-0.0019656852332612,0.0103596151758181,0.0024226788019992,-1.162903188551822,0.0024940962200771,6.141303831734965e-05,0
2025-11-05 20:00:00+00:00,-0.0024224743967494,0.0110434211184794,0.0024555229834695,-0.6040578051287585,0.0024913287953049,5.92754725315898e-05,0
2025-11-06 14:00:00+00:00,-0.0175663056252009,-0.045754694996631,0.0023872722044633,-1.7129061998248416,0.0024875483890686,5.8541550387057965e-05,0
2025-11-06 15:00:00+00:00,-0.0009658965012781,-0.0122460053130723,0.0023604948240468,-2.1105652836978632,0.0024832100224603,5.8143284816336845e-05,0
2025-11-06 16:00:00+00:00,-0.0107831814038685,-0.0114003362803103,0.0023590384825956,-2.0871566704472184,0.0024788190464467,5.738934960996253e-05,0
2025-11-06 17:00:00+00:00,0.0082069334720736,0.0084038248640182,0.0023595030026946,-2.0310311528784544,0.002474592134374,5.6665369960605744e-05,0
2025-11-06 18:00:00+00:00,0.0001761610606793,0.0082808702263479,0.0023787037916096,-1.6365767541948355,0.0024714522460568,5.667223013493428e-05,0
2025-11-06 19:00:00+00:00,-0.0020995097451067,-0.0157276635751289,0.002346506344627,-2.10701977656105,0.002467810323573,5.757135281568256e-05,0
2025-11-06 20:00:00+00:00,-0.0054346908984585,-0.0050095979257694,0.0023475040400261,-2.016527481244676,0.0024639498003527,5.774568480204617e-05,0
2025-11-07 14:00:00+00:00,-0.0022513827845147,-0.0287025464930391,0.0022862238652442,-2.859435774787216,0.0024592406160424,6.050730438633219e-05,1
2025-11-07 15:00:00+00:00,0.0015553166525844,-0.0004805196572063,0.002281574222249,-2.750602159086631,0.0024543546322376,6.28154854811814e-05,1
2025-11-07 16:00:00+00:00,0.0010412869112419,0.0128812957259599,0.0023087486363482,-2.214791736680551,0.0024500455228837,6.37969178751215e-05,0
2025-11-07 17:00:00+00:00,0.0129646377822356,0.0115850713206338,0.0023055657601607,-2.174176302684363,0.002445589674678,6.4403201499561e-05,0
2025-11-07 18:00:00+00:00,0.0030721763114719,0.0093483120297329,0.0023200813069024,-1.8843606485772595,0.0024414873125143,6.442822169078441e-05,0
2025-11-07 19:00:00+00:00,0.0062183418692712,0.0106966195129761,0.0023304945744993,-1.6597900506997472,0.0024380924763685,6.482621210065969e-05,0
2025-11-07 20:00:00+00:00,0.0048521336429719,0.0055950830132298,0.002332226657321,-1.57933151093982,0.0024346293395877,6.483925734230412e-05,0
2025-11-10 14:00:00+00:00,0.01155210009952,-0.0058029224551242,0.0022921000176122,-2.087570354370864,0.0024308845011221,6.648134431462822e-05,0
2025-11-10 15:00:00+00:00,0.0002666047433029,-0.0107829099574461,0.002266912834111,-2.3217419379300703,0.0024267602758568,6.884806581402848e-05,0
2025-11-10 16:00:00+00:00,0.0017900367013924,0.0066590617192688,0.002277977404389,-2.0465526282761988,0.0024232630964534,7.099045001679341e-05,0
2025-11-10 17:00:00+00:00,0.0064459993226504,0.0095546912547486,0.0022850699529299,-1.8587029183003996,0.0024196190318815,7.238869516307273e-05,0
2025-11-10 18:00:00+00:00,-0.002558897295347,-0.009596474342948,0.0022690450514558,-1.975971274593738,0.0024159312638806,7.433620838186579e-05,1
2025-11-10 19:00:00+00:00,0.0021694806096683,0.0022516314428786,0.0022692314630542,-1.879243690807477,0.0024123681600867,7.616718243229889e-05,1
2025-11-10 20:00:00+00:00,0.0008364498334949,-0.0051779198523802,0.0022556244260249,-1.9631127455159787,0.002408104780068,7.767274416173259e-05,1
2025-11-11 14:00:00+00:00,-0.0131122415983543,-0.015568959712899,0.002250089793937,-1.9488921427288015,0.0024034923613962,7.871270251228604e-05,1
2025-11-11 15:00:00+00:00,-0.0099723231287986,0.0066960829835366,0.0022879095261036,-1.41773276708364,0.0023999019718797,7.8994044841439e-05,0
2025-11-11 16:00:00+00:00,-0.0008664952194934,-0.0024105369042251,0.0022843796242834,-1.4118918387618675,0.0023963219774328,7.928536030602923e-05,0
2025-11-11 17:00:00+00:00,-0.0003217278924,0.0027905970392358,0.002291500431326,-1.2772529799067955,0.0023930743252788,7.95252745937274e-05,0
2025-11-11 18:00:00+00:00,0.0004031826163884,-0.0060986233032959,0.0022766498703048,-1.4129609591694123,0.0023895080553671,7.987353389340847e-05,0
2025-11-11 19:00:00+00:00,-0.0027711438376078,-0.0059650535402009,0.0022693900559619,-1.4466422876352116,0.0023865007556872,8.095346080113516e-05,0
2025-11-11 20:00:00+00:00,-0.0029312687113049,-0.0121245191734682,0.0022486225912979,-1.633771863642174,0.0023828428019863,8.215358195062895e-05,0
2025-11-12 14:00:00+00:00,0.0110680159987638,-0.0051168228632177,0.0022125219267566,-1.967480559767493,0.002378906662227,8.456741015528183e-05,0
2025-11-12 15:00:00+00:00,-0.0179847812514888,-0.0166159722714733,0.002215552520317,-1.8396511101287492,0.0023752043986193,8.678378058926499e-05,0
2025-11-12 16:00:00+00:00,-0.0063881397324107,-0.0092402618150753,0.0022092424968047,-1.821775649165611,0.0023717596257805,8.920809159473424e-05,0
2025-11-12 17:00:00+00:00,0.003059147550486,-0.0069818474574388,0.0021871705017631,-1.963263559889304,0.0023683607275643,9.229032184115316e-05,0
2025-11-12 18:00:00+00:00,-0.0018123221238544,-0.0022044871733466,0.0021863129380993,-1.8775046328947016,0.0023640641338229,9.467417156222272e-05,0
2025-11-12 19:00:00+00:00,-0.0029701264002679,-0.0001796890189179,0.0021924222272794,-1.737046702224213,0.0023593875666734,9.612023624939932e-05,0
2025-11-12 20:00:00+00:00,0.0023300921570919,0.0113744837128696,0.002212341294497,-1.4772024550053269,0.002354762888059,9.64130495988482e-05,0
2025-11-13 14:00:00+00:00,0.0133945474107804,-0.0118924985919473,0.0021570991177573,-1.9568835859560616,0.0023493365197673,9.82365038930894e-05,0
2025-11-13 15:00:00+00:00,-0.0154769717684915,-0.0164463667022879,0.002155009050015,-1.8865885846866388,0.0023442971614214,0.000100333540096,0
2025-11-13 16:00:00+00:00,-0.007281651984054,-0.0013842824036622,0.0021677554831031,-1.6867587251006095,0.0023395481080507,0.0001018477760874,0
2025-11-13 17:00:00+00:00,-0.0084644807046049,-0.0275924082119656,0.0021266848635131,-1.988303916083394,0.0023340418680939,0.0001042883851424,0
2025-11-13 18:00:00+00:00,-0.0104052650589529,0.0048310182928458,0.002159335744087,-1.6068968747907866,0.0023295508783737,0.0001059278519717,0
2025-11-13 19:00:00+00:00,-0.0003585230945722,-0.0193653902523026,0.002118681118884,-1.9135483402116835,0.0023231235835458,0.0001068394565036,0
2025-11-13 20:00:00+00:00,-0.0056078520408707,-0.0025869195784334,0.0021250911887728,-1.7902194614382954,0.0023167491185404,0.0001070583433461,0
2025-11-14 14:00:00+00:00,-0.0175986444376226,-0.0456866116881222,0.0020662321815959,-2.214922192927938,0.0023101741551524,0.0001101356852784,1
2025-11-14 15:00:00+00:00,0.0041351722208275,0.034701163967932,0.0021303637468621,-1.5783912265650222,0.0023043274083088,0.000110215806144,0
2025-11-14 16:00:00+00:00,0.0022961337638077,0.0001823259692949,0.0021258653234451,-1.5683406048742232,0.0022983277672531,0.0001099649165953,0
2025-11-14 17:00:00+00:00,-0.0113738497177997,-0.0172156107462394,0.0021134827295383,-1.6288394609742245,0.002292090428326,0.000109653347102,0
2025-11-14 18:00:00+00:00,-0.0081975827522368,-0.0147223626517001,0.0020997376106086,-1.692591712122015,0.0022860193072135,0.0001100570771266,0
2025-11-14 19:00:00+00:00,0.0050912310101385,-0.0010894618544979,0.0020867998008417,-1.7375478620733908,0.0022803063102304,0.0001113675850965,0
2025-11-14 20:00:00+00:00,-0.0142758108571336,0.0009017530522567,0.002118713914799,-1.4052230165619128,0.0022748317935356,0.0001110982932222,0
2025-11-21 14:00:00+00:00,-0.1029486742527146,-0.1449050929829302,0.0020316592869414,-2.099585739492725,0.0022674454444629,0.0001123012759548,0
2025-11-21 15:00:00+00:00,-0.0264785490633863,-0.0095383489482115,0.002066369167938,-1.738267162819997,0.0022605403777851,0.0001117038933946,0
2025-11-21 16:00:00+00:00,0.0207148746158618,0.0206472937037867,0.0020662295255436,-1.688881263090878,0.0022538374776593,0.0001110841574334,0
2025-11-21 17:00:00+00:00,0.0034918208923738,-0.0216991014378951,0.0020148294241356,-2.065690998729369,0.0022465358331416,0.0001121689590304,0
2025-11-21 18:00:00+00:00,-0.0035541009658843,0.0153827391511959,0.0020533474808912,-1.6693930532330226,0.0022400038908922,0.0001118109420903,0
2025-11-21 19:00:00+00:00,-0.0046394821389002,-0.0171977667984917,0.0020277222002857,-1.8203845731381771,0.0022339104039341,0.0001132662881738,0
2025-11-21 20:00:00+00:00,0.0040500318943975,-0.0018183279637295,0.0020158576435154,-1.8487554548465568,0.0022274235505303,0.000114436934566,0
2025-11-24 14:00:00+00:00,0.0157219170974164,0.0043935514390946,0.0019931501333447,-1.9608081558311496,0.0022205870834248,0.000115991434146,1
2025-11-24 15:00:00+00:00,0.0081832331838994,0.0134120949748504,0.0020035993348281,-1.7980514484416423,0.0022140970419635,0.0001170699021531,0
2025-11-24 16:00:00+00:00,0.0074406806307272,0.006954289326162,0.0020026250384977,-1.7484405866117216,0.0022070961459052,0.0001169448415766,0
2025-11-24 17:00:00+00:00,0.0137668457699225,0.0037728759221264,0.0019827105424368,-1.8689077185248089,0.0021992159385546,0.000115845953212,0
2025-11-24 18:00:00+00:00,0.0031708179898012,0.0134322084157024,0.0020031606532572,-1.6364835487407947,0.0021928140793679,0.0001158908235017,0
2025-11-24 19:00:00+00:00,-0.0049835068535639,-6.7862883130762414e-06,0.0020131546721681,-1.498263721039515,0.0021870250768366,0.0001160479308328,0
2025-11-24 20:00:00+00:00,0.0102571515898178,0.0085274332695079,0.0020096754915187,-1.4782272948837163,0.0021812023603186,0.0001160355172669,0
2025-11-25 14:00:00+00:00,-0.0288219663314835,-0.0399153140060004,0.0019875046642914,-1.6123965127401625,0.0021750023880119,0.0001162851210846,0
2025-11-25 15:00:00+00:00,0.0038804401445497,0.0050412688692135,0.0019898131564189,-1.5462543651180165,0.0021685208774254,0.0001155745943474,0
2025-11-25 16:00:00+00:00,0.0013837621325824,0.0103789213175289,0.0020077925851906,-1.348497075662705,0.0021628756481014,0.0001150043746551,0
2025-11-25 17:00:00+00:00,0.0070139138645114,-0.0077414615218983,0.0019783843502354,-1.5530293420047552,0.0021567236532716,0.0001148331832584,0
2025-11-25 18:00:00+00:00,-0.0050264309779108,-0.0344065998753631,0.0019211046477812,-1.9535161455663477,0.0021506383329805,0.0001174977159622,1
2025-11-25 19:00:00+00:00,-0.0048514952109025,0.0099154148442622,0.0019496839217707,-1.6417763620593822,0.0021451068279726,0.0001190313801063,1
2025-11-25 20:00:00+00:00,0.0066321389031911,0.0169867108438238,0.0019699769456751,-1.422174715146317,0.002139460633128,0.0001191721984984,1
2025-11-26 14:00:00+00:00,-0.0050621298917426,-0.0032864284653204,0.0019734781441691,-1.347863650917751,0.0021339258395282,0.0001190385208843,0
2025-11-26 15:00:00+00:00,-0.0006722637971765,0.0022991761225844,0.0019793509369118,-1.260429047958279,0.0021282470000283,0.0001181312532884,0
2025-11-26 16:00:00+00:00,0.0104814796900243,0.0133396861806356,0.0019850164233149,-1.179872468621758,0.0021224890308419,0.0001165148023901,1
2025-11-26 17:00:00+00:00,0.0239586380270765,0.0321220668990852,0.0020012872863534,-1.012760264757453,0.0021169733746591,0.0001142285023725,0
2025-11-26 18:00:00+00:00,0.0014554327576774,-0.0046217852980538,0.0019891619087224,-1.0859565314089297,0.0021119244061776,0.0001130454985117,0
2025-11-26 19:00:00+00:00,-0.0009258051896585,-0.0083509272273875,0.0019744468370054,-1.178132908552489,0.0021070499728925,0.0001125536303454,0
2025-11-26 20:00:00+00:00,-0.0008408136141747,-0.010807791832851,0.0019548653147929,-1.3111179977430385,0.0021016647713993,0.0001119650991436,0
2025-11-28 14:00:00+00:00,0.0245491558084817,0.0567853217356785,0.0020189093993505,-0.7131112866464341,0.0020972287621729,0.0001098276864902,0
2025-11-28 15:00:00+00:00,0.0021874244274495,-0.0365667055408052,0.0019421650080006,-1.3692764067799863,0.0020917807614487,0.0001092662903612,0
2025-11-28 16:00:00+00:00,-0.0150426096326646,-0.0150853044062558,0.0019420820894754,-1.3304326509377875,0.002086328271889,0.0001084205069019,0
2025-12-01 14:00:00+00:00,-0.0543252139018057,-0.1001363663313868,0.0018551201913312,-2.038686347776532,0.0020796532013108,0.0001101361228148,1
2025-12-01 15:00:00+00:00,-0.0178499739643721,-0.0115118178347903,0.0018669155737434,-1.855845066007388,0.0020732669643076,0.0001111899879703,1
2025-12-01 16:00:00+00:00,-0.0014675377964606,-0.0004779336358235,0.0018687639956149,-1.7851992610812206,0.0020662812054661,0.0001106415480653,1
2025-12-01 17:00:00+00:00,0.0052000539272679,0.0275709956251187,0.0019110411325406,-1.371562539788404,0.0020600588972704,0.0001086481734567,1
2025-12-01 18:00:00+00:00,0.0026523380126056,0.0060181691321623,0.0019174842113301,-1.2882124614175996,0.0020538252936038,0.0001058374191813,1
2025-12-01 19:00:00+00:00,-0.0017100810293871,0.028846460766479,0.0019769802653798,-0.7033786574159749,0.0020488308001884,0.0001021505757262,1
2025-12-01 20:00:00+00:00,0.0051065956073625,0.0199641005637,0.002006572548859,-0.3861685649822517,0.0020444505084033,9.808659476488552e-05,1
2025-12-02 14:00:00+00:00,0.0422443619711235,0.0541346976342933,0.0020305737785622,-0.1085451477099573,0.0020408163615244,9.436242133634204e-05,0
2025-12-02 15:00:00+00:00,0.0198919608558236,-0.0174401392095481,0.0019561657408104,-0.871440373485995,0.0020365437584253,9.22358202126761e-05,1
2025-12-02 16:00:00+00:00,-0.0005047923805955,0.0377132633955904,0.0020323735741494,-0.0125258637658686,0.0020334907759892,8.919160072805712e-05,0
2025-12-02 17:00:00+00:00,0.0065241509782887,-0.003810805450102,0.0020114772491154,-0.2171640728662257,0.0020301946885277,8.619031299812045e-05,0
2025-12-02 18:00:00+00:00,0.0039872856273973,0.0130364918993293,0.0020297621287014,0.0261787111550789,0.0020275712156433,8.36906387447436e-05,0
2025-12-02 19:00:00+00:00,0.0009647117644528,-0.0163018399026745,0.0019950159724315,-0.3619034321689136,0.0020243829328822,8.114584676560056e-05,0
2025-12-02 20:00:00+00:00,-0.0098883088409293,-0.0120376412380988,0.0019907326247869,-0.3873721009133011,0.0020210214395073,7.819049087161547e-05,1
2025-12-03 14:00:00+00:00,0.0176045506289866,-0.0016559703084212,0.0019527569668352,-0.8579928502642986,0.0020166950340463,7.452051283576655e-05,1
2025-12-03 15:00:00+00:00,-0.002941769506407,0.0097883067088615,0.0019777746122678,-0.4965775655132194,0.0020137062922881,7.235864548815044e-05,1
2025-12-03 16:00:00+00:00,-0.0013000005723052,0.0006565478400699,0.0019816480120569,-0.4164318748605693,0.0020108169416555,7.004490136193208e-05,1
2025-12-03 17:00:00+00:00,0.0080471057441837,0.016919198970622,0.0019993076008831,-0.1299646860767794,0.0020080094769518,6.695569643883084e-05,1
2025-12-03 18:00:00+00:00,-0.0047963854684939,-5.374401970866176e-05,0.0020088121204289,0.0424945550115236,0.0020060449312337,6.511867683858723e-05,1
2025-12-03 19:00:00+00:00,0.0047785794639057,0.0096595447514745,0.0020186410304288,0.2411325445829161,0.0020037000193394,6.196181902844053e-05,0
2025-12-03 20:00:00+00:00,-0.0010966880702588,0.0032169101950536,0.002027367444467,0.4185261777693221,0.0020021781247658,6.01857686308624e-05,0
2025-12-04 14:00:00+00:00,-0.0107627173143596,-0.0004300635552427,0.0020484241286863,0.8149239070179491,0.002000900340431,5.831684142045122e-05,0
2025-12-04 15:00:00+00:00,0.0117728065681963,0.0033456110182005,0.0020312341911992,0.5346651603773326,0.0020003170405911,5.782525756168858e-05,0
2025-12-04 16:00:00+00:00,-0.0056977835185995,-0.0034996783952242,0.0020357039682018,0.6665095264985595,0.0019987393776134,5.54599583633144e-05,1
2025-12-04 17:00:00+00:00,-0.0005816351920499,-0.0045252072262521,0.0020276918315654,0.5766957989423108,0.0019971031527488,5.304127214514679e-05,0
2025-12-04 18:00:00+00:00,-0.003839425870481,-0.0211931032709503,0.0019928074829666,-0.0449742781309694,0.0019950918986392,5.079382632900553e-05,1
2025-12-04 19:00:00+00:00,-0.000458904873646,0.0136410272699343,0.0020211049606972,0.5572615298653965,0.001993781354474,4.903192622986723e-05,0
2025-12-04 20:00:00+00:00,0.0054240289278008,0.0005912263221916,0.0020113609238453,0.3961396708449418,0.0019925240398574,4.755111738172412e-05,0
2025-12-05 14:00:00+00:00,-0.0247188144902045,-0.0071492696677147,0.0020470118882764,1.2328152954557816,0.0019913290060821,4.5167254494348416e-05,0
2025-12-05 15:00:00+00:00,0.0005526147656584,-0.0371371442061457,0.0019712963171398,-0.423516984372514,0.0019903229565854,4.492532802131751e-05,1
2025-12-05 16:00:00+00:00,-0.0160877526921429,0.0017524970197638,0.0020067803162636,0.3978522880865964,0.0019893298090575,4.386177415265899e-05,0
2025-12-05 17:00:00+00:00,0.005525702392051,0.0090695342942902,0.0020139046245887,0.5943512740111518,0.0019884577273749,4.2814575027510986e-05,1
2025-12-05 18:00:00+00:00,-0.0041178212942601,-0.0043040235581352,0.0020135296658986,0.5862808396390805,0.0019884360647376,4.280133250885935e-05,1
2025-12-05 19:00:00+00:00,0.0080723994595455,0.0009809711378922,0.0019993013736829,0.2803263398977044,0.0019875352962841,4.197278572924373e-05,1
2025-12-05 20:00:00+00:00,-0.0043454055649698,-0.0022204960071535,0.002003554225143,0.3938476236186384,0.0019871324966984,4.169563927706851e-05,1
2025-12-08 14:00:00+00:00,0.0167619520226591,-0.0021084779954014,0.0019661007879851,-0.485526043537147,0.0019863032157729,4.160935969699063e-05,1
2025-12-08 15:00:00+00:00,-0.0087534685006818,0.0259239076641562,0.0020354759265303,1.151693367383383,0.0019870086456593,4.208349396075127e-05,0
2025-12-08 16:00:00+00:00,-0.0009582116339308,-0.0016040489379228,0.0020341617646586,1.098252165761432,0.0019875180194898,4.247088840147867e-05,0
2025-12-08 17:00:00+00:00,0.0034912236800792,-0.0014769421485496,0.0020240807744405,0.8480945575192175,0.0019878756150889,4.2690003173166834e-05,1
2025-12-08 18:00:00+00:00,-0.0057989494793134,-0.0040852202879038,0.0020275524746768,0.905557870577658,0.0019886229806262,4.298951543070661e-05,1
2025-12-08 19:00:00+00:00,0.0037696717385473,0.008262754345848,0.0020366829320254,1.0945605612601146,0.0019891816852724,4.339755006189816e-05,1
2025-12-08 20:00:00+00:00,0.0070422111282912,0.0006809484331657,0.0020237681774916,0.7906911263136445,0.0019893585770278,4.351838451031368e-05,1
2025-12-09 14:00:00+00:00,-0.0054482050425513,-0.0005447549024473,0.0020337159932223,1.0031605570196869,0.0019897592520562,4.381825108508622e-05,0
2025-12-09 15:00:00+00:00,0.0271189170260554,0.0509335968462599,0.0020827295936078,2.011514862795865,0.0019913463342114,4.543006919139542e-05,0
2025-12-09 16:00:00+00:00,0.0167226111947439,0.0093287501190739,0.0020673869708424,1.608257784132823,0.0019926392311185,4.647746179833516e-05,0
2025-12-09 17:00:00+00:00,-0.0047363276537483,-0.0082677874750044,0.002060098953065,1.4092499566172945,0.0019935110039164,4.725063061807309e-05,0
2025-12-09 18:00:00+00:00,0.0015273236627024,0.0003361775086768,0.0020576465350043,1.3107170337165368,0.0019948320403292,4.7923764671777214e-05,0
2025-12-09 19:00:00+00:00,-0.0018194945305331,-0.0169482324972682,0.002026751232487,0.6402682973872664,0.001996592816741,4.710277842760099e-05,0
2025-12-09 20:00:00+00:00,-0.0076225330095273,-0.0060665070480291,0.0020299073648974,0.6820152179831332,0.0019979298741264,4.6886770159753854e-05,0
2025-12-10 14:00:00+00:00,-0.0142280211682255,-0.0101577900276092,0.0020381863944188,0.8319049320122148,0.0019990666982721,4.70242387576671e-05,0
2025-12-10 15:00:00+00:00,0.0024483999303154,0.0005343389545945,0.0020342889125788,0.7260124811069625,0.002000080211079,4.711861350880829e-05,0
2025-12-10 16:00:00+00:00,0.0017504370805321,-0.0094201775190285,0.0020116911058312,0.2352597887205365,0.0020006192138943,4.706240704006995e-05,0
2025-12-10 17:00:00+00:00,0.0024002735100353,0.0063168170415292,0.0020195854307616,0.3906151809628069,0.0020011953640184,4.7079754293955205e-05,0
2025-12-10 18:00:00+00:00,-0.0002406732164061,-0.0027369131484318,0.0020145503479651,0.2787850800339952,0.0020014164150453,4.7111319293970166e-05,0
2025-12-10 19:00:00+00:00,0.0065398595217617,0.0080693791968018,0.0020176340000108,0.3340403774458421,0.0020018909499001,4.7129183097833616e-05,0
2025-12-10 20:00:00+00:00,-0.0048611748475885,-0.0165961543885424,0.0019940954883985,-0.172816165708267,0.0020022184274233,4.7003351749299566e-05,0
2025-12-11 14:00:00+00:00,-0.0322068454545086,-0.0452613222874815,0.0019682327943039,-0.7308498279335611,0.0020024412187485,4.680636587312879e-05,1
2025-12-11 15:00:00+00:00,0.0025610177805023,-0.0236550437518514,0.0019173039756184,-1.7375924310587354,0.0020007477950196,4.8022665102385264e-05,1
2025-12-11 16:00:00+00:00,-0.0018131441516227,0.0130515148175254,0.0019460169207302,-1.142860813301769,0.0020008119935651,4.7945534746755634e-05,0
2025-12-11 17:00:00+00:00,0.003696885352354,0.0153555891358868,0.0019688377275871,-0.6823506059940072,0.002001257920867,4.751251482021511e-05,1
2025-12-11 18:00:00+00:00,0.0073000219048821,0.0141501072071459,0.0019823707321671,-0.4823457363659226,0.0020033787632142,4.355388565345084e-05,1
2025-12-11 19:00:00+00:00,0.001993577925288,0.009111934882218,0.0019965322984031,-0.2267788378980268,0.0020055390419586,3.971597896419865e-05,1
2025-12-11 20:00:00+00:00,0.0107182464785622,0.0108314047770859,0.001996758235384,-0.3078395527410949,0.002007672279288,3.545367645862863e-05,0
2025-12-12 14:00:00+00:00,0.0084074253592754,-0.0167211892478437,0.0019472076434424,-1.7927727742183923,0.0020082750544697,3.4063107107349874e-05,1
2025-12-12 15:00:00+00:00,-0.0303850330279135,-0.0022489010270844,0.0020027725600676,-0.2168996800760619,0.0020096965269487,3.192243934456528e-05,0
2025-12-12 16:00:00+00:00,0.0018310221547258,-0.0025326083825491,0.0019940522405288,-0.5024673111311067,0.0020099810598678,3.170120520522354e-05,0
2025-12-12 17:00:00+00:00,0.0008179659973071,0.0137543892040714,0.0020200157194003,0.3092467389511174,0.0020102051127102,3.172420418534743e-05,0
2025-12-12 18:00:00+00:00,0.0033053967512311,-0.0080857939324133,0.001997135896773,-0.3952719659135427,0.0020096478146804,3.165394712083932e-05,0
2025-12-12 19:00:00+00:00,-0.0020444802819101,-0.0116216708218953,0.0019781002452857,-1.0245505588896426,0.002010013389755,3.114843302981717e-05,0
2025-12-12 20:00:00+00:00,0.0004776301321049,-0.010851154281199,0.001955817232104,-1.665279222000017,0.0020087374507209,3.1778585787729704e-05,0
2025-12-15 14:00:00+00:00,-0.0232812257761282,-0.0664901315164985,0.0018731082595785,-3.674991024296181,0.0020064313008953,3.6278467194981534e-05,0
2025-12-15 15:00:00+00:00,-0.0134845303394471,0.0082048298325388,0.0019141785635287,-2.374236651529229,0.0020045049081424,3.804437293794208e-05,0
2025-12-15 16:00:00+00:00,-0.0072957261757713,-0.0123931418937416,0.0019044460261005,-2.4536172478760045,0.0020029954090369,4.016493730703614e-05,1
2025-12-15 17:00:00+00:00,-0.0071167082010246,-0.0152617975792314,0.0018889971446716,-2.626638557139678,0.0020012998177016,4.275528230740612e-05,1
2025-12-15 18:00:00+00:00,0.0059986585019973,0.0141054894727658,0.0019043731664222,-2.1785688239815517,0.0020004934210281,4.4120825354593485e-05,0
2025-12-15 19:00:00+00:00,-0.0002867995433584,-0.0142290489063536,0.0018780061556892,-2.5822276210444643,0.0019988306134184,4.679078511303723e-05,0
2025-12-15 20:00:00+00:00,-0.0036115527831888,0.0009260884178426,0.0018865472373238,-2.261739409899857,0.0019972456005062,4.894390693192865e-05,0
2025-12-16 14:00:00+00:00,0.0152891609742155,0.0383350516579562,0.0019305292545034,-1.3194637315624187,0.0019960992947332,4.969446197068889e-05,0
2025-12-16 15:00:00+00:00,0.0075413582070211,-0.004150628372816,0.0019080889737349,-1.6946606865092866,0.0019944205756216,5.094329653952704e-05,0
2025-12-16 16:00:00+00:00,-0.0028474604383442,-0.0207292674764064,0.0018742721489609,-2.215620691061885,0.0019920144275972,5.314189342575677e-05,1
2025-12-16 17:00:00+00:00,-0.0055281159781439,-0.0012490022273845,0.0018823095569133,-1.958488112311175,0.001989596796138,5.478064357410604e-05,0
2025-12-16 18:00:00+00:00,0.0067199736366581,0.0083779319112744,0.0018854329361193,-1.81658906256925,0.0019868802762618,5.584495813216049e-05,1
2025-12-16 19:00:00+00:00,-0.0013401372609739,0.0083382400845783,0.0019037694582921,-1.4321431029742646,0.0019847558640467,5.6549101543302375e-05,0
2025-12-16 20:00:00+00:00,0.0004988738445653,0.00409841316237,0.0019106344993896,-1.265069855974333,0.0019826713728998,5.694300055453698e-05,0
2025-12-17 14:00:00+00:00,0.0202714550139455,0.0153297356964408,0.0019012159710042,-1.3779069407085192,0.0019805634418905,5.75855078031995e-05,0
2025-12-17 15:00:00+00:00,-0.0243259866206333,-0.0360223733273893,0.0018791081566061,-1.6866492027854325,0.0019786684531178,5.902845496697985e-05,0
2025-12-17 16:00:00+00:00,-0.0045073702920903,0.0055317829589015,0.0018980678216202,-1.3165624621924603,0.0019766178341332,5.966295923566126e-05,0
2025-12-17 17:00:00+00:00,-0.0056182984449476,-0.005044234475111,0.0018991577467824,-1.253349051252995,0.0019747477811822,6.031044131259576e-05,0
2025-12-17 18:00:00+00:00,-0.0077604046894503,-0.0072190919410155,0.0019001860633773,-1.195784795750043,0.0019723006841005,6.030735712603968e-05,0
2025-12-17 19:00:00+00:00,0.0025893492543623,-0.0022695349715826,0.0018909756735171,-1.3066530939460552,0.0019709620067068,6.121466635657577e-05,0
2025-12-17 20:00:00+00:00,-0.0014506618249128,-0.0130319943490102,0.0018692019829921,-1.5936357585008023,0.0019686690344856,6.241517295458963e-05,0
2025-12-18 14:00:00+00:00,0.028106859318279,0.0304401484368242,0.0018735684637895,-1.4650981137504229,0.0019663300984723,6.331428169362616e-05,0
2025-12-18 15:00:00+00:00,0.0022939739427075,-0.0041795593989141,0.0018614790287706,-1.5881240856295027,0.0019637959211868,6.442625821373071e-05,0
2025-12-18 16:00:00+00:00,-0.0065063936247534,-0.0256520391501218,0.001826178812135,-2.021554632745602,0.001960910545161,6.664758441032043e-05,1
2025-12-18 17:00:00+00:00,-0.0186585932129115,0.0061607984621393,0.0018720706067922,-1.285982114557895,0.0019587191515218,6.737927670124326e-05,1
2025-12-18 18:00:00+00:00,-0.0038343451546599,-0.0057965301571209,0.001868400859463,-1.2971848391373528,0.0019570908193798,6.837110428747509e-05,0
2025-12-18 19:00:00+00:00,-0.0167743941419779,-0.0122529189994156,0.0018768679148708,-1.1349446072859002,0.0019544473525188,6.835526346390754e-05,0
2025-12-18 20:00:00+00:00,0.0026325044362287,-0.0029347975278921,0.0018664478571599,-1.2444152467203378,0.0019516521207272,6.846931825357964e-05,1
2025-12-19 14:00:00+00:00,0.0385218381466004,0.0393519236113385,0.0018679978116051,-1.1809145409438713,0.0019490507380132,6.863572561596657e-05,0
2025-12-19 15:00:00+00:00,-0.0025095152178952,0.0106384570779283,0.0018927203646558,-0.7926829942834431,0.0019468035361796,6.822799519327184e-05,0
2025-12-19 16:00:00+00:00,0.0008067648528868,-0.0120978968335197,0.0018684523705883,-1.1121700221640691,0.0019439996934889,6.792785401068949e-05,0
2025-12-19 17:00:00+00:00,-0.0073210222623332,0.0015961994495056,0.0018851882826553,-0.836760468871731,0.001941690028575,6.752439679166754e-05,0
2025-12-19 18:00:00+00:00,-0.0015984450271494,-0.0004406649623879,0.0018873721800598,-0.7768267471135157,0.0019392509650223,6.67829540567027e-05,0
2025-12-19 19:00:00+00:00,0.0074697040177577,-0.0017637680259266,0.0018700253905914,-1.015956019325626,0.001935705894972,6.464896425752505e-05,0
2025-12-19 20:00:00+00:00,0.0010477063877442,0.0017030129910895,0.0018712512321855,-0.974134774462512,0.0019324369659944,6.281033735058703e-05,0
2025-12-22 14:00:00+00:00,0.0243879711188573,0.0217079604702084,0.0018662429730485,-1.0305820384371442,0.0019292060329941,6.109466068431183e-05,0
2025-12-22 15:00:00+00:00,-0.0037935171014856,0.002673224336398,0.0018783505900359,-0.8105281894234716,0.0019262177672446,5.9056770428641096e-05,0
2025-12-22 16:00:00+00:00,-0.0019328286402461,-0.0178675090722618,0.0018486568818215,-1.2774888857280553,0.0019232495280669,5.839005495761033e-05,0
2025-12-22 17:00:00+00:00,-0.003358382278354,0.0041838889258,0.0018626526670448,-1.0107937013065902,0.0019204619497693,5.719196968664903e-05,0
2025-12-22 18:00:00+00:00,-0.0012946542177563,-0.0059671368799103,0.0018539697559254,-1.1388393072446683,0.0019173916724611,5.568996093854748e-05,0
2025-12-22 19:00:00+00:00,-0.0125212970989611,-0.0082015352262376,0.0018619957865801,-0.9731086849297422,0.0019145201203611,5.3975814412569925e-05,0
2025-12-22 20:00:00+00:00,0.0041189822809688,0.0023763279937227,0.0018587537972935,-1.0058118230797353,0.0019119711652188,5.290986514991052e-05,0
2025-12-23 14:00:00+00:00,-0.0199593043581219,-0.0316545365121966,0.0018371418647378,-1.3844793100362218,0.0019089304391185,5.185239957016004e-05,0
2025-12-23 15:00:00+00:00,0.0088476795248016,0.0038969028669858,0.0018280690629159,-1.5246947238955288,0.001905822417701,5.099601485236329e-05,0
2025-12-23 16:00:00+00:00,0.006388508342334,-0.0074206767437949,0.0018029984198506,-1.963498841660696,0.0019022451580316,5.054586031588551e-05,0
2025-12-23 17:00:00+00:00,-0.0069428778149042,-0.0019560062859982,0.0018120121979337,-1.729998843300323,0.0018992104365239,5.040363982200116e-05,0
2025-12-23 18:00:00+00:00,0.0064989092545109,-0.0082446119549734,0.0017854927331865,-2.1420058753740485,0.0018961647688386,5.16674752970848e-05,1
2025-12-23 19:00:00+00:00,-0.0028516347403885,-0.0015933211486821,0.0017877408570864,-1.9882641904342024,0.0018940053835297,5.344587854804385e-05,0
2025-12-23 20:00:00+00:00,-0.000522619290612,0.0069917407475251,0.0018012251851393,-1.6636250342725116,0.0018915921879365,5.431933334469409e-05,0
2025-12-24 14:00:00+00:00,-0.0088127278226149,-0.0073745002966558,0.0018038176205902,-1.5595273444813234,0.0018888418528199,5.451923143933684e-05,1
2025-12-24 15:00:00+00:00,0.0003705832133872,0.0008291921244045,0.0018046450571452,-1.4993892367810344,0.0018858797582362,5.417852756193822e-05,0
2025-12-24 16:00:00+00:00,0.0029129486325835,0.0104015609539465,0.0018182100725335,-1.2234533917249866,0.0018829077211384,5.288117147941421e-05,0
2025-12-26 14:00:00+00:00,0.0024503178188319,-0.0144582944216944,0.001787725118879,-1.7589101343200204,0.0018794238358633,5.213382718938763e-05,1
2025-12-26 15:00:00+00:00,-0.0044797971387582,0.0029722219692631,0.0018010970426591,-1.450360386777085,0.0018769886591836,5.2326040628489566e-05,1
2025-12-26 16:00:00+00:00,-0.0018406854087361,0.0088970383651961,0.0018205409299176,-1.0651311875635698,0.0018739514653478,5.014456064547022e-05,0
2025-12-26 17:00:00+00:00,0.0046743209406306,-0.0052020487835615,0.0018026490932274,-1.4063011053481451,0.0018707614128927,4.843366716155752e-05,0
2025-12-26 18:00:00+00:00,-0.0005582537266569,0.0044730146847172,0.0018117415588041,-1.237463048584177,0.0018672901768828,4.4889112561627753e-05,0
2025-12-26 19:00:00+00:00,0.0025788681453779,0.000537991652812,0.0018080477885926,-1.3299841651807525,0.0018641387084131,4.2174126045270846e-05,0
2025-12-26 20:00:00+00:00,0.0015810058306018,0.0049545118495317,0.0018141575485515,-1.1837068806479238,0.0018614063301342,3.9915947398073735e-05,0
2025-12-29 14:00:00+00:00,-0.0026421558216002,0.0047733940329488,0.0018276605284293,-0.8281560283089905,0.001859270385073,3.816896280792605e-05,0
2025-12-29 15:00:00+00:00,0.0035963895578176,-0.0152477650125427,0.0017935422852692,-1.649134181890396,0.0018579442855012,3.905200737405773e-05,0
2025-12-29 16:00:00+00:00,-0.0011240559386698,-0.0068903334747479,0.0017832299830515,-1.8356716751351123,0.0018557618091599,3.951241776555467e-05,0
2025-12-29 17:00:00+00:00,0.0018153264990684,0.0039595160597267,0.0017870576683404,-1.6701689964325008,0.0018538053365305,3.996461934854442e-05,0
2025-12-29 18:00:00+00:00,-0.0038810226368997,-0.0040280409165588,0.0017867949575084,-1.608070258486135,0.0018521019667445,4.061203724862408e-05,0
2025-12-29 19:00:00+00:00,-0.0013680720898158,0.0064421704727126,0.0018008048988391,-1.222354711233702,0.0018503758289514,4.055363770985648e-05,0
2025-12-29 20:00:00+00:00,-0.0013354214081609,-0.0113873589623734,0.001782793994346,-1.5975575256932917,0.0018487889595957,4.130991478446861e-05,0
2025-12-30 14:00:00+00:00,0.019465723733033,0.0120313085627524,0.0017695891097462,-1.828551723973515,0.0018468396574694,4.224684853614494e-05,0
2025-12-30 15:00:00+00:00,0.0012723663891844,0.0102916770918907,0.0017856217768609,-1.4163490130543368,0.001844424532842,4.151713697622725e-05,0
2025-12-30 16:00:00+00:00,-0.0030970368754578,-0.0068941240672859,0.0017788544714378,-1.527710351881916,0.0018422706244704,4.15105867120264e-05,0
2025-12-30 17:00:00+00:00,-0.0038205776308982,-0.0030362412522413,0.0017802502390161,-1.4375455758063416,0.001840703592638,4.205317357535559e-05,0
2025-12-30 18:00:00+00:00,-0.0010800252804984,0.000465349536386,0.0017830035197807,-1.3236527648649783,0.0018390484920191,4.2341143935997886e-05,0
2025-12-30 19:00:00+00:00,-0.0009661527108836,-0.0088100984056479,0.0017690724457208,-1.588067645272664,0.0018371091505125,4.284244754577391e-05,0
2025-12-30 20:00:00+00:00,-0.0036645642862571,-0.0024395853060692,0.001771240850135,-1.4886335407746611,0.0018349003403765,4.276370812420213e-05,0
2025-12-31 14:00:00+00:00,0.0055954948938728,-0.0128091475947943,0.0017389399505522,-2.147582614891687,0.0018320387645626,4.335051576822153e-05,0
2025-12-31 15:00:00+00:00,-0.0046788494565792,0.0012688562855285,0.0017493134724286,-1.8360839285106496,0.001829507056253,4.367642599508886e-05,0
2025-12-31 16:00:00+00:00,-0.0040236575860751,-0.0031587410847907,0.0017508271370192,-1.7261745295948456,0.0018273690392599,4.434192541273117e-05,0
2025-12-31 17:00:00+00:00,-0.000773798986649,0.005882826715346,0.0017625206143112,-1.4182505831324603,0.0018251099191381,4.41313443274605e-05,1
2025-12-31 18:00:00+00:00,0.0009617803744579,-0.0049373881370019,0.0017521538160114,-1.6012727279153491,0.0018226598536252,4.4031248634088455e-05,1
2025-12-31 19:00:00+00:00,-0.0013665472692666,-0.0049980644572227,0.0017458023789692,-1.6907869086234502,0.0018200867922184,4.393481690115119e-05,0
2025-12-31 20:00:00+00:00,0.0009077284777727,-0.0054509482198548,0.0017347366051873,-1.8682515299133908,0.0018174828077463,4.429071847879756e-05,1
2026-01-02 14:00:00+00:00,0.0229307270434794,0.0145793224368985,0.0017203094452892,-2.0812074615435927,0.0018150012654512,4.54985011882168e-05,1
2026-01-02 15:00:00+00:00,-0.0027439920531786,0.03341083564298,0.0017836449804984,-0.6632792212612924,0.0018135025407297,4.501506948233481e-05,0
2026-01-02 16:00:00+00:00,0.0114287653992489,0.0024763229400715,0.0017677482648307,-0.9831774368214588,0.0018119403613307,4.4948241126064615e-05,0
2026-01-02 17:00:00+00:00,-0.000698596365331,-0.0126968785647055,0.0017466650563598,-1.39973053290072,0.0018106151320678,4.568741926025294e-05,0
2026-01-02 18:00:00+00:00,-0.0056317331064377,-0.0022537885154116,0.0017525751705385,-1.2300099715632442,0.0018086235414635,4.556741182655541e-05,0
2026-01-02 19:00:00+00:00,0.0011399434028508,-0.0009061040095523,0.0017489929845567,-1.266267822305026,0.0018066334102151,4.551993238957434e-05,0
2026-01-02 20:00:00+00:00,-0.0020437239281637,-0.0002385236243619,0.0017521531187031,-1.1617979246199048,0.001804554830279,4.510398104986935e-05,0
2026-01-05 14:00:00+00:00,0.0404040553107246,0.0512836823530502,0.001771319966173,-0.7102625443494645,0.0018029693654292,4.456014118715635e-05,0
2026-01-05 15:00:00+00:00,0.0052363070710365,-0.006793227739897,0.0017501394622017,-1.149724653882786,0.0018010050596058,4.42415470802999e-05,0
2026-01-05 16:00:00+00:00,-0.0017928803003379,-0.0113815296189925,0.0017334381879334,-1.495118886708256,0.0017983503566604,4.341605828413143e-05,0
2026-01-05 17:00:00+00:00,0.0058430356101358,-0.0055592929923905,0.0017137852138648,-1.8729945888194224,0.001795772570715,4.37734082840679e-05,0
2026-01-05 18:00:00+00:00,0.0020559139128263,0.0234239010020125,0.0017507994052187,-1.004509730399628,0.0017935327560911,4.254150017583319e-05,0
2026-01-05 19:00:00+00:00,-0.0024737067541707,-0.000778472264036,0.001753769937919,-0.915165665443151,0.0017913060520554,4.10156494651568e-05,0
2026-01-05 20:00:00+00:00,-0.0008147835337619,-0.003212408601485,0.0017495700919927,-0.9923788498036702,0.0017892984637454,4.003347286224867e-05,0
2026-01-06 14:00:00+00:00,-0.0042438092436761,-0.0116017290009475,0.0017367441396754,-1.2860356909545416,0.0017870566788703,3.912219509049126e-05,0
2026-01-06 15:00:00+00:00,-0.0028798885875342,-0.0285956974000575,0.0016926517253152,-2.311898198420921,0.001784163491408,3.9582956617796406e-05,1
2026-01-06 16:00:00+00:00,-0.009750437064446,0.0006318303488365,0.001710316831414,-1.8338497107961764,0.0017813629287643,3.874150478751006e-05,1
2026-01-06 17:00:00+00:00,-0.0111156053535345,-0.0181964878309741,0.0016982490546082,-2.0575063011416237,0.0017788561316441,3.917707420442023e-05,1
2026-01-06 18:00:00+00:00,0.0048075038839102,0.0022806949606899,0.0016939633206389,-2.098491765449008,0.0017760446425374,3.911443602014532e-05,1
2026-01-06 19:00:00+00:00,0.0006239297767362,0.0165471279490933,0.0017211525293908,-1.3725128621732463,0.0017738310220951,3.8381055767243576e-05,1
2026-01-06 20:00:00+00:00,0.0044835599781769,-0.0011367481326658,0.0017115062547797,-1.5982103103503251,0.0017713228632318,3.742724475291703e-05,1
2026-01-07 14:00:00+00:00,-0.0061392837211736,0.0052311708254801,0.0017310779173423,-1.059589729595898,0.0017691949318993,3.597337110039313e-05,1
2026-01-07 15:00:00+00:00,-0.0068944684166342,0.032195514907875,0.0018000856937589,0.8978168814782371,0.0017685773290496,3.5094422213767136e-05,0
2026-01-07 16:00:00+00:00,-0.000813124063427,0.0051902017416941,0.0018109246971369,1.2297167612620743,0.00176829158962,3.466904645034124e-05,0
2026-01-07 17:00:00+00:00,-5.277528609968615e-05,-0.0230310858223601,0.0017697871527684,0.0596195094166512,0.0017677380685019,3.4369358059415216e-05,1
2026-01-07 18:00:00+00:00,-0.0054360960740481,-0.0020469679506345,0.0017757953637277,0.2555342043734294,0.0017671344545985,3.389334570866794e-05,1
2026-01-07 19:00:00+00:00,0.004834466617127,-0.0037636443625011,0.001760592330457,-0.1811839533274943,0.0017667194478863,3.3817108616996045e-05,1
2026-01-07 20:00:00+00:00,-0.0020031533848827,0.0073585522676932,0.0017771518694521,0.3144956781410915,0.0017665429647591,3.373306989676118e-05,1
2026-01-08 14:00:00+00:00,-0.0113279719256253,0.0098786510122107,0.0018152417100219,1.4244147279137274,0.0017667765735071,3.40245966044817e-05,1
2026-01-08 15:00:00+00:00,0.0080350817749225,0.0113580358998098,0.0018212837080313,1.5751635425955777,0.0017670676749645,3.441930415523042e-05,1
2026-01-08 16:00:00+00:00,0.0007607944590762,0.0090792260993858,0.0018364971201928,1.9548774132976343,0.0017675985426819,3.524444911083272e-05,0
2026-01-08 17:00:00+00:00,0.0058881498719147,0.0165190246780762,0.0018561248362026,2.40903437691085,0.0017682304554098,3.64853161230414e-05,0
2026-01-08 18:00:00+00:00,-0.0029518910021074,-0.0035486558237049,0.0018550174966394,2.248819037964802,0.0017693519950391,3.809355050543627e-05,0
2026-01-08 19:00:00+00:00,-0.0018245812092876,-0.0149380271309046,0.0018308506267992,1.576192331811516,0.0017698478881081,3.870259831865844e-05,0
2026-01-08 20:00:00+00:00,0.0002355864679672,0.003835653411087,0.0018374536902221,1.7202022403236226,0.0017701297674465,3.9137213751628846e-05,0
2026-01-09 14:00:00+00:00,-0.0086765779637486,-0.0496781773597028,0.0017636387560463,-0.1501068670605672,0.0017694795951602,3.8911205251609295e-05,0
2026-01-09 15:00:00+00:00,0.0104211483003112,0.0204866954624328,0.0017814803873775,0.324399765216796,0.0017689752423031,3.854856388724613e-05,0
2026-01-09 16:00:00+00:00,0.0057796370096635,-0.0005207331411221,0.0017702916850148,0.0509260727775902,0.0017683459739101,3.8206580610226645e-05,0
2026-01-09 17:00:00+00:00,-0.0020090171979264,-0.0202619071301484,0.0017382718618873,-0.7597539495861503,0.0017670812124657,3.791931663408655e-05,1
2026-01-09 18:00:00+00:00,-0.0061769343069966,-0.0058743349383972,0.0017387979414468,-0.7196684300252711,0.0017656001693493,3.724246720329504e-05,0
2026-01-09 19:00:00+00:00,-0.0056786664649754,0.0035104574556025,0.001754849608633,-0.2724998668874244,0.0017649552914054,3.70850925094887e-05,0
2026-01-09 20:00:00+00:00,-0.0009007721333182,-0.006810189235519,0.001744510050813,-0.5337106027601681,0.0017643099592014,3.709858542433393e-05,0
2026-01-12 14:00:00+00:00,0.0068287194432809,0.0097401288319398,0.0017495964344333,-0.3805372826880681,0.0017636856053029,3.702441655689014e-05,1
2026-01-12 15:00:00+00:00,0.0081460296028512,0.0164813755165497,0.0017642408743712,0.0252349031846057,0.0017633097039173,3.6900100113452605e-05,1
2026-01-12 16:00:00+00:00,0.0054054268477995,-0.0047166631213986,0.0017464731444953,-0.4349171471079577,0.0017624041746783,3.663003468336467e-05,1
2026-01-12 17:00:00+00:00,-0.0068297276650225,0.0001866001897043,0.0017587700618215,-0.0885111084493997,0.0017620037758029,3.6534555244518325e-05,1
2026-01-12 18:00:00+00:00,0.0022555855941031,-0.002428617763568,0.0017505508903564,-0.3046651616801136,0.0017616864721464,3.655023018902291e-05,1
2026-01-12 19:00:00+00:00,0.0016103583725722,0.0146069355448135,0.0017734505463371,0.3283218437511477,0.0017614836183043,3.644877202234487e-05,1
2026-01-12 20:00:00+00:00,-0.0041171448754308,-0.0030769255044791,0.0017752962837683,0.3808582690176752,0.0017614243151765,3.642291561018523e-05,1
2026-01-13 14:00:00+00:00,0.0115385073431176,0.0155335396964809,0.0017824028358597,0.5746712073957192,0.0017614601917905,3.644282817659165e-05,1
2026-01-13 15:00:00+00:00,0.0089286848253396,0.0143393524806097,0.0017920729625619,0.8333696173125583,0.0017616113491702,3.655234455259545e-05,1
2026-01-13 16:00:00+00:00,0.0016943438020904,0.0050717976036986,0.0017981358389812,0.9781729641130544,0.0017620957390579,3.684430182138802e-05,1
2026-01-13 17:00:00+00:00,-0.0021377334523905,0.010891526580137,0.001821717510663,1.5622861724200898,0.0017629370167334,3.762466503724088e-05,1
2026-01-13 18:00:00+00:00,0.0033829784562358,0.0011767296563741,0.0018177027789684,1.4013616360081709,0.0017642497305403,3.814365047150608e-05,1
2026-01-13 19:00:00+00:00,0.0067855621982988,0.0175304184221733,0.001837339039464,1.825392790207204,0.0017657168233242,3.923660514276514e-05,1
2026-01-13 20:00:00+00:00,0.0025895959457122,-0.0003901255258943,0.0018318724294099,1.616047359942086,0.0017670675781974,4.01008366579288e-05,1
2026-01-14 14:00:00+00:00,0.021179822933807,0.0647101236894178,0.0019133754430452,3.2445654554785106,0.001769581825343,4.4318297681252246e-05,0
2026-01-14 15:00:00+00:00,0.0025901609934193,0.0071533794484541,0.001922126544587,3.0914736062365407,0.0017724147041526,4.84273390309458e-05,0
2026-01-14 16:00:00+00:00,0.0051762744566593,-0.0139217980415385,0.0018857659463213,2.200462172361805,0.0017747474302751,5.04523628902305e-05,0
2026-01-14 17:00:00+00:00,-0.0027873292066935,-0.0227028874391615,0.0018485813696391,1.408884187564014,0.001776644843016,5.105921924464543e-05,0
2026-01-14 18:00:00+00:00,-0.0010932298334733,0.0037317530525811,0.0018575222956729,1.5241492512505128,0.0017789317238557,5.156356685720972e-05,0
2026-01-14 19:00:00+00:00,0.0044285797819367,-0.00411072952089,0.0018417278709692,1.1845618853873938,0.0017798997720302,5.219490826249327e-05,0
2026-01-14 20:00:00+00:00,0.0032776695026366,0.0010762584842228,0.0018376779303687,1.0742990318670902,0.0017810652664558,5.269730515762454e-05,0
2026-01-15 14:00:00+00:00,-0.016172478968649,-0.0456361621386858,0.0017843230455347,0.0500936735550583,0.0017816928996087,5.250455275643896e-05,1
2026-01-15 15:00:00+00:00,0.0043156371458329,0.0185623712369197,0.0018099257660264,0.5196859715707837,0.0017826487428669,5.248751101960801e-05,0
2026-01-15 16:00:00+00:00,0.0037542253608411,0.0102033465349829,0.0018216359161096,0.7190609726231851,0.0017838594583928,5.2535819847183216e-05,0
2026-01-15 17:00:00+00:00,-0.0020577093997041,-0.0054592499657983,0.0018154500743047,0.581367468534292,0.0017849144076528,5.252386537704869e-05,0
2026-01-15 18:00:00+00:00,-0.0083691026056428,-0.0066043487930824,0.0018186567253875,0.6256393420800692,0.0017857033536397,5.267151461128798e-05,0
2026-01-15 19:00:00+00:00,-0.0040007089343794,-0.0100882956686066,0.001807619125093,0.3989202256967063,0.0017866613480212,5.253626094091432e-05,0
2026-01-15 20:00:00+00:00,-0.002808169828398,-0.0091268009690085,0.0017962334554035,0.163695642130208,0.0017877079358124,5.208153057827751e-05,0
2026-01-16 14:00:00+00:00,0.0008388407024591,0.0127909430346331,0.0018178310325958,0.553339495217665,0.0017894420327912,5.130485000613206e-05,0
2026-01-16 15:00:00+00:00,-0.0065085121945919,-0.0038491577347498,0.0018226717233631,0.6253001744075447,0.0017906399047603,5.122630684231576e-05,0
2026-01-16 16:00:00+00:00,0.0020035211442408,-0.0103178083482052,0.0018003517726115,0.1751696086986938,0.0017914162686718,5.101058343433745e-05,0
2026-01-16 17:00:00+00:00,0.0010322015906237,0.0072679526740989,0.0018116133939701,0.377402314227109,0.0017924503237048,5.077623942113007e-05,0
2026-01-16 18:00:00+00:00,0.0009990613802121,-0.0058919296257771,0.0017991724966521,0.1130634537656207,0.0017934907963211,5.025231533066583e-05,0
2026-01-16 19:00:00+00:00,-0.0002503093612195,0.0057180329074731,0.0018099426820183,0.2988191346704427,0.0017954456455995,4.851441804370826e-05,0
2026-01-16 20:00:00+00:00,0.0045693887488812,0.0105330683628711,0.0018207688501061,0.496349708669892,0.0017972865125777,4.731006610505764e-05,0
2026-01-20 14:00:00+00:00,-0.0517942366205738,-0.0790357131078589,0.0017718379196083,-0.5846866280166828,0.001798512993661,4.562285637206864e-05,1
2026-01-20 15:00:00+00:00,-0.001706452428107,0.0134296549520384,0.0017988606421238,-0.0321916195916616,0.0018002612823524,4.350946756873122e-05,0
2026-01-20 16:00:00+00:00,-0.0037017117572495,-0.0012302206670435,0.0018033120086639,0.039794359062319,0.001801630607007,4.225226128821039e-05,0
2026-01-20 17:00:00+00:00,-0.0047128784681927,-0.0096792557240465,0.0017943782834062,-0.212766048792714,0.0018030118074841,4.0577545744841165e-05,0
2026-01-20 18:00:00+00:00,-0.003104400608645,0.000450440827623,0.0018007683648143,-0.0862760224551061,0.0018041733149419,3.946577543520405e-05,0
2026-01-20 19:00:00+00:00,0.0022788276745723,0.0112579103552389,0.0018170104231182,0.317876717523139,0.0018044553937646,3.949653642894069e-05,0
2026-01-20 20:00:00+00:00,-0.0010399956933198,-0.0157873765131014,0.001790410897206,-0.3466523642287573,0.0018041134970991,3.952836128370759e-05,1
2026-01-21 14:00:00+00:00,0.0036243480798882,0.0136967631483058,0.0018085357863731,0.0961578309004239,0.0018047593076592,3.92737510673882e-05,0
2026-01-21 15:00:00+00:00,0.0045428187489696,-0.0114216278461598,0.0017798927567903,-0.6356701588152799,0.0018048275975435,3.922606780796644e-05,1
2026-01-21 16:00:00+00:00,-0.0298360389875896,-0.0204740531434262,0.0017966343325024,-0.2265846396429738,0.0018054282975776,3.881094980272657e-05,0
2026-01-21 17:00:00+00:00,0.0035324188266368,0.0098647414650344,0.0018080472979119,0.0544618071053754,0.0018059432213853,3.86339829408029e-05,1
2026-01-21 18:00:00+00:00,0.0054615281314249,0.0220924574305315,0.0018383682385392,0.8248455157647773,0.0018063286635272,3.884312201449951e-05,0
2026-01-21 19:00:00+00:00,0.0209257209933166,-0.0015399306878813,0.0017975285606723,-0.2165515741174046,0.0018059327444046,3.8809155585694e-05,1
2026-01-21 20:00:00+00:00,-0.0016766843914982,0.0098148626292122,0.0018183040874934,0.3280420639929139,0.0018056295271929,3.863699717712649e-05,0
2026-01-22 14:00:00+00:00,-0.0108671366826072,-0.0259409944436928,0.0017911007748404,-0.3528421210385553,0.0018045457928369,3.810491206929668e-05,1
2026-01-22 15:00:00+00:00,-0.0020009468678012,0.0152010715090235,0.0018221778511735,0.4834921062842954,0.0018039984654125,3.760017076741896e-05,0
2026-01-22 16:00:00+00:00,-0.000413886363222,-0.0001852089606319,0.0018225945897191,0.4993629420040036,0.0018038608647945,3.751524862738352e-05,0
2026-01-22 17:00:00+00:00,0.0060648775735217,0.0035729838526923,0.0018180585317397,0.3892605936863457,0.0018035376121531,3.730385202656205e-05,0
2026-01-22 18:00:00+00:00,-0.0025233517753031,-0.0043755128369471,0.0018146943110205,0.2788432530637699,0.0018043885380693,3.695901850934005e-05,1
2026-01-22 19:00:00+00:00,0.0056724011938038,-0.0008650481645252,0.0018028695329195,-0.0509128670097065,0.0018047450238284,3.683726764927466e-05,1
2026-01-22 20:00:00+00:00,-0.0039761723145443,-0.0058898270893531,0.0017994227620461,-0.1588280861318085,0.0018052305417789,3.656645291266978e-05,1
2026-01-23 14:00:00+00:00,-0.0053186015591523,-0.0054557207326017,0.0017991760435996,-0.1991081581506825,0.0018062456114741,3.550616880861145e-05,1
2026-01-23 15:00:00+00:00,0.0070695523739345,0.0173852291583189,0.0018178318201896,0.2984242616880116,0.0018075628427865,3.441066535615604e-05,0
2026-01-23 16:00:00+00:00,0.0052816667944138,0.0335030999334965,0.0018698644029925,1.7438460592788985,0.0018094797560258,3.462728068536382e-05,0
2026-01-23 17:00:00+00:00,0.0053965523395725,-0.0049141429867028,0.0018506838531587,1.1612985002489813,0.0018112493193982,3.395727605949764e-05,0
2026-01-23 18:00:00+00:00,-0.000340475566396,-0.0144345673056428,0.0018247830977134,0.3719401299330669,0.0018125024304529,3.301786032795364e-05,0
2026-01-23 19:00:00+00:00,-0.0067180631251568,-0.0105663231588063,0.0018177743522354,0.1351370295320662,0.001813394655084,3.240930458932527e-05,1
2026-01-23 20:00:00+00:00,-0.0045678771218369,-0.0011296209035725,0.001824035083036,0.2994166692269944,0.0018146873540596,3.121980149094017e-05,1
2026-01-26 14:00:00+00:00,-0.0149150113444173,-0.0027657311994211,0.0018463309614426,0.9863473089298428,0.0018161467023867,3.060205952066435e-05,0
2026-01-26 15:00:00+00:00,-0.0061557311997093,-0.0129052695720786,0.0018339110412845,0.5561426194343837,0.0018175360382355,2.944389168674618e-05,0
2026-01-26 16:00:00+00:00,-0.0003790113755027,-0.0042039657276936,0.0018269098134898,0.2936146116563204,0.0018184270260213,2.8890890070394117e-05,0
2026-01-26 17:00:00+00:00,0.0005298443488755,0.0106656669973617,0.0018455212089193,0.908514370760818,0.0018195974414405,2.8534240418363733e-05,0
2026-01-26 18:00:00+00:00,0.0076384831969834,0.0014835761701206,0.0018341970826836,0.4876066015390177,0.0018204606788876,2.8171078391192045e-05,0
2026-01-26 19:00:00+00:00,-0.0039142200473384,-0.0024421993015848,0.001836899047027,0.5604154822196397,0.0018212077802953,2.799934553827456e-05,0
2026-01-26 20:00:00+00:00,-0.0048386089960086,-0.0060872320190613,0.0018346068839075,0.4587041170163674,0.0018218156310441,2.7885629077360927e-05,0
2026-01-27 14:00:00+00:00,0.0016887478113783,-0.0145414640209558,0.00180507115944,-0.5887537201174633,0.0018215381918571,2.7969305083661048e-05,1
2026-01-27 15:00:00+00:00,0.0030227844236083,0.0079072376300246,0.001813909512742,-0.2703648192123529,0.0018214749707533,2.798240552635668e-05,0
2026-01-27 16:00:00+00:00,0.0071714025228742,-0.0065346231462578,0.0017892176227781,-1.1150924835172478,0.0018206729471419,2.8208713473323768e-05,1
2026-01-27 17:00:00+00:00,-0.012676503853101,0.0003155861798676,0.0018126149602687,-0.2744729629553104,0.0018203519893228,2.8188674654381902e-05,0
2026-01-27 18:00:00+00:00,0.0092426670463561,0.002583922371797,0.0018005853156693,-0.7010604209768297,0.0018184721538666,2.5513975203964065e-05,0
2026-01-27 19:00:00+00:00,0.000614183298271,0.0146826594469105,0.0018260958335361,0.4267362587509587,0.0018168716420157,2.161567322012661e-05,0
2026-01-27 20:00:00+00:00,0.0106500781056989,0.0021684969072692,0.0018106731502733,-0.2518425548390884,0.0018156200954149,1.964300729387597e-05,0
2026-01-28 14:00:00+00:00,0.0031364464459027,-0.0025406902101366,0.0018004228351103,-0.74764096283404,0.0018148174531728,1.925338334583585e-05,0
2026-01-28 15:00:00+00:00,-0.0015278346699266,-0.0029826389266825,0.0017978054766396,-0.8639638487583093,0.0018138221728556,1.853861853018488e-05,0
2026-01-28 16:00:00+00:00,0.0016744427099299,-0.0038346219066139,0.0017879284815831,-1.3536095553345984,0.0018129255163658,1.8466946161932256e-05,0
2026-01-28 17:00:00+00:00,0.0061043850869632,-0.0028464764826834,0.0017719963905889,-2.105850271352404,0.0018118308240361,1.8916080591813943e-05,0
2026-01-28 18:00:00+00:00,-0.0070893406310123,-0.011150706187078,0.0017648142599839,-2.387838919658208,0.0018115056776103,1.9553838930251085e-05,0
2026-01-28 19:00:00+00:00,-0.0001884236844449,0.0046455158399391,0.0017733659178347,-1.8612573529430525,0.0018108963468071,2.0164019184695515e-05,0
2026-01-28 20:00:00+00:00,-0.0038422469661713,-0.0013567328385352,0.0017777791261507,-1.5752734160946888,0.0018101654003078,2.055914473393769e-05,0
2026-01-29 14:00:00+00:00,-0.0250864194289658,-0.0813137239520894,0.0016805776924148,-4.807182984773768,0.0018079175272763,2.648949192588938e-05,0
2026-01-29 15:00:00+00:00,-0.0246755715801458,-0.0156838028823319,0.0016957572013461,-3.652805467567525,0.0018058692018756,3.014450167332855e-05,1
2026-01-29 16:00:00+00:00,0.0044646753716848,0.0087972325830374,0.0017031201050208,-3.067185435402898,0.001804127551541,3.293163998314842e-05,0
2026-01-29 17:00:00+00:00,-0.0131457288655728,-0.0204137969829984,0.0016907865868035,-3.0971204817461304,0.001802370103731,3.602814859323221e-05,1
2026-01-29 18:00:00+00:00,-0.0069857317514935,-0.0115395767533638,0.0016831045115217,-2.991739214744512,0.0018001246617131,3.911442201070313e-05,1
2026-01-29 19:00:00+00:00,0.0050434126938888,-0.0056411199988319,0.0016652170560622,-3.098392610860909,0.0017975004172581,4.2694189474956586e-05,1
2026-01-29 20:00:00+00:00,0.0006415593286873,0.0253124512770212,0.0017068104090432,-2.013476618368105,0.001795941394532,4.426720661946114e-05,1
2026-01-30 14:00:00+00:00,-0.0127812323838664,-0.0163302852663927,0.0017007635852369,-2.033977027942881,0.0017940938977198,4.588562761561873e-05,1
2026-01-30 15:00:00+00:00,-0.0009639785263621,0.0225942892768379,0.0017413063124031,-1.1172994059187342,0.0017931294613156,4.6382508249770365e-05,1
2026-01-30 16:00:00+00:00,0.0024182812338709,0.0099414169177884,0.0017544557967169,-0.8101614636726838,0.0017922046798939,4.659427147507396e-05,1
2026-01-30 17:00:00+00:00,-0.000775320927821,-0.0133469557819287,0.0017325374822702,-1.2364540440221643,0.0017907341570967,4.706739818416873e-05,1
2026-01-30 18:00:00+00:00,0.0113198265221908,0.0411080123553431,0.0017849229918301,-0.1282583405430113,0.0017909522416337,4.7008637240336793e-05,1
2026-01-30 19:00:00+00:00,0.0043140985745209,-0.0133026784952178,0.0017537537582285,-0.7715198838098206,0.0017902004602354,4.724013310833631e-05,1
2026-01-30 20:00:00+00:00,-0.0059240858016296,0.013116906432314,0.0017874669173406,-0.0523080845669006,0.00178993637538,4.720987319450309e-05,1
2026-02-02 14:00:00+00:00,-0.0733458140553554,-0.0336133451500603,0.0018599171738372,1.4332404298966364,0.0017910286902206,4.8064848143880736e-05,0
2026-02-02 15:00:00+00:00,0.0128629720958889,0.0146564071943367,0.0018632558074935,1.4543023031572204,0.0017920701475986,4.8948323701621287e-05,0
2026-02-02 16:00:00+00:00,-0.0027524333459555,-0.0023865962467052,0.0018639375802946,1.4296443041555853,0.0017928522668848,4.972237723965119e-05,0
2026-02-02 17:00:00+00:00,0.0047338583635993,-0.025934167490908,0.0018076419446277,0.2914617948158122,0.0017931394510085,4.975778601911952e-05,0
2026-02-02 18:00:00+00:00,-0.005179228246964,0.004404994834065,0.0018250500767312,0.6341041145444357,0.0017934146891812,4.98898947735096e-05,0
2026-02-02 19:00:00+00:00,-0.0013748472829892,-0.019654061094489,0.0017919926485117,-0.0325661063701507,0.0017936163540432,4.985875538964954e-05,0
2026-02-02 20:00:00+00:00,-0.0066846394409396,-0.006065208771972,0.0017931030075765,-0.0091158528576164,0.0017935574986277,4.985721669611329e-05,0
2026-02-03 14:00:00+00:00,-0.0092679284021758,-0.0209771929780261,0.0017722295350461,-0.4154908873411543,0.0017929605359133,4.98951998680707e-05,0
2026-02-03 15:00:00+00:00,0.0114351493232245,-0.0115383179707957,0.0017319793907258,-1.1807605562406296,0.0017911873884498,5.014394951715796e-05,1
2026-02-03 16:00:00+00:00,-0.0203261378219887,-0.0193347358935441,0.0017336973298772,-1.113351856922754,0.0017901235346032,5.068137657934882e-05,0
2026-02-03 17:00:00+00:00,-0.0220973376409131,-0.0290636333860024,0.0017216618515681,-1.3030750513884362,0.0017885128306711,5.130247795912864e-05,0
2026-02-03 18:00:00+00:00,-0.0225328409075301,0.0019382104669593,0.0017643124513377,-0.4621737499677413,0.0017880663586127,5.139605457174826e-05,0
2026-02-03 19:00:00+00:00,0.0237754501668199,0.0139865932450036,0.0017471261037701,-0.7711913939202188,0.001786815496156,5.146503539687599e-05,0
2026-02-03 20:00:00+00:00,0.0177536599421211,0.0177258254913127,0.0017470774741513,-0.7471931471999458,0.0017855568775632,5.149860321400535e-05,0
2026-02-04 14:00:00+00:00,-0.0269254755870463,-0.0369152894208611,0.0017297113818683,-1.049356596547876,0.0017840844250653,5.181560146086327e-05,0
2026-02-04 15:00:00+00:00,-0.0024303916104352,-0.0271481509271577,0.0016874808642306,-1.7784114694054305,0.0017819642009522,5.3127939370035095e-05,1
2026-02-04 16:00:00+00:00,-0.0072225988327441,-0.0221229220798089,0.0016625232538662,-2.119892167233354,0.0017796250963013,5.523952786140632e-05,0
2026-02-04 17:00:00+00:00,-0.0144303936045301,0.0138891048447489,0.0017102780834391,-1.214128490598171,0.0017781393516578,5.589298722846205e-05,0
2026-02-04 18:00:00+00:00,0.0125882273942428,0.0134999560505595,0.0017118381040277,-1.1483169151484929,0.0017766837193316,5.647013855536248e-05,0
2026-02-04 19:00:00+00:00,0.0051150197598135,0.015085355040176,0.0017289910721981,-0.8173668145829668,0.0017752030401984,5.65376122150688e-05,0
2026-02-04 20:00:00+00:00,-0.0050104065680585,0.0116121624328857,0.0017579715432416,-0.2784227609843082,0.0017733381592026,5.5191665748496e-05,0
2026-02-05 14:00:00+00:00,-0.0569825160712629,-0.132969247835928,0.0016293381352449,-2.44906099009602,0.001769649063904,5.7291724961751225e-05,0
2026-02-05 15:00:00+00:00,-0.0299991033525567,0.0102928594923899,0.0016963278783863,-1.235858320715795,0.0017675081435819,5.75958133731207e-05,0
2026-02-05 16:00:00+00:00,0.0121647092224975,-0.0077383860778955,0.0016628994708538,-1.7362375798131195,0.0017649268955589,5.876351594469115e-05,1
2026-02-05 17:00:00+00:00,-0.030643618606815,-0.0263867278010509,0.001669993340524,-1.5524314475257417,0.0017623595331837,5.949775934187607e-05,1
2026-02-05 18:00:00+00:00,0.0027569242243131,-0.0018144301309791,0.0016623766317949,-1.619710684445015,0.0017592936276896,5.98359922086285e-05,1
2026-02-05 19:00:00+00:00,-0.0169264297396748,-0.0323903240823069,0.0016368675583458,-1.95103956764653,0.0017560095696406,6.106591238357902e-05,1
2026-02-05 20:00:00+00:00,-0.0247671387308928,0.002996815195176,0.0016829502322885,-1.1572014958529555,0.0017536102432872,6.106111273788774e-05,1
2026-02-06 14:00:00+00:00,0.0704621378131784,0.1575845784291797,0.001836149626063,1.359373731679885,0.0017534540502396,6.083358380123853e-05,1
2026-02-06 15:00:00+00:00,0.0064447569681401,0.0247525547452513,0.0018700750847475,1.8771161046407592,0.0017540520169407,6.180921229112938e-05,1
2026-02-06 16:00:00+00:00,0.0161926823969678,0.0311221261315571,0.0018982037154495,2.247632537463673,0.0017550737614144,6.368031768956892e-05,0
2026-02-06 17:00:00+00:00,0.0150626564803377,-0.0094952722642364,0.0018521555024812,1.510190308306838,0.0017553662383906,6.409077290337711e-05,1
2026-02-06 18:00:00+00:00,-0.0150278194356515,0.0149439192522253,0.0019085080974135,2.267246034142703,0.0017570901873568,6.678494868948337e-05,1
2026-02-06 19:00:00+00:00,0.0141464484405447,0.0033001037627753,0.0018879196174843,1.8915445061858496,0.0017583236891025,6.851328528508962e-05,1
2026-02-06 20:00:00+00:00,-0.0093790776579648,0.0093162587103391,0.0019235469041384,2.274339220954609,0.0017605625104586,7.166230621106431e-05,1
2026-02-09 14:00:00+00:00,-0.0119489039647482,-0.0523871669057215,0.0018473137646102,1.1930803997147654,0.0017611408238642,7.222727048953652e-05,1
2026-02-09 15:00:00+00:00,0.0033993970097013,0.0491177150751123,0.0019337301983458,2.258538929836368,0.0017633599052422,7.543385276779553e-05,1
2026-02-09 16:00:00+00:00,0.0084165006483116,0.0164609419170872,0.0019493487142463,2.334923326259254,0.0017654141199207,7.87754322623793e-05,1
2026-02-09 17:00:00+00:00,0.007345208329296,0.0079665631179442,0.0019505603277866,2.2257563799334386,0.0017677455728792,8.213601297766276e-05,1
2026-02-09 18:00:00+00:00,-0.0037711205234959,-0.0055169213641913,0.0019471580086764,2.0758353714224294,0.0017701911591053,8.525090766220343e-05,1
2026-02-09 19:00:00+00:00,0.0079635264235873,-0.0059699661293562,0.0019202154350273,1.6939273799728345,0.0017722313250785,8.736154317971061e-05,0
2026-02-09 20:00:00+00:00,-0.0017433937707023,0.0166846122547874,0.0019559292330072,1.998678044011644,0.0017750313376022,9.050877200906608e-05,0
2026-02-10 14:00:00+00:00,-0.0339683784072181,-0.0144822445733706,0.0019944164979855,2.2742729855123835,0.0017787383393922,9.483389195901646e-05,0
2026-02-10 15:00:00+00:00,0.0126377931408339,0.008467177203193,0.0019861158741416,2.067590537227429,0.0017824266996281,9.851523831532064e-05,0
2026-02-10 16:00:00+00:00,0.0036835854451152,-0.0055032655680327,0.0019679532797759,1.7981398022722133,0.0017856698223271,0.00010137335107,0
2026-02-10 17:00:00+00:00,0.0035186800597638,-0.0190749514746716,0.0019239885996009,1.320192404791105,0.0017881066468846,0.0001029258706708,1
2026-02-10 18:00:00+00:00,-0.0124680621624357,0.0040007860928334,0.0019559368290763,1.5668918196028756,0.001792695965829,0.0001041813233083,0
2026-02-10 19:00:00+00:00,0.0013507566079993,-0.0106532710375069,0.0019325980691196,1.2956672545133732,0.0017966433136252,0.0001049303013723,0
2026-02-10 20:00:00+00:00,-0.0033382249003181,-0.0024779576591427,0.0019342613352529,1.2657749422729958,0.0018004956674624,0.0001056788717512,0
2026-02-11 14:00:00+00:00,-0.0333846214354398,-0.0487600479868557,0.0019047487081821,0.9541625221984056,0.0018040617028187,0.000105523957419,0
2026-02-11 15:00:00+00:00,0.0001295588370718,0.0154312672054886,0.0019341187502774,1.1917239236211712,0.0018082452734647,0.0001056230174773,0
2026-02-11 16:00:00+00:00,-0.0073586475952508,-0.0127509633385142,0.0019237174400687,1.059106064184851,0.0018125536131981,0.0001049600513392,0
2026-02-11 17:00:00+00:00,0.0079005454403979,-0.0142603860793019,0.0018815549748769,0.6330415890871176,0.0018154660226287,0.0001043990685407,0
2026-02-11 18:00:00+00:00,0.0098473798960448,0.0092882179627815,0.0018805031750502,0.5986949923192783,0.0018184616824589,0.0001036278796169,0
2026-02-11 19:00:00+00:00,0.0048317496243403,-0.0188891893398149,0.0018364207789417,0.1587321177063709,0.0018200469235679,0.0001031540157746,1
2026-02-11 20:00:00+00:00,0.0001509491669112,0.0169885166927099,0.0018676034210379,0.4435397738564318,0.0018219327173065,0.0001029686770461,0
2026-02-12 14:00:00+00:00,0.0022323108929842,0.0006339791757387,0.0018646207555342,0.3952399489376554,0.0018241341051943,0.000102435622838,0
2026-02-12 15:00:00+00:00,-0.0086179503896444,-0.0425630752958415,0.0018023881927625,-0.2153163303735803,0.0018244251918765,0.0001023470866133,1
2026-02-12 16:00:00+00:00,-0.0200380642143278,0.0128132969361572,0.0018625824158679,0.3561777955518268,0.0018262390028371,0.0001020372788102,1
2026-02-12 17:00:00+00:00,-0.0051441505285746,-0.0054009626264782,0.0018621041435858,0.3393849894820835,0.0018274829566079,0.0001020115445611,1
2026-02-12 18:00:00+00:00,0.0020471373262629,0.0004101515474497,0.0018590583991844,0.3096823028000538,0.001827468643697,0.0001020069768332,1
2026-02-12 19:00:00+00:00,0.0030423830018444,0.00727334882291,0.0018669406747916,0.3862650070369686,0.001827530058152,0.0001020299947488,1
2026-02-12 20:00:00+00:00,-0.0064850400024317,-0.0002850013891907,0.0018785517363845,0.4971628353657515,0.0018277736274201,0.0001021357699173,1
2026-02-13 14:00:00+00:00,0.0350775049200963,0.0843471386514785,0.0019734252937647,1.3764351405284294,0.0018305366832391,0.0001038106383064,0
2026-02-13 15:00:00+00:00,0.0129761325729004,-0.0076652083041013,0.0019331086755585,0.9629539756002152,0.0018323376598862,0.0001046478006485,1
